COMPANY,AGE,SEX,LOC,FMIL_SGMT,MAU,구매력,2ND단말기보유점수,구매력점수,블로그활동점수,이사관심점수,공기질민감점수,도서잡지관심점수,인테리어관심점수,렌탈관심점수,홈케어서비스관심점수,계절가전제품관심점수,생활가전제품관심점수,주방용품가전제품관심점수,디지털전자제품관심점수
carrier,,,,,5,,,,,,,,,,,,,,
carrier,,,경기,,10,,,,,,,,,,,,,,
carrier,,,경북,,1,,,,,,,,,,,,,,
carrier,,,광주,,1,,,,,,,,,,,,,,
carrier,,,대구,,2,,,,,,,,,,,,,,
carrier,,,부산,,4,,,,,,,,,,,,,,
carrier,,,서울,,13,,,,,,,,,,,,,,
carrier,,,인천,,1,,,,,,,,,,,,,,
carrier,,,충북,,1,,,,,,,,,,,,,,
carrier,00,FEMALE,,,1,,,,,,,,,,,,,,
carrier,00,MALE,경기,,1,,,,,,,,,,,,,,
carrier,00,MALE,경기,키즈맘_초등생,1,,9.9,,,,,,,,,0,0,0,0
carrier,10,FEMALE,,키즈맘_중학생,1,,,,,0.5,,,,,,0,0,0,0
carrier,10,FEMALE,,,5,,,,,,,,,,,,,,
carrier,10,FEMALE,,중년_자녀동거,1,,,,6.7,1,,,1,,,0,0,0,0
carrier,10,FEMALE,경기,,4,,,,,,,,,,,,,,
carrier,10,FEMALE,경기,키즈맘_중학생,1,,,,,1.4,,,,,,0,0,0,0
carrier,10,FEMALE,경기,중년_자녀동거,1,,,,2.8,0.5,,,,,,37.8,38.4,9.3,15.2
carrier,10,FEMALE,광주,,2,,,,,,,,,,,,,,
carrier,10,FEMALE,광주,키즈맘_중학생,1,,,,,,,,,,,0,0,0,0
carrier,10,FEMALE,대구,,1,,,,,,,,,,,,,,
carrier,10,FEMALE,대구,키즈맘_중학생,1,,,,5.8,,,,,,,0,0,0,0
carrier,10,FEMALE,부산,,2,,,,,,,,,,,,,,
carrier,10,FEMALE,서울,중년_자녀동거,1,10,7.6,10,8,0.3,,,0.9,,,8.7,7.2,2,4.4
carrier,10,FEMALE,서울,,1,,,,,,,,,,,,,,
carrier,10,FEMALE,인천,키즈맘_초등생,1,,7.5,,8,8.2,,,0.5,,,0,0,0,0
carrier,10,FEMALE,인천,,1,,,,,,,,,,,,,,
carrier,10,FEMALE,제주,키즈맘_중학생,1,,,,,,,,,,,0,0,0,0
carrier,10,FEMALE,제주,,1,,,,,,,,,,,,,,
carrier,10,FEMALE,충남,중년_자녀동거,1,7.4,8.6,7.4,6.1,9.3,,0,,,,30.7,37.3,8.3,15.1
carrier,10,FEMALE,충남,,1,,,,,,,,,,,,,,
carrier,10,FEMALE,충북,,1,,,,,,,,,,,,,,
carrier,10,MALE,,키즈맘_중학생,5,,7.5,,7.9,0.8,,,,,,0,0,0,0
carrier,10,MALE,,키즈맘_초등생,1,,7.5,,,0.6,,,,,,0,0,0,0
carrier,10,MALE,,,14,10,7.9,10,9.2,0.1,,,,,,0,0,0,0
carrier,10,MALE,,중년_자녀동거,2,0,8,0,8.1,1.8,,,1.2,,,7.3,13.2,0.6,5.2
carrier,10,MALE,강원,,2,,,,,,,,,,,,,,
carrier,10,MALE,강원,키즈맘_초등생,1,,7.5,,,,,,,,,0,0,0,0
carrier,10,MALE,경기,,4,,,,,,,,,,,,,,
carrier,10,MALE,경기,중년_자녀동거,1,,7.5,,,,,,,,,15.5,16.8,2.1,10.1
carrier,10,MALE,경남,,1,,,,,0.2,,,,,,0,0,0,0
carrier,10,MALE,경북,,1,,,,,,,,,,,,,,
carrier,10,MALE,대구,,2,,,,,,,,,,,0,0,0,0
carrier,10,MALE,대구,중년_자녀동거,1,,7.5,,9.6,0.5,,8,,,,0,0,0,0
carrier,10,MALE,대전,,2,,,,,,,,,,,,,,
carrier,10,MALE,부산,,3,,,,2.4,,,,,,,32.7,33.7,8.7,16.7
carrier,10,MALE,서울,중년_자녀동거,1,,,,6.4,9.4,,,9.7,,,32.4,31.8,7.5,12.2
carrier,10,MALE,서울,,5,,,,,,,,,,,,,,
carrier,10,MALE,세종,키즈맘_중학생,1,,,,5.5,,,,,,,0,0,0,0
carrier,10,MALE,세종,,1,,,,,,,,,,,,,,
carrier,10,MALE,인천,,3,,,,,,,,,,,,,,
carrier,10,MALE,인천,중년_자녀동거,2,5,7.5,5,8.1,,,,,,,27.8,28.5,6.3,12.6
carrier,10,MALE,전남,,2,10,,10,,,,,,,,0,0,0,0
carrier,10,MALE,전남,키즈맘_중학생,1,,,,8,0.8,,,2.9,9.6,,0,0,0,0
carrier,10,MALE,전북,,2,,,,,,,,,,,,,,
carrier,10,MALE,전북,중년_자녀동거,1,,,,,0.4,,,,,,10,14.2,0.6,10.4
carrier,10,MALE,제주,키즈맘_중학생,2,,,,0,0.6,,,1.8,,,0,0,0,0
carrier,10,MALE,제주,,2,,,,,,,,,,,,,,
carrier,20,FEMALE,,키즈맘_미취학,5,10,7.2,10,3.4,4,,,4.4,10,,28.1,28.5,6.5,14.8
carrier,20,FEMALE,,중년_자녀동거,25,9.3,7.8,9.3,7.4,4.9,9.9,2,5.7,4.4,7.8,24.8,25.3,6.7,12.5
carrier,20,FEMALE,,1인가구,8,6.7,7.3,6.7,7.2,6.5,8,9.8,6.5,,,16.7,15.4,3.7,11.2
carrier,20,FEMALE,,2인가구,1,10,6.9,10,8.2,7.3,,8,,,,15.8,15.8,4.5,6.6
carrier,20,FEMALE,,키즈맘_초등생,2,10,7.8,10,9.4,9.7,3.7,0,9.7,,,24.5,23.7,7.2,9.4
carrier,20,FEMALE,,,126,7.8,7.4,7.8,7,6.9,,4,5.9,,7.5,23.7,21,6.8,11
carrier,20,FEMALE,강원,키즈맘_미취학,1,2.8,6.4,2.8,8,9.9,,,9.7,,,20,9.7,7.4,8.3
carrier,20,FEMALE,강원,,9,,,,,,,,,,,,,,
carrier,20,FEMALE,강원,1인가구,2,10,8,10,3.9,9.3,,,5,,,24.1,22.1,7.6,11.1
carrier,20,FEMALE,경기,중년_자녀동거,15,8.6,7.6,8.6,5.9,4.2,,7.4,4.2,,,23.1,22.6,5.8,11.8
carrier,20,FEMALE,경기,1인가구,15,6,7.3,6,6.7,7.9,8,8,8.1,8.6,8.1,25.4,24.5,6.1,13.4
carrier,20,FEMALE,경기,키즈맘_미취학,4,10,7.4,10,5.9,4.8,,,5.3,,,23.7,24.4,6.4,12.1
carrier,20,FEMALE,경기,키즈맘_초등생,1,,,,,1.2,,,,3.2,,34.7,35.2,8.5,16.2
carrier,20,FEMALE,경기,2인가구,3,10,7.6,10,5.3,6.9,,,7.4,,,31,26.3,8.3,12.4
carrier,20,FEMALE,경기,,99,8.3,7.5,8.3,7.7,8,8,8.8,8,0.5,8,22.8,20.8,6,10.9
carrier,20,FEMALE,경남,,14,10,8.5,10,3.5,6.8,,8.3,7.3,,7.8,23.6,14.5,9.3,9.8
carrier,20,FEMALE,경남,키즈맘_미취학,2,10,7.5,10,7.3,5.6,,,8.9,,,39,38.3,9.5,17.6
carrier,20,FEMALE,경남,1인가구,3,0.1,7.5,0.1,8,0.6,,9.5,,0.3,,20.3,20.8,4.1,12.3
carrier,20,FEMALE,경남,중년_자녀동거,1,7.3,6.4,7.3,7.9,3.9,,,4.4,,,9.9,8.7,1.6,8.8
carrier,20,FEMALE,경북,1인가구,1,0,7.7,0,5.2,9.8,,,10,,,39.2,39.3,9.8,19.7
carrier,20,FEMALE,경북,중년_자녀동거,2,10,6.9,10,9.6,9.7,,,9.9,,8.1,22.6,24.7,5.1,13.7
carrier,20,FEMALE,경북,키즈맘_미취학,3,10,6.3,10,4.7,8.4,,8,9,8,,25.9,27.8,5.5,14.3
carrier,20,FEMALE,경북,,17,10,7.4,10,7.8,5.2,,8,7.1,,,30,26.7,9.2,14.4
carrier,20,FEMALE,광주,1인가구,2,,7,,8.5,9,,9.2,8.9,,,15.2,13.7,3.9,8
carrier,20,FEMALE,광주,2인가구,1,,7.4,,8,,,,,,,37.6,39,9.7,18.8
carrier,20,FEMALE,광주,중년_자녀동거,2,10,7.6,10,3.6,5.2,,,6.5,,,23.1,22.8,5.4,14.4
carrier,20,FEMALE,광주,,13,,,,,,,,,,,,,,
carrier,20,FEMALE,광주,키즈맘_미취학,1,10,6.4,10,,9.7,,,10,,,8.3,6.4,1.3,8.6
carrier,20,FEMALE,대구,2인가구,1,10,6.3,10,,0.9,,,7.7,,,17.8,17.7,4.6,9.1
carrier,20,FEMALE,대구,,5,,8,,8,8.8,,0,8.2,,,22.9,22.4,5,14.1
carrier,20,FEMALE,대전,중년_자녀동거,4,7.4,7.3,7.4,7.1,6.4,,,7.4,4.1,,13.6,13.5,3.5,7.6
carrier,20,FEMALE,대전,1인가구,1,,7.9,,,6.9,,,,,,0.3,0.3,0.1,0.2
carrier,20,FEMALE,대전,,15,,,,9.5,6.6,,,4.4,,,13.6,10.9,1.5,11.3
carrier,20,FEMALE,대전,키즈맘_미취학,1,,,,1,9.7,,,10,,,16.9,16.9,4.1,8.7
carrier,20,FEMALE,부산,,12,,7.5,,8.3,9,,,9,,,19.4,14.2,6.7,8.3
carrier,20,FEMALE,부산,2인가구,1,,7.6,,,4.8,,,8.6,,,13,7,5.5,6.9
carrier,20,FEMALE,부산,중년_자녀동거,3,0.1,7.5,0.1,8,1.1,,,4.5,,,23.7,21.9,5.7,12.3
carrier,20,FEMALE,부산,키즈맘_미취학,1,10,7.9,10,7.9,9.7,,,8.1,8.3,,16.9,23.3,4.9,8.7
carrier,20,FEMALE,서울,키즈맘_초등생,1,10,7.4,10,5.2,4,,,3.5,,,38.5,39.7,9.8,16.7
carrier,20,FEMALE,서울,키즈맘_미취학,2,,,,9.2,9.7,,,9.8,1.7,,17,16.9,4.4,8.8
carrier,20,FEMALE,서울,1인가구,7,10,7.3,10,6.6,7.2,8,,7.3,,,21.2,19.6,4.6,12.3
carrier,20,FEMALE,서울,,63,10,7.4,10,7.4,6.5,,,6.8,0.2,7.6,24.4,23.1,6.8,11.6
carrier,20,FEMALE,서울,중년_자녀동거,4,10,8.4,10,9.1,4.8,8,,7.9,10,8.3,27.8,32.4,7.6,12.7
carrier,20,FEMALE,세종,,2,10,6.4,10,9.7,0.8,,,,,,20.4,9.3,9,7.9
carrier,20,FEMALE,울산,,1,,,,,,,,,,,,,,
carrier,20,FEMALE,인천,1인가구,2,,7.5,,6.1,0.8,,,7.3,,,35.1,35.4,8.8,16.3
carrier,20,FEMALE,인천,키즈맘_미취학,5,10,8.2,10,6.6,5.8,8,,5.9,8,,19.5,17.4,4.6,10
carrier,20,FEMALE,인천,2인가구,1,,,,8,0.8,,,3.2,,,9.5,7.4,2.6,7.5
carrier,20,FEMALE,인천,중년_자녀동거,3,0.1,7,0.1,7.8,5.1,,,8.5,,,23.7,21.4,6,12.1
carrier,20,FEMALE,인천,,25,3.9,7.4,3.9,5.9,5.3,,,9.1,,,26.9,27.5,6.3,13.4
carrier,20,FEMALE,전남,중년_자녀동거,2,2.8,7.9,2.8,7,8.3,,,9.9,,,15.9,14.4,5,8.7
carrier,20,FEMALE,전남,키즈맘_미취학,1,10,7.7,10,9.8,2.1,,9.5,1.8,,,37.4,36.9,9.5,18.5
carrier,20,FEMALE,전남,,9,10,7.7,10,6.9,9.5,,,1.9,0.3,,26.4,22.8,7.4,13.7
carrier,20,FEMALE,전북,,17,10,6.3,10,3,6.8,,,9.4,,,28.6,20.2,9.1,11.8
carrier,20,FEMALE,전북,1인가구,1,0,6.4,0,0,8.8,,,8.7,,,16.3,15.7,2.1,11.8
carrier,20,FEMALE,전북,중년_자녀동거,4,,6.8,,8.2,3.1,,,8.5,9.9,,11.2,9.2,3,7.2
carrier,20,FEMALE,제주,,6,10,6.3,10,8.5,6.4,,,9.3,8,,20.3,13.4,7.7,8.8
carrier,20,FEMALE,충남,,18,10,6.3,10,4.2,5.7,8,,8.2,8.3,,19.5,20.1,3.6,13.1
carrier,20,FEMALE,충남,중년_자녀동거,2,,,,5.8,3,,,8.2,,,23.1,22.1,4.9,9.8
carrier,20,FEMALE,충남,1인가구,1,,7.7,,8,1.8,,,,,,14.1,8.4,3.1,10.5
carrier,20,FEMALE,충남,키즈맘_미취학,1,6.8,6.3,6.8,9.2,6.2,,,3,,,19.2,19,6.2,12.6
carrier,20,FEMALE,충북,1인가구,1,,6.4,,9.2,0.8,,,,,,19.6,14.6,6.6,9.5
carrier,20,FEMALE,충북,중년_자녀동거,3,,6.4,,6.5,5.5,8,,10,,,27,23.3,7.4,11.9
carrier,20,FEMALE,충북,키즈맘_초등생,1,10,7.9,10,9.4,9.8,,,9.9,,,35.9,33.8,8.6,17.9
carrier,20,FEMALE,충북,,17,10,7.1,10,8.6,8.8,,,8.1,9.9,,28.8,26.5,7.9,13.4
carrier,20,MALE,,키즈맘_미취학,4,6.7,7.3,6.7,4.8,4.8,,,,,,31.5,31.9,8.1,15.7
carrier,20,MALE,,키즈맘_중학생,1,,7.5,,5.9,0.7,,,,,,29,33.7,8.2,13.2
carrier,20,MALE,,1인가구,25,8,7.3,8,7.2,5.4,,0,6.1,2.8,7.8,25.3,27.2,5.4,12.8
carrier,20,MALE,,중년_자녀동거,28,6.3,7.4,6.3,7.7,4.9,6.4,0.3,4.8,4.2,,27.4,29.1,6.5,12.6
carrier,20,MALE,,2인가구,4,6.7,7,6.7,6.8,5.5,,,6,8,,24.4,31.1,5.2,15
carrier,20,MALE,,키즈맘_초등생,1,0,,0,,1.1,,,7.7,,,35.7,36.1,8.9,16.5
carrier,20,MALE,,,223,8,7.4,8,7.5,4.9,,1.4,5.5,5.5,8.3,27.9,28.5,6.7,13.5
carrier,20,MALE,강원,,12,10,7.9,10,6,3.4,,,0.3,,,29.2,30,7.6,12.9
carrier,20,MALE,강원,중년_자녀동거,3,,7.6,,6.9,0.8,,,2.5,,,29.1,32.9,6.1,14.6
carrier,20,MALE,강원,키즈맘_미취학,1,,,,6.5,10,,,10,10,,27.5,36.6,9.2,11.8
carrier,20,MALE,경기,중년_자녀동거,24,9.6,7.4,9.6,6.4,4.1,7.7,3.7,4.6,,7.7,25.8,29.1,5.9,12.5
carrier,20,MALE,경기,,128,7,7.5,7,7.8,5,9,0,4.6,0.1,8.4,28.4,26.8,7.6,13.3
carrier,20,MALE,경기,키즈맘_중학생,1,,7.8,,8.5,8.2,,10,1.2,,,19.9,34.4,7.9,11.8
carrier,20,MALE,경기,1인가구,15,6.7,7.3,6.7,6.9,5.2,,,6.2,,7.5,24,26.9,5.4,11.7
carrier,20,MALE,경기,키즈맘_미취학,7,10,7.5,10,7,5.6,,,5.4,,,28.9,31.9,6.8,13.9
carrier,20,MALE,경기,키즈맘_초등생,1,10,7.6,10,7.9,0.8,6.4,,7.2,,,36.6,38,8.4,10.8
carrier,20,MALE,경기,2인가구,2,,7.7,,,6.1,,,8.1,,,26.9,24.1,6.3,13.3
carrier,20,MALE,경남,중년_자녀동거,4,5,7.6,5,7,3.3,,,9.9,8.8,,29.2,29.6,7.9,14.7
carrier,20,MALE,경남,1인가구,1,,6.4,,0,9.4,,9,8.6,,,12.2,12.7,2.1,10.4
carrier,20,MALE,경남,,22,10,6.8,10,6.5,1.8,1.9,,,8.1,,28,31.6,7.2,12.8
carrier,20,MALE,경북,키즈맘_미취학,1,10,,10,9.6,0.7,,,3.1,,,34.3,35.9,7.7,15.9
carrier,20,MALE,경북,1인가구,2,5,6.4,5,3.8,9.4,,,9.8,0.6,,24.9,26.1,5,14.3
carrier,20,MALE,경북,중년_자녀동거,5,10,7.8,10,7.7,6.7,,,8.7,,,25.2,27.8,6.3,11.3
carrier,20,MALE,경북,,18,,,,4.6,4,,,5.2,,,26.9,27.9,6.2,14
carrier,20,MALE,광주,중년_자녀동거,9,5,7.7,5,6.5,2.9,6.4,,5.5,,,23,27.2,4.5,13.3
carrier,20,MALE,광주,1인가구,1,,,,,9.7,,,4.5,,,25.2,34.9,9,11.7
carrier,20,MALE,광주,2인가구,1,,7.5,,7.8,9.8,,,9,3.6,,36.6,31.5,8.4,12.6
carrier,20,MALE,광주,,18,10,,10,8.7,8.4,,,8.2,,,36.8,37,9.3,17.6
carrier,20,MALE,대구,,7,,7.4,,8.8,0.7,,,,,,34.8,35.8,9.3,16.8
carrier,20,MALE,대구,1인가구,1,10,7.4,10,9.7,8.2,,,0.7,,,32.4,34.3,8.4,13.1
carrier,20,MALE,대구,키즈맘_중학생,1,,7.5,,0.8,1.5,,,3.2,,,35.6,31.7,8.8,11.7
carrier,20,MALE,대전,중년_자녀동거,3,10,7.5,10,8.6,6,,9.4,8.9,9.9,,17.1,16.3,2.3,10.3
carrier,20,MALE,대전,1인가구,6,3.8,7.7,3.8,6.9,4.8,,,5,,,25.4,25.6,6,12.1
carrier,20,MALE,대전,,19,,8,,7.6,5.2,,,9.9,,,27.2,22.6,8.4,9.9
carrier,20,MALE,대전,키즈맘_미취학,1,0,,0,8,0.4,,,,,,21.1,9.9,7.6,9.1
carrier,20,MALE,대전,2인가구,1,,,,7.9,8.3,,,8.1,,,28.7,26.9,7.1,11.8
carrier,20,MALE,부산,1인가구,2,10,7.4,10,8,5.4,,,7,,,26.3,26.7,6.5,12.4
carrier,20,MALE,부산,중년_자녀동거,5,10,7.4,10,8.4,4.1,,0.1,4.4,,,26.4,29.7,6.1,14.3
carrier,20,MALE,부산,,27,8.4,7.5,8.4,8,7.9,,0.1,8.1,0.5,,33.5,34.3,8.4,16.6
carrier,20,MALE,서울,중년_자녀동거,12,5.3,7,5.3,5.6,5,,,6.5,,,21.7,24.8,4.5,11.5
carrier,20,MALE,서울,2인가구,2,10,7.9,10,7.9,5.2,,,7.5,,,23.2,29.8,3.7,14
carrier,20,MALE,서울,키즈맘_중학생,1,,6.4,,9.7,2.3,,,0.6,,,19.2,28.1,2.9,11.1
carrier,20,MALE,서울,1인가구,11,10,7.3,10,7.3,6.1,,0,2.9,,7.7,26,25.1,5.9,12.4
carrier,20,MALE,서울,,77,10,7.4,10,7.7,6.4,4.6,3.2,4.8,,,27.7,27.7,6.9,13.5
carrier,20,MALE,서울,키즈맘_미취학,3,0.2,7.9,0.2,8.5,5.6,,,1.8,8.2,,24.2,21.7,5.6,12
carrier,20,MALE,세종,,1,,,,,,,,,,,,,,
carrier,20,MALE,세종,중년_자녀동거,1,,,,0,9.4,,,9.7,,,24.2,25.1,3.8,11
carrier,20,MALE,울산,,12,6.7,7.2,6.7,4.9,6.8,,,4.7,4,,25.8,25.3,6.6,12.5
carrier,20,MALE,울산,키즈맘_미취학,1,,7.4,,9.2,7.4,,,2.3,,,36.8,37.6,9.1,17
carrier,20,MALE,인천,,35,,8.7,,7,4.5,,,4.8,,,37.7,37.4,9,17.2
carrier,20,MALE,인천,키즈맘_미취학,3,10,7.6,10,5.6,6.2,,,7.4,,,24.4,24,5.9,12.4
carrier,20,MALE,인천,키즈맘_중학생,1,,7.4,,,3.6,,,3.5,,7.7,29.8,36.5,8.8,11.7
carrier,20,MALE,인천,중년_자녀동거,7,10,7.3,10,8.1,4.9,,,5.3,,8.2,27.2,26.4,6.2,13
carrier,20,MALE,인천,1인가구,2,,6.4,,2.7,5.3,,,9.9,,,23.2,24.1,4.7,13
carrier,20,MALE,전남,,14,,7.4,,8.4,4.2,,,2.8,,,29.8,24.2,9.2,13.2
carrier,20,MALE,전남,1인가구,1,10,6.4,10,0,9.6,,,9.9,,,11.3,13.3,1.9,9.4
carrier,20,MALE,전남,중년_자녀동거,2,10,7.5,10,9.2,3.6,,,,,,18.8,19.5,5,9
carrier,20,MALE,전북,2인가구,1,,7.9,,,8.2,,,2.4,,,35.4,38.5,9.4,17
carrier,20,MALE,전북,키즈맘_미취학,1,,6.4,,,5.8,,,1.5,,,14.9,13.6,3,8.9
carrier,20,MALE,전북,1인가구,1,,8.5,,9.8,1.3,,0,0.3,,,32.2,32.6,8.1,14.1
carrier,20,MALE,전북,,18,10,,10,9.3,9.2,,,5.9,,,33,35.7,9.1,15.6
carrier,20,MALE,제주,키즈맘_미취학,1,,6.4,,9.4,9.5,,,9.7,,,10.9,16.2,0.7,6.6
carrier,20,MALE,제주,,4,,,,,,,,,,,,,,
carrier,20,MALE,충남,1인가구,3,,6.4,,8.8,5.2,,,5.9,,,26.3,27.8,7.1,13.4
carrier,20,MALE,충남,키즈맘_미취학,1,10,6.4,10,9.9,3.6,,,3.3,,,17.7,17.7,4.5,9.2
carrier,20,MALE,충남,중년_자녀동거,5,,7,,8.9,4,,,2.1,,,25.7,28.5,5.6,12.3
carrier,20,MALE,충남,2인가구,2,,6.9,,7.9,5.3,,,8.9,,,29,30.9,5.8,13.8
carrier,20,MALE,충남,,26,2.1,7.5,2.1,8,9.4,,,0.8,,,37.3,35.4,9,18.8
carrier,20,MALE,충북,중년_자녀동거,2,,7.4,,8.9,0.6,,,,,,23.3,31.3,4.3,13.6
carrier,20,MALE,충북,1인가구,3,,6.8,,3.3,4,,,9.1,5.7,,28.2,25.3,6.7,12.4
carrier,20,MALE,충북,,16,,9.2,,5,8,,,8.1,,,32.5,35,6.6,14.2
carrier,20,MALE,충북,키즈맘_미취학,1,,,,,0.8,,,,,,36.8,33.4,8.1,15
carrier,30,FEMALE,,2인가구,5,6.7,7.2,6.7,6.8,5.7,,0,7.2,0.1,,25.7,25.3,6.1,12.7
carrier,30,FEMALE,,키즈맘_초등생,6,2.6,6.9,2.6,8.4,5.3,,,5.2,,,15.7,14.7,3.9,8.6
carrier,30,FEMALE,,,236,8.2,7.3,8.2,7.9,5.9,8,4.8,6.9,5.2,8.3,24.6,20.8,7.3,11.2
carrier,30,FEMALE,,중년_자녀동거,17,5.7,7.2,5.7,7.2,5.1,8,6.2,7.2,3.2,,18.7,17.4,4.4,10.6
carrier,30,FEMALE,,1인가구,16,5,7.2,5,7.9,6.7,,0.2,6,2.8,7.4,27.9,27.8,6.4,14.2
carrier,30,FEMALE,,키즈맘_중학생,2,10,,10,4.8,5.3,,,10,,,23.1,26.1,5.5,11.8
carrier,30,FEMALE,,키즈맘_미취학,13,9.2,7.6,9.2,8,6.1,,6,6.1,3.1,7.2,23.4,22.4,5.9,11.7
carrier,30,FEMALE,강원,키즈맘_미취학,4,,8,,7.2,7.6,,,8.3,,,30.4,31.7,7.6,13.6
carrier,30,FEMALE,강원,중년_자녀동거,2,10,7.7,10,6.4,9.7,,,10,2.5,,23.8,27.6,4.4,15.8
carrier,30,FEMALE,강원,,19,,7.2,,3.6,7.8,,,9.1,,,27.5,28.2,6.6,14.6
carrier,30,FEMALE,경기,,180,9.4,7.4,9.4,7.3,6.1,8,9,6.6,,7.3,19.7,17.8,5.5,9.8
carrier,30,FEMALE,경기,중년_자녀동거,25,8.5,7.6,8.5,7,7,8,5.6,6.3,7.8,8.4,22.1,19.3,6.1,11.4
carrier,30,FEMALE,경기,키즈맘_초등생,9,9,7.3,9,6.1,5.7,,,6.5,7.9,,26.6,23.1,6.7,13
carrier,30,FEMALE,경기,키즈맘_미취학,13,10,7.3,10,7.2,7.9,,3.2,5.9,7.7,7.4,27.7,26.9,6.8,13.5
carrier,30,FEMALE,경기,1인가구,14,8.3,7.1,8.3,7,5.9,8,,7.2,3.4,8.1,24.4,22,6.3,12.7
carrier,30,FEMALE,경기,2인가구,3,10,7.5,10,9.8,8.4,,,5.9,,,29,30.3,7,14.5
carrier,30,FEMALE,경기,키즈맘_중학생,1,10,7.6,10,9.5,4.1,,,2.3,9.3,,17.6,17.5,4.4,9.1
carrier,30,FEMALE,경남,중년_자녀동거,2,,7.7,,8.4,4.5,,,7.6,2.5,,28.2,27.9,7.1,13.7
carrier,30,FEMALE,경남,,24,5,6.4,5,7.8,6.5,,,7,,,32.1,32.3,7.7,16.4
carrier,30,FEMALE,경남,키즈맘_미취학,2,,9.7,,7.5,5,,9.4,3.2,,,38.1,38.3,9.2,17.3
carrier,30,FEMALE,경남,1인가구,1,,,,8,9.4,,,8.3,7.7,,15.3,14.3,2.6,9.2
carrier,30,FEMALE,경남,2인가구,2,10,8.8,10,9,9.6,,8,9.7,8,,13.9,13.9,2.7,11
carrier,30,FEMALE,경북,키즈맘_초등생,4,10,7.6,10,8.6,5.2,,,5,,,31.5,32.5,7.8,14.2
carrier,30,FEMALE,경북,1인가구,4,8.5,7.1,8.5,8.3,5.6,,,6.3,,7.4,22.1,18.4,7.3,10.4
carrier,30,FEMALE,경북,키즈맘_미취학,2,10,6.8,10,8,9.3,,8,9.9,,,14.2,7.6,5.6,8.5
carrier,30,FEMALE,경북,중년_자녀동거,2,10,6.9,10,8.2,9.5,,,9.1,,,18.8,19.8,4.1,9.6
carrier,30,FEMALE,경북,,31,10,7.8,10,7.7,7.8,8.4,0,6.1,0.1,8.1,32.9,33,7.8,16.6
carrier,30,FEMALE,광주,2인가구,1,,7.6,,0,1.2,,,,,,18.6,18.5,5.1,9.7
carrier,30,FEMALE,광주,1인가구,1,,7.4,,8,9.7,,,8.1,,,17.4,17.2,4.4,9.1
carrier,30,FEMALE,광주,,16,5,6.9,5,6.5,9,,,7,7.9,,22.5,15.7,7,8.5
carrier,30,FEMALE,광주,키즈맘_미취학,3,0,,0,6.9,5,,,8.2,,,24.7,27.3,6.7,12.9
carrier,30,FEMALE,광주,중년_자녀동거,2,,7.5,,8,1.4,,8,1.2,8.9,,14.8,16.6,2.7,10.7
carrier,30,FEMALE,대구,1인가구,3,,6.4,,3.1,7.5,,9.2,5.5,,,15.1,13.7,3.2,10.6
carrier,30,FEMALE,대구,중년_자녀동거,6,,7.1,,7.4,7.3,,0.4,4,,,21.9,19.3,6.3,11.1
carrier,30,FEMALE,대구,,24,10,7.6,10,7.5,8.4,,4,8,2.1,7.9,25.6,20.7,7.9,10.8
carrier,30,FEMALE,대전,,25,10,6.9,10,7.4,5.1,9,,8,,7.5,25.9,22.4,7.6,12.4
carrier,30,FEMALE,대전,키즈맘_미취학,3,,6.8,,4.9,6.2,8,,5,8.1,,21.8,20.1,5.6,11.5
carrier,30,FEMALE,대전,중년_자녀동거,2,10,8.6,10,8.8,8.2,,0.4,9.3,,,27.4,24.5,8.2,13.9
carrier,30,FEMALE,대전,1인가구,9,10,6.7,10,7.1,7,,0,7.5,7.7,8.2,16.1,14.3,4.1,7.7
carrier,30,FEMALE,부산,키즈맘_중학생,1,,,,8.2,8.7,,,9.1,,,39.4,37.1,9.3,16.8
carrier,30,FEMALE,부산,,39,,9.6,,7.9,7,,8.9,6.8,,,26.2,21.3,7,10.7
carrier,30,FEMALE,부산,키즈맘_초등생,2,,6.4,,4,4.8,,,7,,,16.9,13.9,3.3,9.7
carrier,30,FEMALE,부산,1인가구,1,10,7.5,10,7.1,9.4,,0,9.4,,,38,37.3,9.3,16.7
carrier,30,FEMALE,부산,2인가구,1,10,6.4,10,8,10,,,10,,,10.5,9,3,8.2
carrier,30,FEMALE,부산,중년_자녀동거,5,5.7,7.5,5.7,8.3,6.3,8,,8.1,7.9,,20.4,22.9,4.9,11.4
carrier,30,FEMALE,부산,키즈맘_미취학,6,10,7.1,10,5.8,7.5,,,7,0.2,,25.3,23.5,6.5,12
carrier,30,FEMALE,서울,키즈맘_미취학,15,7.4,7.1,7.4,7.8,5.6,8,,5.7,7.8,8,22.6,21.2,5.7,10.6
carrier,30,FEMALE,서울,1인가구,12,10,7,10,7.7,8.8,10,5.5,8.7,0.2,7.4,22.7,21.7,5.6,12.1
carrier,30,FEMALE,서울,,139,8.2,7.8,8.2,6.9,7.6,4,4.9,7.6,9.8,8.3,24.6,22.9,6.6,11.9
carrier,30,FEMALE,서울,키즈맘_중학생,1,,7.4,,8.4,1,,,8.3,3.1,,31.3,26.5,8.1,12.2
carrier,30,FEMALE,서울,중년_자녀동거,17,6.5,7.3,6.5,7.2,6.6,,5.6,7.4,4.5,8.3,22.1,21.2,5.9,10.9
carrier,30,FEMALE,서울,2인가구,3,10,8,10,7.4,8.7,,0,6.2,,,25.8,27.8,5.8,12.6
carrier,30,FEMALE,서울,키즈맘_초등생,3,10,7.7,10,8.2,5.3,8,,4.1,,,23.8,20.8,6.7,11.8
carrier,30,FEMALE,세종,,4,,6.3,,9.8,9.6,,,5.1,,,27.3,23.1,8.9,11.5
carrier,30,FEMALE,세종,1인가구,1,,6.3,,8,,,,8.5,,,16.8,19.2,1.8,11.1
carrier,30,FEMALE,울산,키즈맘_초등생,1,,7.6,,4.6,9.7,,,9.9,,,34.6,36.7,8,16.9
carrier,30,FEMALE,울산,,10,10,7.2,10,7.5,7.7,,,8.9,,,25.1,22.4,6.7,12.8
carrier,30,FEMALE,울산,중년_자녀동거,2,,6.3,,0,5.4,8,,8.5,,,18.2,9.3,7.6,8.2
carrier,30,FEMALE,인천,키즈맘_초등생,1,,7.4,,9.1,8,,,8.6,,,36.2,34.9,8.9,15.2
carrier,30,FEMALE,인천,1인가구,1,10,,10,6.2,2.5,,,8.2,,,35.1,36.9,9.3,17.4
carrier,30,FEMALE,인천,중년_자녀동거,7,10,7.6,10,8.5,6.5,,8.6,6.4,,,26.1,23.6,5.5,13.1
carrier,30,FEMALE,인천,키즈맘_미취학,6,10,7.2,10,7.9,6.5,10,,3.9,4.6,7.4,22.9,22.3,5.1,11.4
carrier,30,FEMALE,인천,2인가구,2,10,,10,7.3,5.1,,,6.2,,,36.3,37.4,9.3,18.7
carrier,30,FEMALE,인천,,52,10,7.1,10,7.9,4.4,8,0.3,5.2,1.4,,20.9,19.9,5.6,10.7
carrier,30,FEMALE,전남,2인가구,1,10,7.5,10,,9.6,,,9.7,,,17,17,4.4,8.8
carrier,30,FEMALE,전남,키즈맘_미취학,3,10,7.9,10,8.5,8.4,,0,4,,,22.5,21.1,7.1,10
carrier,30,FEMALE,전남,,20,0,7.4,0,8.1,7.6,8,0,9.1,0.1,,37.6,37.2,9.2,18.7
carrier,30,FEMALE,전남,1인가구,1,,,,8,9.3,,,2.7,,,17.9,17.8,4.5,9.3
carrier,30,FEMALE,전남,키즈맘_초등생,2,,7.6,,7.5,2.4,,,3.1,2.5,,37.7,38.1,9.3,18.7
carrier,30,FEMALE,전남,중년_자녀동거,2,0,7.5,0,8.1,9.7,8,,9.7,,,30.5,24.9,6,13.9
carrier,30,FEMALE,전북,1인가구,3,10,7.4,10,6.3,9.8,,,7.6,9.9,,35.8,37.4,9,17.8
carrier,30,FEMALE,전북,중년_자녀동거,4,10,8.2,10,4.5,5.4,,,6,,,25.3,24,7.2,11.6
carrier,30,FEMALE,전북,키즈맘_중학생,1,,7.8,,9.4,8.6,,,8.2,,,28.8,36.6,8.9,10.9
carrier,30,FEMALE,전북,2인가구,1,,,,,0.6,,,2.5,,,38,38.8,9.4,19.2
carrier,30,FEMALE,전북,,28,10,7.4,10,7.3,6.5,8,,9.5,7.7,,30.5,28.2,7.4,14.8
carrier,30,FEMALE,전북,키즈맘_미취학,1,10,,10,8,5.6,,,2.3,,,16.7,10.2,3.7,10
carrier,30,FEMALE,전북,키즈맘_초등생,2,,7.7,,6.2,5.1,,,2,8.4,,27.5,27.5,6.8,13.3
carrier,30,FEMALE,제주,중년_자녀동거,1,,7.8,,6.4,,,,,,,39.1,38.9,9.6,19.3
carrier,30,FEMALE,제주,,8,10,7.7,10,,8.7,,0.4,0.7,0.1,,38.3,38.4,9.4,19
carrier,30,FEMALE,제주,키즈맘_초등생,3,10,6.9,10,8,3.7,,2.2,4.7,,7.2,23.2,19.8,7.1,10.5
carrier,30,FEMALE,제주,1인가구,1,,,,4.7,7,0.9,,8.2,,,38.5,37.5,9.5,17.5
carrier,30,FEMALE,충남,2인가구,1,4,,4,8,9.7,,,9.8,,,14.9,14.6,1.8,12.3
carrier,30,FEMALE,충남,,21,0,7.8,0,7.1,4,8,,2.8,,,35.8,37.8,9,16.9
carrier,30,FEMALE,충남,키즈맘_미취학,3,5.4,8.7,5.4,0,6.7,,8,6.4,7.7,7.3,14.7,9,3.7,7.5
carrier,30,FEMALE,충남,중년_자녀동거,2,6,6.3,6,0,3.7,,1.1,1.1,,,17.5,14.8,5.8,8.8
carrier,30,FEMALE,충남,1인가구,1,,,,,8.4,,,,,,24.7,15.7,8.2,9
carrier,30,FEMALE,충북,키즈맘_미취학,2,10,6.3,10,8.8,9.9,,,9.6,,,29.9,28.8,8.9,15.5
carrier,30,FEMALE,충북,중년_자녀동거,3,10,7.6,10,8.3,8.3,,0,6.6,,,21.3,19,5.5,11.5
carrier,30,FEMALE,충북,,25,10,8,10,6.2,7.9,,4,6.7,9.9,,28.8,26.2,8.2,13.7
carrier,30,FEMALE,충북,2인가구,1,,,,,0.6,,,4.2,,,13.8,17.8,0.3,14.5
carrier,30,FEMALE,충북,1인가구,1,10,7.4,10,8,0.6,,,2,,,36.2,37.6,8.9,16.2
carrier,30,MALE,,,391,7.1,7.2,7.1,7.8,6.4,6.4,2.4,4.6,5.9,7.8,27.5,26.5,7.3,12.6
carrier,30,MALE,,1인가구,43,9.4,7.3,9.4,8,6.8,6.4,4.2,6.3,7.9,7.7,27.1,28.4,6,13.2
carrier,30,MALE,,키즈맘_중학생,1,,,,,1.8,,,0.6,,,31.9,36.8,8.6,16.2
carrier,30,MALE,,키즈맘_미취학,24,8.9,7,8.9,6.7,5.6,,8.9,5.6,8.8,,26.1,25.5,6.1,12.1
carrier,30,MALE,,키즈맘_초등생,2,,7,,9.3,1.7,,,0.3,,,27.9,28.6,5.2,14.7
carrier,30,MALE,,중년_자녀동거,38,8.7,7.4,8.7,8,5.6,6.4,6.1,4.9,8.7,7.4,25.4,27.4,5.9,12.6
carrier,30,MALE,,2인가구,11,6.7,7.3,6.7,8.5,7.2,,8.5,6.4,,,23.4,24.7,5.5,11.5
carrier,30,MALE,강원,,22,10,7.6,10,8,5.4,,,3.7,9.9,8.1,35.4,37.4,9,16.9
carrier,30,MALE,강원,중년_자녀동거,1,,6.9,,,1,,,,,,15.8,24.6,0.4,13
carrier,30,MALE,강원,1인가구,1,,7.4,,9.9,8.3,,,1.1,,,37.3,38.6,9.8,16.9
carrier,30,MALE,강원,키즈맘_미취학,2,,7.4,,7.1,6.1,,,5,,,31.4,26.7,8.4,11.5
carrier,30,MALE,경기,키즈맘_미취학,24,6.4,7,6.4,8,5.8,3,4.2,5.5,,7.4,25.5,26.5,5.4,12.6
carrier,30,MALE,경기,1인가구,40,8.7,7.3,8.7,8,6.7,6.4,0.6,4.4,3.2,7.6,27.3,28.2,6.4,13.4
carrier,30,MALE,경기,중년_자녀동거,34,8.2,7.3,8.2,7.7,5.6,,0,4,4.9,8.4,25.4,26.6,6,12.1
carrier,30,MALE,경기,,337,6.5,7.3,6.5,7.7,6.2,6.4,4.2,5.7,4.7,7.3,27.9,27.4,6.9,13.3
carrier,30,MALE,경기,키즈맘_초등생,6,10,7.1,10,7.1,4.7,,,3.3,,,26.8,24.9,5.6,11.1
carrier,30,MALE,경기,키즈맘_중학생,1,,6.2,,9.2,9.9,,,0.1,,7.2,22.7,27.9,7.2,11.4
carrier,30,MALE,경기,2인가구,8,10,7.3,10,8.5,7.1,,,5.1,0.1,,25.7,27.9,5.1,13
carrier,30,MALE,경남,키즈맘_미취학,2,,6.8,,8.8,5.7,,,5.9,0.3,7.4,24.9,21.7,6.2,12.8
carrier,30,MALE,경남,1인가구,7,,8,,5.2,4.7,6.4,9.8,3.7,,7.2,27.6,30.1,6.7,13.3
carrier,30,MALE,경남,2인가구,2,6.2,7.6,6.2,7.9,5.4,6.4,,5.9,,,33.9,37.5,8.9,16
carrier,30,MALE,경남,중년_자녀동거,12,6.7,6.9,6.7,8.2,6.9,6.4,2.6,5.4,0.2,,28.2,30.2,6.2,14
carrier,30,MALE,경남,키즈맘_초등생,4,10,8,10,5,6.7,,0,4,,,28.9,28.8,8.1,13.5
carrier,30,MALE,경남,키즈맘_중학생,4,,7.3,,7.6,2.6,,,4.1,,,27.5,26.9,6.6,11.4
carrier,30,MALE,경남,,73,7.5,6.9,7.5,8.5,5.3,,0.4,5.9,6.6,,31.1,31.5,7.1,15.6
carrier,30,MALE,경북,1인가구,3,10,6.9,10,8.7,5,,,5.5,,,20,23.8,3.8,13.1
carrier,30,MALE,경북,중년_자녀동거,2,,8.6,,9.7,4.9,,0,2.2,,,27.2,26.3,6.7,13.6
carrier,30,MALE,경북,,33,,6.9,,4.9,6.8,,,2.8,7.7,,23.7,19.5,7.7,11.8
carrier,30,MALE,경북,키즈맘_미취학,1,,7.4,,8,9.8,,,0.3,,,22,26.4,2.1,11.6
carrier,30,MALE,경북,2인가구,1,,6.3,,,0.6,,,,,,12.1,16.5,0.6,10.8
carrier,30,MALE,광주,키즈맘_초등생,1,,,,9.8,2.1,,,,,,21.5,27.5,3.8,10.8
carrier,30,MALE,광주,키즈맘_미취학,5,,7.6,,7.6,7.3,,,2.8,,,28.9,29.1,7.1,14.5
carrier,30,MALE,광주,중년_자녀동거,3,0.4,6.3,0.4,8,5.5,,,4.4,,,15,18.5,1.3,10.6
carrier,30,MALE,광주,,41,10,7.5,10,9.4,4.6,,8.5,5.7,0.2,,25,24.3,6.6,11.6
carrier,30,MALE,광주,1인가구,1,0,6.2,0,8,8,,,,,,17.6,17.6,4.3,9.1
carrier,30,MALE,광주,2인가구,1,,,,4.4,8.9,,,8.1,,,35.6,36.9,9.5,17.2
carrier,30,MALE,대구,2인가구,1,,7.6,,7.7,9.8,,,3.6,9.9,,36.7,36.3,8.8,15
carrier,30,MALE,대구,1인가구,5,10,8,10,7.2,5.8,,0.4,7,6.1,,24.8,27.8,5.9,12.8
carrier,30,MALE,대구,키즈맘_중학생,1,,6.2,,8,4,,,0,,,12.9,12.7,1.6,9.5
carrier,30,MALE,대구,키즈맘_미취학,1,,,,8,0.6,,,8.4,,,15.5,23.7,1,10.4
carrier,30,MALE,대구,,34,5.6,7.1,5.6,7.4,6,,,6.3,3.6,7.2,29,29.7,7.2,13.9
carrier,30,MALE,대구,중년_자녀동거,2,10,7.6,10,9.1,4.8,,,2.7,7.9,,25.7,24.9,7,14.5
carrier,30,MALE,대전,1인가구,9,7,7.9,7,7.7,6.9,6.4,0,8.9,1.9,8.3,28.4,31.6,7.6,13.4
carrier,30,MALE,대전,,40,10,7.2,10,7.5,7.5,6.4,4.3,5,,,26.8,27.9,5.9,13.9
carrier,30,MALE,대전,중년_자녀동거,2,,6.3,,8.7,5.2,,,0.2,,,14.4,22.4,0.8,12.4
carrier,30,MALE,대전,키즈맘_중학생,1,,6.3,,8,1.1,,,1.3,,,27.9,29.8,8.1,12
carrier,30,MALE,대전,키즈맘_초등생,1,,7.7,,9.6,4.6,,,0.6,0.3,,17.4,17.3,4.6,9.1
carrier,30,MALE,대전,키즈맘_미취학,3,1.1,6.9,1.1,5.4,7,,,9,7.7,,20.5,23.3,4,10.4
carrier,30,MALE,부산,키즈맘_중학생,1,,7.4,,,1,,,2.8,,,37.4,37.3,9.4,18.3
carrier,30,MALE,부산,키즈맘_초등생,3,10,7.4,10,7.8,8.6,,,4.6,7.7,,26,27.1,6.6,10.9
carrier,30,MALE,부산,2인가구,2,0.1,8.9,0.1,9.2,5.2,,,6.4,,,32.5,32.6,7.7,14.7
carrier,30,MALE,부산,,79,9.2,7,9.2,8.1,5.5,6.4,5.3,5.6,6.2,,28.4,26.3,7.6,12.8
carrier,30,MALE,부산,중년_자녀동거,5,1.1,7.2,1.1,8,4.6,6.4,0.5,2.1,8,,16.8,17.8,2.5,10.7
carrier,30,MALE,부산,1인가구,6,10,7,10,5.5,3.9,,,1.4,7.7,,23.3,27.3,4.6,13
carrier,30,MALE,부산,키즈맘_미취학,5,10,7.4,10,7.9,4.5,3.9,,3.7,2.9,,20.2,22.7,4.2,10
carrier,30,MALE,서울,키즈맘_초등생,2,,7.1,,8.5,1.1,,,6.5,,,18.6,19.7,3.3,9.5
carrier,30,MALE,서울,키즈맘_미취학,11,,7.5,,7.7,6.8,0,,5,4,,30.6,30.9,7,14.2
carrier,30,MALE,서울,키즈맘_중학생,3,,6.9,,8.5,7.3,6.4,8.9,5.4,,7.2,15.3,17.5,3.3,9.1
carrier,30,MALE,서울,중년_자녀동거,29,6.4,7.6,6.4,7.6,6.2,8.1,4,4.4,8.8,7.8,27.2,29.5,6,13.6
carrier,30,MALE,서울,,249,9,7.3,9,8.3,6.7,5.6,3.8,5.1,7.9,7.9,30.5,30.1,7.4,14.4
carrier,30,MALE,서울,1인가구,29,8.6,6.6,8.6,8,6.7,7.3,8.9,4.5,6.5,7.2,25.4,25.9,6,12.9
carrier,30,MALE,서울,2인가구,11,9.7,6.8,9.7,9.3,7.6,6.4,5.4,5.4,7.7,7.3,20.9,21.8,4.6,11.3
carrier,30,MALE,세종,,6,,,,5.5,9.5,,,8.6,,,38.6,38.8,9.6,19.1
carrier,30,MALE,세종,1인가구,1,,,,8.1,8.3,,,,,,37,36.7,9.4,16.5
carrier,30,MALE,울산,중년_자녀동거,2,10,6.8,10,5.7,1.7,,,,,,29.2,28.7,7.7,12.1
carrier,30,MALE,울산,,21,10,6.7,10,8.3,8.6,,0,4.9,7.7,,24.2,21.9,6.1,11
carrier,30,MALE,울산,키즈맘_초등생,1,,8.9,,7.9,9.1,,0.4,1.3,,,29.8,33.2,7.4,16.3
carrier,30,MALE,울산,1인가구,2,,7.4,,9.7,1.6,,,0.5,,,34.1,34.6,8.4,16.3
carrier,30,MALE,인천,,92,6.7,8,6.7,7.9,5.4,,8,4.4,,,33,32.9,8.2,15.4
carrier,30,MALE,인천,중년_자녀동거,8,7.4,7.3,7.4,8.2,1.9,6.4,0.3,6.6,6.2,,29,29,7,12.8
carrier,30,MALE,인천,키즈맘_초등생,2,10,6.8,10,7.2,9.2,,,5.2,,,16.7,17.4,4.3,8.4
carrier,30,MALE,인천,1인가구,11,9.3,6.8,9.3,8.8,7.7,,,5.4,0.2,7.2,24.1,25.8,4.9,12.6
carrier,30,MALE,인천,키즈맘_미취학,7,10,7.4,10,7.6,7.6,,,6.1,9.8,,26.7,25,6.3,12.5
carrier,30,MALE,인천,2인가구,1,,7.7,,8.7,8.5,,,7.5,,,36.3,35.4,9.2,17.9
carrier,30,MALE,전남,,30,9.6,7.4,9.6,7.6,5.2,6.4,2.3,5.4,2,,31.2,30.1,7,14.9
carrier,30,MALE,전남,키즈맘_미취학,4,8,7.3,8,8.6,5.9,,8,2.7,,,25.6,24.7,5.4,12.1
carrier,30,MALE,전남,1인가구,5,10,7.5,10,8.4,5.5,,,3.9,3.7,,36.1,35.8,9,17.3
carrier,30,MALE,전남,중년_자녀동거,3,10,7.3,10,4.5,3.9,,0.4,1.1,,,25.1,26.6,4.9,13
carrier,30,MALE,전남,키즈맘_초등생,1,,7.4,,7.9,9.7,,,10,,,36.3,37,9,16.4
carrier,30,MALE,전북,키즈맘_미취학,1,,6.7,,9.8,1.2,,,3.8,8.9,,27.8,24.5,9.6,11
carrier,30,MALE,전북,1인가구,4,10,7.4,10,8.2,4.1,,8,3.4,,,23.2,24.7,4.3,11.4
carrier,30,MALE,전북,키즈맘_초등생,1,10,7.3,10,8.4,8.2,,,8.4,,,27.1,24.7,8.4,11.9
carrier,30,MALE,전북,,29,10,7.6,10,5.8,6.6,,0,8.2,3.9,,33.2,30,8.9,14.3
carrier,30,MALE,전북,2인가구,1,10,,10,9.7,,,,,,,38.6,38.9,9.4,18
carrier,30,MALE,전북,중년_자녀동거,6,0,7.1,0,8.9,7.5,6.4,0,4.4,4.2,7.7,26.1,28.3,6,13
carrier,30,MALE,제주,2인가구,1,10,7.5,10,9.5,8.9,,0.3,6.2,0.2,,17.3,17.3,4.4,8.8
carrier,30,MALE,제주,중년_자녀동거,4,4.8,7.6,4.8,7.6,5,,,4,,,25.9,25.5,6.8,11.5
carrier,30,MALE,제주,,16,10,7.5,10,9.7,5.2,6.4,8,4.9,8,,29.2,27.1,7.9,13.8
carrier,30,MALE,충남,키즈맘_초등생,1,,7.4,,5.7,0.6,,,,,,33.4,33.6,7,16.2
carrier,30,MALE,충남,키즈맘_미취학,1,,6.3,,,6.9,,,8.2,7.8,,24.5,15.8,5.5,9.4
carrier,30,MALE,충남,,48,9.3,7.4,9.3,8,5.8,,,2.3,,,29.5,30.1,5.2,15.4
carrier,30,MALE,충남,중년_자녀동거,6,10,6.2,10,8.5,8.8,,,8.2,,,21.9,24.6,3.5,13.7
carrier,30,MALE,충남,1인가구,5,10,7,10,6.6,6.6,,,5.6,9.9,,25.2,28.9,4.9,13.6
carrier,30,MALE,충남,키즈맘_중학생,1,,7.8,,7.9,8.4,,,0.6,,,30.3,33.5,8.3,12.4
carrier,30,MALE,충북,중년_자녀동거,4,10,7.4,10,9.3,6.8,,0,5.2,7.7,7.4,26.3,31.1,4.7,15.6
carrier,30,MALE,충북,1인가구,4,,7.3,,9.6,7.2,6.4,,4,,,18.3,23.7,3,12.1
carrier,30,MALE,충북,키즈맘_미취학,1,,7.7,,,,,,,,,17,17.1,4.4,8.7
carrier,30,MALE,충북,키즈맘_초등생,1,,7.8,,,3,6.4,,1.2,,,37.7,38.2,9.2,18.8
carrier,30,MALE,충북,,33,10,7.6,10,8.3,4.7,6.4,4.3,4.1,,,27.6,25.3,7.4,11.7
carrier,30,MALE,충북,2인가구,1,10,7.3,10,8,1,,,,,,18.1,18,4.8,9.5
carrier,40,FEMALE,,1인가구,9,,7,,7.9,4.1,0.2,0,5.3,,,32.2,32.1,7.9,16
carrier,40,FEMALE,,키즈맘_중학생,5,,7.5,,8,1.6,,,4.8,,,29,27.3,6.8,13.8
carrier,40,FEMALE,,키즈맘_초등생,3,4.9,7.4,4.9,8.7,9.5,10,,6.8,8.7,,25.1,25,6.5,12.4
carrier,40,FEMALE,,2인가구,5,10,6.6,10,7.1,4.6,,,4.3,0.2,,25.4,24.5,6.7,11.8
carrier,40,FEMALE,,,127,7.5,7.6,7.5,7.5,4.4,,3.7,4.2,,,26.3,24.8,7.6,11.7
carrier,40,FEMALE,,중년_자녀동거,17,10,8.1,10,8,4.6,8,5.9,4.1,,,23.7,24.6,5.9,12.7
carrier,40,FEMALE,,키즈맘_미취학,6,10,6.3,10,8.7,6.2,8,8,4.5,,,23.9,22.9,6.5,13.1
carrier,40,FEMALE,강원,중년_자녀동거,3,,7.7,,8.4,2,,,2.1,4.8,,24.9,24.6,6.2,12.1
carrier,40,FEMALE,강원,,15,,7.8,,4,9.5,,,9.6,,,29.5,28.8,6.7,14.1
carrier,40,FEMALE,강원,키즈맘_중학생,2,,,,9.9,0.9,,,1.7,,,15.3,14.3,3.4,9.1
carrier,40,FEMALE,강원,키즈맘_초등생,1,,,,,5.5,,,9.1,,,17.6,8.7,6.8,8.5
carrier,40,FEMALE,경기,1인가구,3,,7.3,,8.9,4.7,,,8.9,0.2,,25.3,26,7.5,12.3
carrier,40,FEMALE,경기,,139,6.7,7.4,6.7,7.4,4.9,8,9.1,3.4,6.9,7.7,24.7,22.9,6.5,11.7
carrier,40,FEMALE,경기,키즈맘_중학생,12,10,6.7,10,7.4,4.7,8,4.3,4.9,8.4,,19.7,21,4.2,12
carrier,40,FEMALE,경기,키즈맘_미취학,6,10,6.9,10,6.5,4.9,8,,3.3,8.9,,25.8,25.2,6.7,13.2
carrier,40,FEMALE,경기,중년_자녀동거,13,6.7,7.6,6.7,8.1,5.2,8,,6.3,5.2,7.7,26,27,5.9,13.5
carrier,40,FEMALE,경기,키즈맘_초등생,20,5.5,7.4,5.5,8,4.7,4.4,8.5,4.8,6.2,,19.3,20.1,4.9,10.4
carrier,40,FEMALE,경남,1인가구,1,,6.3,,8,5,,0.6,2.4,,,18.1,17.9,4.7,9.2
carrier,40,FEMALE,경남,키즈맘_초등생,2,10,8.3,10,8.5,9.8,8,9.2,10,,,23.3,25,5.7,12.6
carrier,40,FEMALE,경남,중년_자녀동거,4,10,8.1,10,3.3,2.1,8,,2.1,,,27.3,26.4,8,13.2
carrier,40,FEMALE,경남,키즈맘_중학생,4,10,7.1,10,5.6,6,8.1,,7.8,7.6,,18.6,21.6,3.4,11.7
carrier,40,FEMALE,경남,,28,,6.9,,8,6.1,,,0.7,1.9,,28.8,28,6.8,14.6
carrier,40,FEMALE,경남,키즈맘_미취학,2,10,,10,7.1,9.6,,,9.8,,,24.5,22.3,7.9,12.3
carrier,40,FEMALE,경북,중년_자녀동거,1,,,,9.5,9.5,,,9.3,,,38.3,39.9,9.9,19.6
carrier,40,FEMALE,경북,키즈맘_중학생,2,10,7.8,10,7.9,9.8,8,,10,10,,37.9,38.4,9.3,17.7
carrier,40,FEMALE,경북,1인가구,1,10,7.3,10,8,4.5,,,0.1,,,14.2,20.2,1.3,15
carrier,40,FEMALE,경북,키즈맘_초등생,5,10,7.1,10,8.4,1.6,10,,7.1,,,20,22.5,4,13.2
carrier,40,FEMALE,경북,,25,10,6.8,10,4.7,3.5,,,2.8,,,30,27.5,6.8,14
carrier,40,FEMALE,광주,중년_자녀동거,2,,7.8,,8.9,9.6,,,5.5,7.6,,28.7,24.2,8.5,12.4
carrier,40,FEMALE,광주,,15,,7.3,,8,4.5,,,2.4,,,21.4,17,6.4,9
carrier,40,FEMALE,광주,키즈맘_초등생,2,,7.3,,8.9,4.5,,0.2,5.8,,,31.7,29,9.6,13.7
carrier,40,FEMALE,광주,키즈맘_중학생,2,,7.6,,6.5,3.1,,,5.7,,,36.7,38.7,8.9,17.3
carrier,40,FEMALE,광주,1인가구,1,,,,8,7.4,,,0.5,,,29.5,25.5,8.9,15.2
carrier,40,FEMALE,대구,중년_자녀동거,1,,7.3,,9.2,9.7,,,9.8,,,17.4,17.2,6.1,8.6
carrier,40,FEMALE,대구,키즈맘_초등생,1,,9.5,,9.2,9.7,,0,9.9,,,38.7,39.8,10,17.2
carrier,40,FEMALE,대구,,9,5,7.4,5,6.9,5.4,,,2.8,4.6,,23.4,23.1,4.9,11.4
carrier,40,FEMALE,대전,중년_자녀동거,2,10,7.6,10,9.3,5.7,8,,2.4,8.7,,29,29.3,6.6,15.2
carrier,40,FEMALE,대전,키즈맘_중학생,3,0,,0,4.8,4,,4,4.9,9.7,,20.9,20.3,5,11.4
carrier,40,FEMALE,대전,,17,,7.3,,5.7,1.4,,,1,8,,28.2,22.4,9.5,12.5
carrier,40,FEMALE,대전,1인가구,1,,,,7.7,1,,,1.3,,,37.6,38.6,9.6,17.4
carrier,40,FEMALE,부산,중년_자녀동거,3,10,7.4,10,7.1,4.8,,,4.3,0.1,,21.5,19,6,10
carrier,40,FEMALE,부산,1인가구,2,10,7.8,10,9.1,9.8,,,9.9,9.9,,19,14.3,6.8,8.9
carrier,40,FEMALE,부산,키즈맘_초등생,2,,7.3,,8,4.7,,,0.2,,,18.2,17.2,4,10.3
carrier,40,FEMALE,부산,,37,10,6.3,10,6.7,6.1,8,,4.3,2.8,,24.4,21.3,6.2,12.1
carrier,40,FEMALE,부산,키즈맘_미취학,1,,,,7.9,0.6,,,5.5,,,17.7,17.6,4.5,9.1
carrier,40,FEMALE,부산,키즈맘_중학생,7,10,7.1,10,3.4,3.9,0,0,5.2,0.1,,22.7,21.1,5.8,11.8
carrier,40,FEMALE,서울,2인가구,3,5,,5,8,3.6,8,,4.5,,,16.1,16.4,2.9,11.9
carrier,40,FEMALE,서울,1인가구,5,10,7.3,10,8.4,7,8,4,5.6,7.7,,22.1,21.3,5.4,12.4
carrier,40,FEMALE,서울,키즈맘_미취학,4,10,7.2,10,6.5,3.4,,,4.3,,7.7,27.3,28.8,6.7,14.3
carrier,40,FEMALE,서울,,104,5.5,7.3,5.5,7.5,5.9,8,,5.9,4.9,7.5,22.8,21.4,6.7,10.2
carrier,40,FEMALE,서울,키즈맘_초등생,4,,6.8,,7.8,1.1,8,,2.6,,,19.5,22,4.1,11.5
carrier,40,FEMALE,서울,중년_자녀동거,17,10,7.1,10,7.6,5.7,8,8.1,4.8,8.1,,25.5,25.7,6.5,12.8
carrier,40,FEMALE,서울,키즈맘_중학생,13,10,7.8,10,7.4,4.3,8,8.5,4,7.7,,19.1,19.6,4.5,11.1
carrier,40,FEMALE,세종,중년_자녀동거,2,3.5,7.4,3.5,8.6,3.8,,4,4.8,,,23.5,22.5,5.5,11.5
carrier,40,FEMALE,세종,키즈맘_초등생,1,,7.4,,9.9,9.6,,,9.1,9.8,,39.2,38.6,9.6,19.4
carrier,40,FEMALE,세종,,7,,,,,1.6,,,0.6,,,33.7,35.4,8.6,18.1
carrier,40,FEMALE,울산,,9,,,,,,,,,,,,,,
carrier,40,FEMALE,울산,중년_자녀동거,3,10,7.3,10,9.6,6.8,,,4.8,8,,14,11.6,4.2,8.2
carrier,40,FEMALE,울산,키즈맘_중학생,2,,,,7.5,0.6,,,4.7,,,19.5,17.3,3.2,10.3
carrier,40,FEMALE,인천,키즈맘_초등생,1,,7.3,,8.2,0.5,,,1.9,,,37.4,38.2,9.4,17.7
carrier,40,FEMALE,인천,2인가구,2,,7.8,,8.7,7.6,,,3.1,1.9,,29.3,29.1,8.3,14.4
carrier,40,FEMALE,인천,,50,,6.2,,5.8,3.9,8,,1.5,,,18.1,10.6,5.8,6
carrier,40,FEMALE,인천,키즈맘_미취학,4,,6.3,,6.5,1.9,8,,4.4,,,25.5,24.6,6.8,11.2
carrier,40,FEMALE,인천,1인가구,3,10,8.1,10,7.1,5.5,8,8,3.6,,,20.7,20.3,6.9,9.6
carrier,40,FEMALE,인천,키즈맘_중학생,5,,6.9,,8,4.5,,,4.8,,,20.3,19.3,5.7,9.4
carrier,40,FEMALE,인천,중년_자녀동거,9,10,7.3,10,8,6.5,8,0,3.5,9.5,,30.7,30.4,7.8,15.2
carrier,40,FEMALE,전남,1인가구,1,,7.8,,7.3,6.5,,,1.3,9.9,,39,38.8,9.7,18.4
carrier,40,FEMALE,전남,,8,,,,,,,,,,,,,,
carrier,40,FEMALE,전남,키즈맘_초등생,1,10,6.3,10,8,9.7,,,1.7,,,19.8,9.3,7.5,7.1
carrier,40,FEMALE,전남,키즈맘_중학생,2,,7.4,,7.7,0.6,,,,,,26.6,28,7.7,13.1
carrier,40,FEMALE,전남,중년_자녀동거,1,,,,0,,,,,,,12.1,16.7,0.3,10.1
carrier,40,FEMALE,전북,1인가구,1,10,,10,,9.6,,,9.7,,,11.6,14.8,0.2,9.9
carrier,40,FEMALE,전북,키즈맘_미취학,1,,,,7.6,0.3,,,4.8,,,39.5,39,9.8,19.6
carrier,40,FEMALE,전북,중년_자녀동거,3,,7.6,,8.2,3.5,,,1.7,9.9,,24.6,24.1,6.6,12.5
carrier,40,FEMALE,전북,,15,10,6.2,10,8.1,9.5,,,8.3,7.6,,10.9,7.7,4.7,5.1
carrier,40,FEMALE,제주,키즈맘_초등생,1,0,6.3,0,9.4,5,,,6.5,7.6,,12.6,15.5,0.8,12.9
carrier,40,FEMALE,제주,,5,,6.8,,5.7,4.3,,,9,,,32.6,25.8,9.3,15.1
carrier,40,FEMALE,충남,키즈맘_중학생,5,,7.1,,8.7,5.7,,,4.4,2.2,,22.9,24.3,5.2,12
carrier,40,FEMALE,충남,1인가구,1,,,,,7,,,,,,32.4,32.7,5.9,17.7
carrier,40,FEMALE,충남,중년_자녀동거,3,10,6.8,10,6.6,5.6,8.6,0,5.6,,,28.2,22.9,7.3,11.9
carrier,40,FEMALE,충남,키즈맘_초등생,3,,7.6,,8.1,4.4,,,6.6,,,29.3,27.9,8.1,13.5
carrier,40,FEMALE,충남,,28,,6.3,,5.5,5.5,,,6.1,,,31.5,27.7,9.5,13.9
carrier,40,FEMALE,충남,키즈맘_미취학,1,,,,0,9.7,0.1,,9.9,,,12,9.4,3.1,6.4
carrier,40,FEMALE,충북,,17,0,7.9,0,6.7,6.4,9.8,,7.3,0.1,,23.6,17.7,6.5,9.1
carrier,40,FEMALE,충북,중년_자녀동거,5,5,8.5,5,8.9,4.5,8,9.4,5.2,7.6,7.5,24.2,23.5,7.6,12.9
carrier,40,FEMALE,충북,1인가구,1,10,7.4,10,9.2,9.4,,0.2,1.3,,,38,38.4,9.8,19.7
carrier,40,MALE,,2인가구,5,10,7.2,10,8.4,8.1,,0.4,4.2,,,31.3,35.2,7.8,15.9
carrier,40,MALE,,키즈맘_초등생,11,6.7,6.8,6.7,9.1,6.2,,,4.1,,,26.2,28.4,6.3,13.9
carrier,40,MALE,,,254,8.1,7.3,8.1,7.5,6.3,6.7,3.1,4.5,5,8.3,27.2,27.2,7.1,12.7
carrier,40,MALE,,1인가구,16,6.7,7.1,6.7,8.5,6.2,,0,4.8,4.6,,28,30.4,6.5,14.9
carrier,40,MALE,,키즈맘_미취학,10,,6.6,,8.5,7.7,,,3.7,2,,22.4,24.3,4.8,11.5
carrier,40,MALE,,중년_자녀동거,23,10,7.5,10,7.6,5.1,6.4,0.1,3.9,3.4,,25.3,27.7,6.1,13.3
carrier,40,MALE,,키즈맘_중학생,8,10,6.6,10,7.5,6.2,10,,3.2,9.8,,29,31.1,5.6,15.2
carrier,40,MALE,강원,키즈맘_초등생,2,0,7.3,0,9.6,9.8,,,4.5,9.8,7.8,35.3,35.8,8.4,16.8
carrier,40,MALE,강원,1인가구,2,,,,10,9.6,,,9,9.9,,19,19.3,5,9.8
carrier,40,MALE,강원,,17,10,6.8,10,4.1,7.2,,,0.2,,,32.1,34.1,7.8,16
carrier,40,MALE,강원,키즈맘_중학생,1,,7.2,,8,0.4,6.4,,2.2,,,25.7,29.6,4.1,14.4
carrier,40,MALE,강원,중년_자녀동거,1,,7.4,,6.6,6.2,,,0.6,,,38.9,38.9,9.5,18.6
carrier,40,MALE,강원,2인가구,1,,7.4,,7.4,0.7,,,1.6,,,17,17,4.3,8.7
carrier,40,MALE,경기,2인가구,6,7.9,7.1,7.9,6.3,4.4,6.4,,4.2,,,30,32.4,7.3,15.2
carrier,40,MALE,경기,키즈맘_초등생,22,6.2,7.2,6.2,7.1,6.7,6.4,1.3,2.9,0,7.6,25.7,29.7,5.3,13.5
carrier,40,MALE,경기,키즈맘_미취학,15,3.3,7.9,3.3,7.6,6.8,6.4,4,3,5.5,7.8,30.5,32,6.7,14.6
carrier,40,MALE,경기,키즈맘_중학생,17,6.7,7,6.7,7.5,5.4,6.4,0,3.6,4.4,,25.3,27,6.5,12.7
carrier,40,MALE,경기,,269,7.3,7.4,7.3,7.7,6.2,5.9,1.5,3.5,5.5,7.8,28.9,29.5,7.2,14.3
carrier,40,MALE,경기,중년_자녀동거,20,8.3,7.2,8.3,8,5.1,6.4,,3.7,7.5,7.8,25.8,29.6,5.7,13.5
carrier,40,MALE,경기,1인가구,24,7.6,7.3,7.6,7.2,5.6,7.4,8,2.5,5.7,8.1,27.3,29.2,6.4,13.5
carrier,40,MALE,경남,,66,,7.1,,8.7,5.1,4.3,,3.8,7.7,,26.1,27.5,6.5,12.1
carrier,40,MALE,경남,키즈맘_초등생,4,,7.8,,6.8,7,10,0,2.8,,,31.7,32.1,7.4,16
carrier,40,MALE,경남,1인가구,5,,7.3,,9.3,5.5,,,3.9,,,26.6,32.1,5.7,13.9
carrier,40,MALE,경남,중년_자녀동거,6,10,7.1,10,4.3,5.3,0.8,,3.8,5.3,,28,33,6,15.5
carrier,40,MALE,경남,키즈맘_중학생,4,10,7.4,10,7.6,3.6,,1.9,1.5,2.6,,29.6,32.3,6.1,13.8
carrier,40,MALE,경남,키즈맘_미취학,1,,,,5.7,0.7,,,0.5,,,37.3,37.7,8.6,17.8
carrier,40,MALE,경북,,43,,7,,9.3,6.8,,8,7.8,5.1,,24.1,23.9,6.2,12.5
carrier,40,MALE,경북,1인가구,4,10,7.9,10,5.3,3.6,,0.1,5.7,,,28.3,30,6.5,14.1
carrier,40,MALE,경북,키즈맘_중학생,6,7.5,8.4,7.5,6.5,3.1,,0,2.3,9.9,,29.2,31.3,6.8,15.8
carrier,40,MALE,경북,키즈맘_미취학,1,,7.7,,8.9,0.7,,,,,,31.9,34.1,9,18.1
carrier,40,MALE,경북,키즈맘_초등생,7,10,6.9,10,7.4,6.1,,,3.4,5.1,,21.8,25.6,4.5,11.9
carrier,40,MALE,경북,2인가구,3,,7.3,,6.6,1.2,,,3.5,0.2,,38.4,38.3,9.6,18.4
carrier,40,MALE,경북,중년_자녀동거,2,,8.1,,,1.8,,9.1,1.8,,,17.7,22.3,2.1,10.5
carrier,40,MALE,광주,중년_자녀동거,2,0,6.9,0,7.7,1.1,,,2.5,,,18.3,19.5,3.3,9.7
carrier,40,MALE,광주,2인가구,2,10,7.9,10,7.2,5.7,,,6.6,7.6,,33.4,30.7,5.6,15.8
carrier,40,MALE,광주,키즈맘_미취학,1,,7.4,,9.9,2.3,,,8,,,33.2,31.8,8,15.6
carrier,40,MALE,광주,1인가구,4,10,6.9,10,5.2,2.1,,0.9,1.5,7.6,,28,33.5,5.2,14.7
carrier,40,MALE,광주,,26,10,7.3,10,9.3,4.8,,,3.6,,,28.4,30.7,8,12.1
carrier,40,MALE,광주,키즈맘_초등생,1,,,,9.4,9.9,,0,9.8,,,19.9,16.4,5.9,5.6
carrier,40,MALE,광주,키즈맘_중학생,1,,6.2,,7.9,1,,,,,,24,34.2,4.8,16.3
carrier,40,MALE,대구,키즈맘_초등생,6,6.1,7.6,6.1,8.4,4.7,,0,4.3,,,28.7,30.1,6.9,15.2
carrier,40,MALE,대구,1인가구,1,0.1,9.2,0.1,10,9.5,,8,,,,39.5,39.4,9.7,19.2
carrier,40,MALE,대구,2인가구,2,,7.3,,9.9,8.5,,,0.8,,,30.5,31.2,8.9,14.6
carrier,40,MALE,대구,,28,10,6.9,10,9,5.9,10,8,3.6,8.4,7.8,27.3,26.8,7.6,11.8
carrier,40,MALE,대구,키즈맘_중학생,2,,9.8,,7.3,1.3,6.4,0,2.7,,,28,32.6,5.3,16.6
carrier,40,MALE,대구,중년_자녀동거,4,,6.5,,6.9,5.1,,,7.1,,,28.1,30.2,5.3,13.9
carrier,40,MALE,대전,,35,10,7.3,10,5.2,6.8,0.6,0,2.7,,7.8,27.4,30.5,5.6,14.5
carrier,40,MALE,대전,키즈맘_초등생,4,10,7,10,8.1,7.7,,,4.8,,,28.2,31.8,6.7,15.5
carrier,40,MALE,대전,2인가구,2,8.6,7.8,8.6,3,5.9,,4,1.5,,,26.4,31.9,5.1,14.3
carrier,40,MALE,대전,중년_자녀동거,1,,6.1,,9.5,9.7,,,1,,,27.8,18.2,7,9.5
carrier,40,MALE,대전,1인가구,1,,6.1,,10,8.5,,,2.7,,,14.2,23.5,1.7,13.2
carrier,40,MALE,대전,키즈맘_미취학,2,10,6.1,10,8.6,9,6.4,,1.9,,8.3,34.6,33.2,9.5,16.5
carrier,40,MALE,부산,키즈맘_초등생,7,0,7,0,8.2,6.2,,,3.2,,,26.4,30.2,4.7,14
carrier,40,MALE,부산,,71,5,7.4,5,7.9,4.5,,,3.6,3.9,7.8,33.2,30.5,8.5,14.5
carrier,40,MALE,부산,키즈맘_중학생,4,,8.1,,8.7,5.9,,0,3,,,32.4,31.6,7.9,15.8
carrier,40,MALE,부산,2인가구,2,,7.2,,9.9,8.6,,,4.7,,,15,18,2.6,8
carrier,40,MALE,부산,중년_자녀동거,12,10,7.4,10,6.7,5.9,,,1.4,2.9,,27,27,6.6,12.3
carrier,40,MALE,부산,1인가구,5,,7.9,,8.3,4.7,6.4,0,4.9,9.9,,29,28.6,6.5,13.6
carrier,40,MALE,서울,2인가구,4,10,7.5,10,8.9,7.7,,0.1,8.2,0.2,8,23.4,23.3,5.8,10.8
carrier,40,MALE,서울,1인가구,7,10,7.7,10,9.3,6.5,9.6,4.1,2.4,0.1,7.8,23,25.1,4.6,11.9
carrier,40,MALE,서울,키즈맘_미취학,5,10,7.3,10,8.2,8,6.4,0.1,5.4,5.1,,34.2,33,8.6,15.9
carrier,40,MALE,서울,중년_자녀동거,17,8.2,7.6,8.2,6.1,4.9,6.4,4,4.3,0.1,,27.3,30,6.1,14.1
carrier,40,MALE,서울,키즈맘_중학생,9,0,7.2,0,8.1,7.6,,,2.2,,7.6,25.9,28.6,5.7,14
carrier,40,MALE,서울,키즈맘_초등생,6,10,6.9,10,7.2,5.3,,,4.9,,,25.4,29.3,5.1,13.8
carrier,40,MALE,서울,,169,8.9,7,8.9,6.9,5.9,6.2,3.4,3.1,7.6,,26.5,27.2,6.8,12.5
carrier,40,MALE,세종,1인가구,1,10,8.3,10,8,0.5,,0.7,,,,17.6,18,4.5,9.4
carrier,40,MALE,세종,,9,10,6.6,10,9.2,3.1,,,4.2,7.6,,24.9,25.5,6.8,12.6
carrier,40,MALE,세종,키즈맘_중학생,1,,,,,0.8,,,1.4,,,38,38.1,9.5,19.1
carrier,40,MALE,울산,키즈맘_중학생,1,,8.7,,0,0.6,,8,,,,22.4,30.6,2.6,12.5
carrier,40,MALE,울산,키즈맘_미취학,1,,6.2,,8,9.5,,,9.6,,,18,26.6,1,13.4
carrier,40,MALE,울산,,19,,7.3,,9.8,4.8,,,0.1,,,37.2,37,9.2,18.2
carrier,40,MALE,울산,중년_자녀동거,1,,7.8,,6.8,0.6,,,4.3,2.7,,34.5,38.2,9,15.6
carrier,40,MALE,울산,키즈맘_초등생,3,,8.2,,6.8,3.4,,8,2.9,9.8,,30.6,31.6,7.4,14.4
carrier,40,MALE,울산,1인가구,2,,6.2,,5.4,3.3,,,4.6,,,26.3,31.5,4.9,14.8
carrier,40,MALE,인천,키즈맘_중학생,7,0.1,7.7,0.1,7.9,4,6.4,0,1.8,6.2,,27.8,29.5,6.7,13.2
carrier,40,MALE,인천,중년_자녀동거,7,,7.6,,5.9,3.1,6.4,,2.9,3,,28.4,29.4,6.2,13.1
carrier,40,MALE,인천,2인가구,2,,,,2.8,4.7,,,2.3,,,26.5,27.1,7,10.6
carrier,40,MALE,인천,키즈맘_미취학,2,,7.9,,8.9,6.9,,8.9,5.9,8.7,,24.9,25.6,5.5,11.7
carrier,40,MALE,인천,키즈맘_초등생,7,10,7.1,10,6.5,6.7,1,,1.3,4.7,,33.4,34.5,8.8,15.1
carrier,40,MALE,인천,,79,10,7.2,10,8.1,5.7,,0,2.8,6.4,7.9,26.2,25.8,6.9,12
carrier,40,MALE,인천,1인가구,4,,7.2,,6.5,3.1,,,1.3,,,31.7,34.2,6.6,15
carrier,40,MALE,전남,중년_자녀동거,3,10,8.8,10,7,1.6,6.4,8,0.6,9.7,,31,33.8,7.4,16.6
carrier,40,MALE,전남,1인가구,1,,7.7,,8.7,5.6,,,8.3,8.2,7.8,17.5,17.5,4.6,9.1
carrier,40,MALE,전남,키즈맘_미취학,3,0,7.7,0,7.8,4.1,,,0.3,,,29.7,35.2,6.7,15.1
carrier,40,MALE,전남,,24,,7.8,,7.6,6.4,,,5,,7.6,26.3,26.3,7.2,11.5
carrier,40,MALE,전남,키즈맘_중학생,3,10,7,10,8.1,1,6.4,,3.9,0.1,,23.3,30.7,4,15
carrier,40,MALE,전남,키즈맘_초등생,1,,6.2,,0,0.7,6.4,,1.4,,,17.1,16.4,5,8.2
carrier,40,MALE,전북,1인가구,1,10,7.5,10,9.9,10,6.4,,9.4,,,31.3,36.8,8.8,18
carrier,40,MALE,전북,키즈맘_초등생,1,,,,8,0.8,,,1.3,,,27.4,33,7.4,14.6
carrier,40,MALE,전북,키즈맘_중학생,3,,6.7,,4.7,8.4,,,6,0.1,,14.2,20,3.1,8.4
carrier,40,MALE,전북,,31,10,7,10,8,3.7,,,4.1,7.5,,31.5,32.6,7.6,15.8
carrier,40,MALE,전북,키즈맘_미취학,2,10,7.7,10,9.6,3.9,,0.1,0.1,1.7,,17.1,20.8,2.8,11.2
carrier,40,MALE,전북,중년_자녀동거,3,,7.6,,7.9,3.6,6.4,,1.5,,,37.9,38.1,9.3,18.3
carrier,40,MALE,제주,중년_자녀동거,3,,6.7,,8.8,3.5,10,,2.1,,,23.2,30.1,4.5,14.1
carrier,40,MALE,제주,,15,,6.9,,9.1,2.8,,,3.5,,,30.5,31.8,7.4,15.5
carrier,40,MALE,제주,키즈맘_중학생,3,,7.5,,5.4,0.7,,,3,,,23.5,26.4,5.4,12
carrier,40,MALE,충남,키즈맘_중학생,2,10,7.6,10,7.9,6.1,,,9.9,1.4,,17.4,16.6,3.1,6.7
carrier,40,MALE,충남,2인가구,1,,,,9.4,10,,,10,,,38,39,9.9,15.5
carrier,40,MALE,충남,,39,10,7.9,10,8.3,3.8,,9.1,1.3,8.3,,27.6,22.2,8.8,10.6
carrier,40,MALE,충남,1인가구,4,10,6.1,10,5.9,4.7,,0.1,0.3,,,24.1,30,4.6,15.4
carrier,40,MALE,충남,키즈맘_초등생,4,10,7.1,10,8.4,6.5,,0.1,3.9,,,28.5,30.9,6.6,14.9
carrier,40,MALE,충남,키즈맘_미취학,3,,7.5,,6.7,4.4,,,5.3,4.7,,24.8,28,5.2,13.1
carrier,40,MALE,충북,키즈맘_미취학,1,,,,6,7.7,,,5.8,,,0.3,0.3,0.1,0.1
carrier,40,MALE,충북,,32,10,7.2,10,7.1,6.8,,0.1,5.5,5.9,,27.1,28.4,7.1,13.8
carrier,40,MALE,충북,2인가구,2,,7.2,,7.3,5.2,6.4,,8.5,,,27.7,32.7,4.7,15.7
carrier,40,MALE,충북,중년_자녀동거,5,,7.3,,7.8,4,6.4,,4.1,,,22,22.1,5.6,10.9
carrier,40,MALE,충북,1인가구,3,10,7.6,10,7.1,3.6,,,2.4,0.1,,37.2,36.6,9.1,17.6
carrier,40,MALE,충북,키즈맘_초등생,2,,6.8,,8.9,2.8,,,2.2,,,27.7,27.5,7,13.4
carrier,50,FEMALE,,,109,5,7,5,7.9,3.6,,,3.1,6.3,7.6,26.5,24.1,7.5,12.2
carrier,50,FEMALE,,키즈맘_초등생,1,,7.2,,,,,,,,,26.4,28.1,7.5,14.2
carrier,50,FEMALE,,키즈맘_중학생,2,10,7.8,10,9.3,4.3,,,4.7,,,36.6,38.3,9.1,17.1
carrier,50,FEMALE,,키즈맘_미취학,4,0,6.8,0,8,8.8,,,3.2,,8.1,20.7,21.3,5,10.7
carrier,50,FEMALE,,중년_2인,11,10,6.9,10,7.9,5.4,,,4.5,7.6,,25.8,24.7,6.5,13
carrier,50,FEMALE,,중년_자녀동거,22,7.6,7.6,7.6,7,6.2,8,2,4.5,6.5,7.6,25.8,27.6,6.1,14.4
carrier,50,FEMALE,,중년_1인,4,10,7.3,10,9.1,6.6,,,4.2,,,28,29.1,6.3,14.9
carrier,50,FEMALE,강원,,11,,7.6,,,7.1,,,0.4,,,37.2,35.5,8.5,14.4
carrier,50,FEMALE,강원,중년_2인,1,0,,0,7.7,5.2,,,,,,36.8,38.2,9.4,18
carrier,50,FEMALE,강원,중년_자녀동거,2,,,,7.4,7.2,,8,9.2,7.7,,8.4,10.4,3.1,5.4
carrier,50,FEMALE,경기,중년_2인,14,8.7,7.7,8.7,5.7,4.3,8,,3.7,0.2,,22,22.3,5.6,11.2
carrier,50,FEMALE,경기,중년_1인,9,10,7.7,10,7.6,4.6,,,3.5,7.8,,28.3,27.3,7.3,13.9
carrier,50,FEMALE,경기,중년_자녀동거,36,8,7.7,8,7.4,5.9,8,2.8,3.7,7.1,,25.2,25.7,6,13.4
carrier,50,FEMALE,경기,키즈맘_중학생,5,,7.3,,6.8,3.4,0,,2.9,6.5,,27.6,27.9,7,13.9
carrier,50,FEMALE,경기,키즈맘_미취학,1,,,,,5.6,,,3.8,,,39.3,38.9,9.8,19.5
carrier,50,FEMALE,경기,,143,10,7.7,10,7.9,4.7,,8.3,3.7,4.1,8,27.3,26.1,7.6,13.1
carrier,50,FEMALE,경기,키즈맘_초등생,2,,7.8,,8.4,6.4,8,,4.9,9.9,,28.4,28.8,7.3,14.9
carrier,50,FEMALE,경남,중년_1인,6,4.7,7.6,4.7,8.2,4.9,,8.3,5.3,7.7,,19.5,24.2,3.8,13.1
carrier,50,FEMALE,경남,,20,1.9,,1.9,9.6,6.8,3.1,,6.4,,,30.4,23.4,9.8,11.1
carrier,50,FEMALE,경남,중년_2인,3,,7.8,,7.9,1.5,,,0.9,3.1,,31.5,32.4,7.1,15.8
carrier,50,FEMALE,경남,중년_자녀동거,4,0,7.6,0,8,3.7,8,,5.1,9.8,,19.8,18.7,5.6,9.2
carrier,50,FEMALE,경북,키즈맘_미취학,1,,,,7.1,1,,,2.2,,,38.4,38.3,9.7,19
carrier,50,FEMALE,경북,중년_1인,3,,7.9,,8,4.3,,,5.8,,,39.4,39.1,9.9,18.1
carrier,50,FEMALE,경북,중년_자녀동거,5,,9.2,,7.8,1.8,,0,2.3,,,24.5,26.7,4.9,14.5
carrier,50,FEMALE,경북,,19,,,,,,,,,,,,,,
carrier,50,FEMALE,경북,중년_2인,4,,7.2,,7.8,0.7,8,,1.7,,,27.3,27.7,6.5,14.3
carrier,50,FEMALE,광주,키즈맘_초등생,1,,6.9,,,,8,,0.2,,,13.8,16.4,1.7,9.1
carrier,50,FEMALE,광주,,7,,7.8,,,8.6,,,,,,39.6,39,9.9,19.3
carrier,50,FEMALE,대구,중년_자녀동거,1,,,,3.6,,,,,,,38.9,39,9.7,17.5
carrier,50,FEMALE,대구,중년_2인,1,0,,0,9.7,9.3,8,,0.9,,,39.4,38.4,9.5,18.7
carrier,50,FEMALE,대구,,9,,,,8.9,0.7,,0,2.7,,,26.8,30,5.2,16
carrier,50,FEMALE,대전,,17,,,,,,,,,,,,,,
carrier,50,FEMALE,대전,중년_2인,3,10,7.6,10,7.8,3.7,,,5.8,,,31.7,37,9.1,15.4
carrier,50,FEMALE,대전,중년_1인,3,,,,2.8,0.7,8,,2.2,,,24.9,24.1,6.5,12.1
carrier,50,FEMALE,대전,중년_자녀동거,4,10,,10,8.1,4.6,,,4.1,,,33.5,34.1,7.9,17.1
carrier,50,FEMALE,부산,,40,,,,0,0.6,,,3,,,22,18.4,7.2,8.6
carrier,50,FEMALE,부산,중년_1인,2,10,6.9,10,8.7,9.7,,,6.5,,7.6,18.9,18,5,12.3
carrier,50,FEMALE,부산,중년_2인,2,,,,6.3,6.7,8,,0.6,,,25.1,27,5.6,15.3
carrier,50,FEMALE,부산,키즈맘_중학생,2,,8.4,,8,3.3,,,1.6,,,28.9,29.4,7.2,15.2
carrier,50,FEMALE,부산,중년_자녀동거,14,0,7.6,0,6.6,6.3,8,4,5.2,,,24.9,25.4,6.4,13.3
carrier,50,FEMALE,서울,중년_2인,4,,,,8,4.1,8,,4.2,,,29.5,29.6,8.5,13.9
carrier,50,FEMALE,서울,,78,6.7,7.6,6.7,5.9,5.3,8,4.5,2.6,0.1,,26.2,24.5,7.1,12.6
carrier,50,FEMALE,서울,키즈맘_미취학,2,,7.6,,5.2,0.3,,,,,,39.1,39,9.8,18.7
carrier,50,FEMALE,서울,중년_1인,6,10,8.4,10,8.2,3.9,8,8,3.9,,8.3,24.8,23,7.2,11.5
carrier,50,FEMALE,서울,키즈맘_중학생,2,10,,10,9.9,1.3,8,,1,,,39.2,39,9.8,18.8
carrier,50,FEMALE,서울,중년_자녀동거,12,10,7.5,10,8.3,3.9,8,,4.4,,,33.6,34.4,8.2,16.6
carrier,50,FEMALE,서울,키즈맘_초등생,1,,,,7.9,8.5,8,,0.4,,,14.3,19.8,1,13.3
carrier,50,FEMALE,세종,중년_자녀동거,1,,,,6.1,0.6,,,0.9,,,39.2,39.5,9.8,19
carrier,50,FEMALE,세종,,2,,,,,,,,,,,,,,
carrier,50,FEMALE,세종,중년_1인,1,10,,10,,0.7,8,,1.1,,,25.9,19.4,9.2,9.6
carrier,50,FEMALE,울산,중년_2인,2,10,,10,8,,,,1.3,,,20.7,17.5,6.5,10.2
carrier,50,FEMALE,울산,,9,,,,7.9,9.4,,,8.8,,,35.9,36.7,9.6,17.9
carrier,50,FEMALE,울산,중년_자녀동거,3,5,9.5,5,9.1,9.5,8,4.9,4.8,,,15.9,13.1,4.5,9.2
carrier,50,FEMALE,인천,2인가구,1,,,,7.4,,,,4.2,,,36.7,35.5,9.3,16.5
carrier,50,FEMALE,인천,키즈맘_중학생,2,,7.2,,9.5,8.5,8,,3.5,,,29.2,29.3,7.9,14
carrier,50,FEMALE,인천,중년_자녀동거,12,5,7.5,5,7.2,5.1,8,8,2.9,2.6,,22.1,23.5,5.2,13.3
carrier,50,FEMALE,인천,,44,,,,,,,,,,,,,,
carrier,50,FEMALE,인천,중년_2인,7,5,9.1,5,7.8,5.3,,8,4,,,23.7,23.4,6.6,11.6
carrier,50,FEMALE,인천,중년_1인,2,,,,8.1,8.6,,,4.1,,,37.9,35.9,9.6,17.5
carrier,50,FEMALE,전남,,3,,6.8,,9.8,8.2,,,0.7,,,26.7,15.5,9.8,10
carrier,50,FEMALE,전남,중년_자녀동거,1,,7.5,,0.1,1,,,0.8,,,23.1,16.9,7.4,10.9
carrier,50,FEMALE,전북,,13,,6.8,,8,0.6,,,0.9,,,20.8,11.9,9.3,6
carrier,50,FEMALE,전북,중년_1인,1,,,,2.3,,,,,,,38.9,38.8,9.7,18.5
carrier,50,FEMALE,전북,키즈맘_미취학,1,,9.6,,9.9,9.5,,0,9.7,,,37.9,35.4,7.3,15.9
carrier,50,FEMALE,전북,중년_자녀동거,8,10,7.7,10,8.2,4.7,8,4.5,2.8,,,24.3,28.9,5.3,14
carrier,50,FEMALE,제주,중년_2인,2,,,,7.9,3.2,,,0.2,,,26.4,28.2,6.8,13.7
carrier,50,FEMALE,제주,,6,,,,,,,,,,,,,,
carrier,50,FEMALE,제주,중년_1인,1,10,,10,8,9.2,,,1.5,,,16.6,11.8,5,8.3
carrier,50,FEMALE,제주,중년_자녀동거,2,,7.6,,8.3,4.3,,,0.4,2.4,,33.5,37.5,8.9,15.9
carrier,50,FEMALE,충남,,19,,,,4.7,0.9,8,,1,,,26.8,24.9,6.8,12.8
carrier,50,FEMALE,충남,중년_1인,2,10,,10,1.4,5.3,,,0.2,,,5.9,7.7,0.2,4.7
carrier,50,FEMALE,충남,중년_2인,3,10,,10,5.3,3,,,4.8,8.8,,10.4,11.4,2.3,5.8
carrier,50,FEMALE,충남,중년_자녀동거,3,10,,10,7.1,3.6,,,5.4,7.3,,38,38.5,9.6,17.8
carrier,50,FEMALE,충남,키즈맘_중학생,1,,7.8,,8,8.8,,,,,,37.6,38.3,9.6,17.2
carrier,50,FEMALE,충북,,12,,,,,,,,,,,,,,
carrier,50,FEMALE,충북,중년_자녀동거,3,,,,8.4,7,10,0,7.9,5,,39,39.1,9.8,16.6
carrier,50,MALE,,2인가구,1,,,,9.3,0.9,,,1.9,,,36.5,39.5,9.9,18.3
carrier,50,MALE,,중년_2인,11,6.7,7.2,6.7,7.5,3.1,8.2,,2.7,,,26.5,30.7,6.3,13.8
carrier,50,MALE,,,184,8,7.4,8,6.6,4.3,7.7,4.3,3.6,6.3,8,27.4,28.6,6.7,13.2
carrier,50,MALE,,키즈맘_미취학,1,,,,8,,,,,,,0.2,0.4,0,0.2
carrier,50,MALE,,키즈맘_초등생,4,10,7.5,10,8.6,6.5,,,0.7,4.8,,30.3,33.9,8,13.5
carrier,50,MALE,,키즈맘_중학생,3,5,7.8,5,7.9,4.5,,,9.7,,,24.4,24.5,6.2,12.5
carrier,50,MALE,,중년_자녀동거,35,4.5,7.7,4.5,7.9,3.5,6.4,8,3,8.1,,26.6,31.6,5.9,14.4
carrier,50,MALE,,중년_1인,11,10,7.7,10,7.7,5.8,6.4,6.2,2.3,0.1,,22.5,26.1,4.6,12.2
carrier,50,MALE,강원,중년_2인,2,,7.7,,7,2.6,,,0.5,0.2,,30,27.6,8,12.6
carrier,50,MALE,강원,,13,,7.8,,6.9,0.4,6.4,,0.4,,,35.8,36.9,8.7,18.7
carrier,50,MALE,강원,중년_1인,1,,7.4,,8,9.8,,,2.6,,,17.2,27.7,0.2,16.8
carrier,50,MALE,강원,키즈맘_중학생,2,,7.2,,8.9,0.7,,,3.8,,,32.3,30.5,5.7,13.4
carrier,50,MALE,경기,키즈맘_중학생,10,10,7,10,7,5,0.4,,3.8,8.6,,26.3,29.3,6,14.1
carrier,50,MALE,경기,키즈맘_초등생,3,10,7.4,10,9.6,9.4,6.4,8,3.7,7.7,,26.6,31.3,4.9,14.4
carrier,50,MALE,경기,중년_1인,12,1.1,7.9,1.1,7.4,5,6.4,0,3.3,7.7,8,30.3,33.2,7.2,15.5
carrier,50,MALE,경기,2인가구,1,,9.8,,9.9,1.9,,9.4,0.3,,,36,33.9,9.1,11.1
carrier,50,MALE,경기,키즈맘_미취학,5,,7.3,,8.5,5,6.4,,4.5,,,32.8,34.6,8,15.6
carrier,50,MALE,경기,,209,10,7.2,10,6.7,5,6.4,2.7,1.6,3.2,,30.2,31,7.6,14
carrier,50,MALE,경기,중년_자녀동거,40,7.3,7.5,7.3,6.7,4.3,5.6,4,2.9,5.9,7.9,26.2,29.2,5.7,13.2
carrier,50,MALE,경기,중년_2인,20,10,7.2,10,8,4.9,,0.4,4.9,2.7,,25.4,26.5,5.8,12.3
carrier,50,MALE,경남,키즈맘_초등생,1,,,,,8.5,,,,,,37.6,37.9,9.2,17.5
carrier,50,MALE,경남,키즈맘_중학생,2,,7.5,,9.8,3.6,,,6.3,,,25.6,29.1,7,12
carrier,50,MALE,경남,중년_2인,6,,7.7,,8.2,4.5,0.3,,4.1,7.9,,25.6,28.6,5.1,14.8
carrier,50,MALE,경남,중년_자녀동거,3,,7.9,,7.5,8.3,7.9,,7.5,7.6,,28.1,32.2,4.8,14.5
carrier,50,MALE,경남,,33,10,6.6,10,8.9,3.2,,,2.9,,,28.6,32.6,6.8,15.1
carrier,50,MALE,경남,중년_1인,2,,6.7,,9.2,7.7,,,6.6,8.3,,7.8,9.7,1.2,4
carrier,50,MALE,경북,중년_1인,2,,6.7,,6.5,0.8,,,,,,29.8,33.5,6.7,14.8
carrier,50,MALE,경북,중년_자녀동거,2,10,7.2,10,9.8,5.1,6.4,,1.3,,,32,29.3,8.9,13.2
carrier,50,MALE,경북,키즈맘_중학생,1,,,,8,7.4,6.4,,2.9,,,29.7,28.4,7.9,12.4
carrier,50,MALE,경북,중년_2인,2,,,,,5.4,,,0.7,,,28.1,27.4,7,13.9
carrier,50,MALE,경북,,21,,6.7,,8,8.8,,,,,,21.4,16.6,9.3,7.1
carrier,50,MALE,광주,키즈맘_중학생,2,,7.5,,7.8,2.2,,,,9.9,,34.5,36.6,9.2,18
carrier,50,MALE,광주,중년_1인,4,0,7,0,6.6,2.8,,,1.4,,,25.8,32.4,4.7,16
carrier,50,MALE,광주,,15,,,,,,,,,,,,,,
carrier,50,MALE,광주,중년_자녀동거,3,5,7.8,5,5.8,4.6,,,0.9,,,29.5,31.7,6.1,15
carrier,50,MALE,광주,중년_2인,1,10,7.8,10,8.9,9.4,,,8.4,,,39.3,39.8,10,19.9
carrier,50,MALE,대구,,20,,7.2,,6.8,0.9,,,3.2,,,25,29.9,5.3,13.9
carrier,50,MALE,대구,중년_1인,1,,7.6,,5.9,0.7,,,,,,37,37.7,9.5,19.1
carrier,50,MALE,대구,키즈맘_중학생,1,,,,,,,,,8,,18,29.6,1.1,13.2
carrier,50,MALE,대구,중년_2인,2,,7.9,,8.7,4.9,,,9.4,,,27,33.8,4.7,17.2
carrier,50,MALE,대구,중년_자녀동거,4,0,7.7,0,7.1,4.5,,,2.2,1.3,,29.9,32.1,7.2,14.5
carrier,50,MALE,대전,키즈맘_중학생,1,,7.6,,7,1.2,,,0.5,,,36.6,36.1,9.1,18.9
carrier,50,MALE,대전,중년_자녀동거,2,,,,6.8,5.2,,,0.9,,8,35.6,35.5,9.7,15
carrier,50,MALE,대전,중년_1인,2,,,,7.1,4.2,,,2.2,9.7,,36.8,32.9,8.9,17.5
carrier,50,MALE,대전,중년_2인,2,,,,7.9,5.2,10,,9.5,,,35.2,38.7,9.4,17.2
carrier,50,MALE,대전,,17,,,,,,,,,,,,,,
carrier,50,MALE,부산,중년_2인,4,0,6.9,0,4.4,2.4,,,2,7.5,,18,25.9,1.9,13.9
carrier,50,MALE,부산,중년_1인,4,0,7.6,0,8.6,2.2,10,0,2.1,,,32.8,32.9,7.5,15.9
carrier,50,MALE,부산,중년_자녀동거,10,10,7.7,10,8.4,3.4,5.8,0.1,2.7,5.1,,30.1,32.9,6.7,15.4
carrier,50,MALE,부산,키즈맘_미취학,1,,7.8,,10,0.8,,,3.2,,,35.9,36.4,9.2,19
carrier,50,MALE,부산,,40,5,7.3,5,9.4,3.9,,,,,,25.4,27,6,11.9
carrier,50,MALE,서울,중년_1인,12,6.7,7.5,6.7,8.8,6,,0,3.9,6.6,8,27.5,29.3,6,14.4
carrier,50,MALE,서울,중년_자녀동거,23,8.4,7.4,8.4,7.2,3.5,6.4,,2.5,,8,24.6,28.6,5,13.4
carrier,50,MALE,서울,키즈맘_미취학,2,,7.6,,5.9,3.4,6.4,,1,,,37,38.9,9.3,17.9
carrier,50,MALE,서울,중년_2인,9,10,7.4,10,8.5,5.5,,,2.5,5.6,,26.2,31.2,5.5,15
carrier,50,MALE,서울,2인가구,1,,8.4,,7.9,7.8,6.4,4,4.5,,,29.7,33.1,5.5,16.3
carrier,50,MALE,서울,키즈맘_중학생,3,0,7.7,0,8.2,6.2,,0,2.6,,,34.5,37.2,9.1,18.1
carrier,50,MALE,서울,,132,6.7,7.3,6.7,7.2,7.1,4.3,8,5.5,,,24.9,26.7,6.2,11.9
carrier,50,MALE,세종,중년_1인,1,,7.6,,9.9,6.7,,,1.8,,,29.5,33.4,6.3,15.3
carrier,50,MALE,세종,2인가구,1,10,7.6,10,9.9,8.2,,,1.3,,,21.8,32.8,3.8,15.7
carrier,50,MALE,세종,,6,,7.6,,5.7,0.5,,,3.1,,,35.7,36.9,8.8,18.2
carrier,50,MALE,세종,키즈맘_초등생,1,,8.6,,10,6.9,,8,1.9,,,19.3,22.7,3.6,8.6
carrier,50,MALE,울산,2인가구,1,,,,0,0.7,,,,,,27,29.4,9,9.1
carrier,50,MALE,울산,키즈맘_중학생,3,,8.2,,8,5.5,,8.9,5.8,,7.8,14.8,19,1.7,8.6
carrier,50,MALE,울산,중년_1인,1,10,,10,9.7,9.9,,,9.1,0.1,,25.6,30.3,5.1,15.7
carrier,50,MALE,울산,,17,,6.7,,,,,,4.4,,,27.9,27.8,8.4,10
carrier,50,MALE,울산,중년_자녀동거,2,,7.4,,7.7,0.7,,,2.3,,,30.4,31.6,6.4,15.8
carrier,50,MALE,울산,키즈맘_초등생,2,,7.6,,8.2,1.6,,,1.1,,,36.6,38.1,9.2,17.2
carrier,50,MALE,인천,중년_2인,4,,7.6,,7.8,5.5,,0.1,3,,,28.1,33.6,5.4,15.7
carrier,50,MALE,인천,중년_1인,1,,6.7,,,,,,,,,14.9,16.1,6.4,7.7
carrier,50,MALE,인천,,44,,6.7,,7.8,7,6.4,0,2.6,8.8,,32.1,33.1,8.2,15.8
carrier,50,MALE,인천,키즈맘_중학생,2,,6.7,,9.2,3.5,,,4.1,7.7,,26,28.4,5.6,11.6
carrier,50,MALE,인천,키즈맘_초등생,2,,7.6,,7.4,1.2,,,1.8,,,29,31.2,6.5,14
carrier,50,MALE,인천,중년_자녀동거,6,10,7.4,10,5.3,4.3,10,,3.8,,,36.1,34.7,9.2,17.1
carrier,50,MALE,전남,,13,10,,10,9.6,9.3,6.4,8,1.1,,,32.7,29.5,9.3,14.5
carrier,50,MALE,전남,중년_자녀동거,5,10,7.2,10,7.7,1.4,10,,1.2,8,,28.2,34.1,4.9,16.6
carrier,50,MALE,전남,중년_1인,2,,7.4,,7.5,1.7,1,,0.9,,,21.3,25.3,3.5,14.8
carrier,50,MALE,전북,중년_자녀동거,4,10,8.5,10,8,5.3,,,3,,,33,35.6,7.5,17.2
carrier,50,MALE,전북,키즈맘_중학생,4,,7.9,,6.8,6.9,,,4.5,,,33.4,33.9,7,15.9
carrier,50,MALE,전북,,23,0,9.2,0,9,2.1,,,1.5,,,28.9,28.4,7.8,12.8
carrier,50,MALE,전북,키즈맘_미취학,1,,,,8,1,,,0.9,,,15.9,21.7,2.7,8.6
carrier,50,MALE,전북,중년_1인,2,10,7.8,10,8.8,4.4,,8,9.9,,,28.5,34.8,5.2,18.2
carrier,50,MALE,제주,중년_2인,1,,,,,0.7,,,,,,26.7,29.7,8.2,10.8
carrier,50,MALE,제주,,10,,,,,,,,,,,,,,
carrier,50,MALE,제주,중년_자녀동거,3,,7,,8,3.8,,,4.3,7.6,,22.1,28.8,2.8,13.5
carrier,50,MALE,충남,중년_자녀동거,6,,7.3,,7.5,4.2,6.4,,1.9,4.8,,28.3,29.6,7.1,14.4
carrier,50,MALE,충남,키즈맘_중학생,2,10,,10,8.7,3.6,,,10,,,30.3,33.8,6.9,15.9
carrier,50,MALE,충남,중년_1인,4,0,7.7,0,9.3,1.8,,,3.3,,,17.4,20.2,3.7,9.8
carrier,50,MALE,충남,중년_2인,2,,7.7,,7.8,9.7,,,0.1,,,35.2,36.3,8.4,18.1
carrier,50,MALE,충남,,30,5.8,7.3,5.8,8.3,3.6,6.4,8,1.3,4,,29.4,28.9,8.9,14.1
carrier,50,MALE,충남,키즈맘_초등생,1,,,,,0.8,6.4,,1.8,,,23.4,30,1.5,12.8
carrier,50,MALE,충북,중년_1인,2,0,,0,4.1,6.1,,,2.1,,,9.2,15,1.5,5.2
carrier,50,MALE,충북,,17,10,7,10,8.4,3.7,,,0.7,,,27.3,27.9,6.3,12
carrier,50,MALE,충북,키즈맘_중학생,1,,,,7.1,0.7,,,,,,35.4,35.1,9.3,18
carrier,50,MALE,충북,중년_자녀동거,3,,7,,8.6,2.8,,,2.6,,,27.8,29.6,7.7,12.5
carrier,60,FEMALE,,키즈맘_미취학,2,,,,8,2.3,,,0,,,12.8,18.1,1.6,9.9
carrier,60,FEMALE,,키즈맘_초등생,1,,,,9.3,9.9,,,3.7,,,13.3,16.5,0.9,9.8
carrier,60,FEMALE,,키즈맘_중학생,1,,,,,0.6,,,,,,0,0,0,0
carrier,60,FEMALE,,,60,4.9,8.1,4.9,8,2.3,,,1.3,7.9,,28,26.7,7.6,13.3
carrier,60,FEMALE,,시니어,6,,8.5,,6,4.7,,,1.3,,,18.9,19,4.8,7.8
carrier,60,FEMALE,,중년_자녀동거,9,10,8.1,10,9.1,2.5,,,1.7,,,18.8,20.4,4.7,9.6
carrier,60,FEMALE,,중년_2인,4,,8.2,,8.2,5.1,,,0.5,,,26.9,24,7.9,11.9
carrier,60,FEMALE,강원,중년_1인,1,10,,10,8,6.1,,,8.2,,8,14.8,9.4,5.2,5.1
carrier,60,FEMALE,강원,,5,,,,,,,,,,,,,,
carrier,60,FEMALE,강원,시니어,1,,,,,6,,,0.7,,,13.8,19.2,0.5,14.3
carrier,60,FEMALE,경기,키즈맘_미취학,5,,8,,8.5,6.1,8,,5,7.8,,27.8,27.2,7.7,14.2
carrier,60,FEMALE,경기,중년_자녀동거,5,10,8.4,10,6,5.1,,,2.8,,,32.5,32.8,8,14.9
carrier,60,FEMALE,경기,중년_1인,2,0.1,,0.1,3.9,5.9,,,3.3,,,24.2,27.9,5.3,15
carrier,60,FEMALE,경기,키즈맘_초등생,1,,8,,9,0.7,8,,0.7,,,29.6,28.1,8.2,13.1
carrier,60,FEMALE,경기,,44,10,,10,7.5,4.7,8,,2.4,8.3,,26.4,23.4,7.7,12.2
carrier,60,FEMALE,경기,키즈맘_중학생,1,,,,8,,,,,,,11.5,8.9,5.7,6.6
carrier,60,FEMALE,경기,중년_2인,2,,8.4,,4.8,9.7,,,9.7,4,,27,29.4,5.4,15.7
carrier,60,FEMALE,경기,시니어,2,,,,2.3,5,,,1.8,,,19.1,18.6,4.7,9.7
carrier,60,FEMALE,경남,시니어,2,,,,,8.2,,,8.9,,,0,0,0,0
carrier,60,FEMALE,경남,,6,,,,,0.5,,,,,,37.5,35.2,9.4,18.3
carrier,60,FEMALE,경북,시니어,1,,,,6,6.1,,,6,4.1,,0,0,0,0
carrier,60,FEMALE,경북,중년_자녀동거,1,,,,6,,,,,,,0,0,0,0
carrier,60,FEMALE,경북,중년_2인,1,1.9,,1.9,9.2,0.5,,,1.2,7.8,,0.3,0.3,0.1,0.1
carrier,60,FEMALE,경북,,6,,,,,,,,,,,,,,
carrier,60,FEMALE,경북,키즈맘_미취학,2,10,8.4,10,8.9,2.3,,,0.8,,,28.9,36,8.6,14.4
carrier,60,FEMALE,광주,,5,,,,,,,,,,,,,,
carrier,60,FEMALE,광주,시니어,2,,,,8,0.5,,,1.9,,,16.8,14.2,6.1,7.8
carrier,60,FEMALE,대구,중년_자녀동거,1,,,,9.9,8,,,0.6,,,15,18.2,2.6,9.8
carrier,60,FEMALE,대구,,8,,,,2.3,0.5,,,,,,0.6,0.6,0.1,0.3
carrier,60,FEMALE,대구,시니어,2,,,,8,3.1,,,4.3,,,7.8,4.5,3.3,2.9
carrier,60,FEMALE,대전,,6,,,,,,,,,,,,,,
carrier,60,FEMALE,대전,중년_자녀동거,1,,,,,0.6,,,,,,0,0,0,0
carrier,60,FEMALE,부산,,8,,,,0,1.2,,,1.7,,,13.2,18.4,0.8,10.2
carrier,60,FEMALE,부산,시니어,1,10,,10,8,,,8,,,,15.1,14.3,1.7,9.3
carrier,60,FEMALE,부산,중년_자녀동거,2,,8.1,,8.6,0.7,,,,,,19,18.5,4.8,8.6
carrier,60,FEMALE,부산,중년_1인,1,,,,6.5,0.9,,,0.5,,,39.2,39.4,9.8,18.9
carrier,60,FEMALE,서울,중년_2인,5,,,,7.4,3,,,3.8,,,32.7,31,8.7,15
carrier,60,FEMALE,서울,시니어,2,10,,10,8.9,5.4,,,3.9,,,12.9,16.6,1.8,11.1
carrier,60,FEMALE,서울,중년_자녀동거,3,,10,,6.7,4.4,8,,0,,,15.2,15,3.5,7.9
carrier,60,FEMALE,서울,,35,10,,10,8.8,9.3,,,6.9,0.2,,26.3,23.2,7.8,11.8
carrier,60,FEMALE,울산,키즈맘_중학생,1,,8.1,,6.7,5.2,,,1,8.4,,17.8,17.7,4.7,9.4
carrier,60,FEMALE,울산,,3,,,,,1.7,,,2.5,,,13.1,20,1.4,12.4
carrier,60,FEMALE,인천,시니어,1,,,,6.7,1,,,0.4,,,38.8,38.8,9.8,19.2
carrier,60,FEMALE,인천,,12,,8.1,,7.7,3.1,,,0.4,5.7,,30.4,25.6,9.7,13.4
carrier,60,FEMALE,인천,중년_자녀동거,2,10,,10,8.4,9.4,,,9,7.1,,26.2,28.2,5.5,14.5
carrier,60,FEMALE,인천,키즈맘_미취학,1,10,,10,6.7,1.6,,,1.5,,,36,36.5,9.7,18.7
carrier,60,FEMALE,인천,중년_2인,1,10,8.1,10,9.9,8.2,,,3.1,,,11.6,10.7,1.7,8.1
carrier,60,FEMALE,전남,중년_자녀동거,1,,,,8,,,,,7.8,,16.7,15.8,2.8,9.1
carrier,60,FEMALE,전남,,1,,,,,,,,,,,,,,
carrier,60,FEMALE,전북,시니어,1,10,,10,8,,,,,,,0,0,0,0
carrier,60,FEMALE,전북,중년_1인,1,,,,,0.4,,,0.6,,,27.5,21.5,8.7,10.2
carrier,60,FEMALE,전북,중년_2인,1,,,,8,,,,,,,21.1,19,6.6,10.2
carrier,60,FEMALE,전북,,7,,,,,,,,,,,,,,
carrier,60,FEMALE,충남,,2,,,,,,,,,,,,,,
carrier,60,FEMALE,충남,중년_1인,1,,,,9.3,6.5,,,7.2,,,16.6,20.5,4.7,14.3
carrier,60,FEMALE,충남,중년_자녀동거,1,,,,,,8,,1.3,,,38.9,38.8,9.6,17.8
carrier,60,FEMALE,충북,,6,,,,,,,,,,,,,,
carrier,60,FEMALE,충북,키즈맘_초등생,1,10,,10,4.1,,,,,,,38.3,38.2,9.5,19.4
carrier,60,FEMALE,충북,중년_2인,1,,,,3.1,,,,2,,,38.6,38.4,9.8,18.8
carrier,60,FEMALE,충북,시니어,1,,,,8,1.7,,,0.1,,,0,0,0,0
carrier,60,MALE,,시니어,11,10,8,10,5.8,4,,,1,0.2,,18.6,19.8,4,8.9
carrier,60,MALE,,키즈맘_미취학,4,,8,,8.2,0.6,,8,0.8,,,18.1,21.2,4.6,8.9
carrier,60,MALE,,중년_2인,10,8,8,8,6.8,3,0.1,,2.7,8.5,,30.1,32.6,7,16.1
carrier,60,MALE,,중년_1인,5,,8.1,,7.9,2.4,,,4.4,,,28.3,31.8,6.5,14.9
carrier,60,MALE,,중년_자녀동거,9,,8.2,,7.1,3.7,,,6.2,1.7,,29.8,32.9,6.4,15.2
carrier,60,MALE,,,90,0,8.3,0,4.8,1.7,6.4,0,4,3.5,,21.5,21.3,5.4,10.4
carrier,60,MALE,강원,,5,,,,9.8,,6.4,,0.6,,,33.3,31.8,8,14.7
carrier,60,MALE,강원,시니어,1,,,,7.9,0.9,,,0.3,,,0,0,0,0
carrier,60,MALE,강원,중년_자녀동거,1,,,,7.7,4.1,,,2.6,,,36.2,37.1,9.7,17.3
carrier,60,MALE,경기,키즈맘_미취학,4,,8.1,,6.6,4.5,6.4,,0.5,,,25.2,31.4,5,14.3
carrier,60,MALE,경기,,78,0,,0,8.1,4.5,7.6,,0.7,0.2,,27.6,27.9,7.8,11.5
carrier,60,MALE,경기,중년_1인,4,,8.2,,7,4.8,,,1,2.5,,34.9,34.3,9.1,16.9
carrier,60,MALE,경기,중년_2인,5,10,8,10,7.6,6.2,10,,6.3,3.3,,28.5,29.8,6.8,13.9
carrier,60,MALE,경기,중년_자녀동거,16,0,8.2,0,8,3.1,5,,1.2,4.5,8.6,22.9,27.6,4.9,12.6
carrier,60,MALE,경기,시니어,3,,8.1,,7.2,2.3,,,0.6,,,9.7,9.5,2.4,4.6
carrier,60,MALE,경기,키즈맘_중학생,1,10,8,10,8,4,,,2.2,,,20.9,29.5,4.7,11.3
carrier,60,MALE,경남,중년_1인,1,,,,,,,,1.5,,,28.8,32.5,8.8,12.2
carrier,60,MALE,경남,,16,,8,,7.4,5,6.4,,0.1,,,33.2,35,9.1,15
carrier,60,MALE,경남,중년_자녀동거,6,,,,8.2,0.7,,,0.8,,,31.8,31.2,7.8,15
carrier,60,MALE,경남,중년_2인,2,2.1,8.1,2.1,7.3,4.9,,,9.8,0.1,,31.8,34.4,7,16.4
carrier,60,MALE,경남,키즈맘_초등생,1,,8.1,,8,1.7,,,,,,17.1,25,3.9,9.3
carrier,60,MALE,경북,중년_1인,1,,,,7.5,,,,,,,38.7,37.8,9.7,19
carrier,60,MALE,경북,,6,,,,,,,,,,,,,,
carrier,60,MALE,경북,시니어,1,,,,9.2,8.4,,,8.4,,,14.6,24.4,0.3,12.8
carrier,60,MALE,경북,키즈맘_초등생,1,,,,,,,,,,,0,0,0,0
carrier,60,MALE,경북,키즈맘_미취학,2,,,,6.6,6.7,,,6.6,,,12.3,12.4,3.1,6
carrier,60,MALE,광주,중년_자녀동거,2,0,,0,9.4,2.1,,,1.2,7.8,,6.7,11,0.8,5.1
carrier,60,MALE,광주,중년_1인,2,,,,9.6,5.5,,,0.2,,,15.9,25.6,1.8,9.9
carrier,60,MALE,광주,,5,,,,7.6,4.8,,,1.8,,,33.7,31.4,9.9,12
carrier,60,MALE,대구,시니어,1,,,,,0.8,,,0.9,,,0,0,0,0
carrier,60,MALE,대구,중년_자녀동거,1,,8.1,,8,0.6,,,0.3,7.8,,17.9,17.7,4.5,9.2
carrier,60,MALE,대구,,3,,,,,,,,,,,,,,
carrier,60,MALE,대전,,5,,,,,,,,,,,,,,
carrier,60,MALE,대전,시니어,1,0,,0,,,,,,,,0,0,0,0
carrier,60,MALE,대전,중년_2인,2,,8.1,,6.7,7.3,,,2.2,,,38.1,36,9.2,17.2
carrier,60,MALE,부산,중년_자녀동거,4,,,,7.8,2.6,6.4,,0.6,,,37.4,37.6,9.3,18.2
carrier,60,MALE,부산,,12,,,,8,2.9,,,0.8,,,33.1,31.5,8.9,14.1
carrier,60,MALE,부산,시니어,2,,,,9.9,5.3,6.4,,9.6,,,13.1,12.4,3.1,6.6
carrier,60,MALE,서울,중년_자녀동거,12,,8.2,,6.7,3,6.4,,2.3,8.1,8.5,26.6,30.8,5.8,13.9
carrier,60,MALE,서울,키즈맘_중학생,1,,,,7.9,6.8,,,,,,14.8,25.5,1.5,8.6
carrier,60,MALE,서울,,45,,,,6.8,1.4,,,1.6,3.5,,26,28.7,6.1,12.9
carrier,60,MALE,서울,키즈맘_미취학,1,,,,7.5,1.4,,,0.6,,,36.4,38.2,9.1,18.8
carrier,60,MALE,서울,중년_1인,3,,,,9.8,5.1,,,5.4,3.4,,27,30.3,5.6,13.6
carrier,60,MALE,서울,시니어,1,,,,7.7,,,,,,,0,0,0,0
carrier,60,MALE,서울,중년_2인,6,,8.3,,5.1,2.3,,,1.4,0.2,,18.7,20.1,4.1,9.3
carrier,60,MALE,세종,,1,,8,,,0.7,,,2,,,27.8,21.7,8.9,7
carrier,60,MALE,울산,,8,,,,3.9,1.2,,8,0,,,31.3,29.7,9.3,14.1
carrier,60,MALE,울산,중년_2인,1,,,,8.1,2,,,0.1,,,37.9,36.8,9.3,18
carrier,60,MALE,울산,중년_자녀동거,1,10,,10,6.2,5.7,0.8,,3.6,,,36.9,38.9,9.9,18.2
carrier,60,MALE,울산,키즈맘_초등생,2,,8.2,,9.8,1.6,,,0.4,8,8.2,0,0,0,0
carrier,60,MALE,인천,시니어,1,,8.3,,6.4,7.1,,,0.3,,,0,0,0,0
carrier,60,MALE,인천,중년_자녀동거,1,,8.1,,,0.7,,,,,,37.3,38.2,9.4,18.7
carrier,60,MALE,인천,중년_2인,2,10,8.2,10,7.9,5.3,,,5.5,,,26.7,27.6,7.9,10.8
carrier,60,MALE,인천,,16,10,8.8,10,8.1,5.6,,,2.5,4.1,8.8,28.3,31.3,6.9,14.4
carrier,60,MALE,인천,중년_1인,4,,8.4,,7.9,4,,,1.5,0.2,,31,34.4,7.1,16.3
carrier,60,MALE,전남,,2,,,,,,,,,,,,,,
carrier,60,MALE,전남,시니어,2,0,,0,8.7,1.7,,,0.3,,,10.4,14.8,1.9,6.1
carrier,60,MALE,전북,중년_1인,1,,,,9.1,2.4,,,0.6,2.5,,39.4,39.6,9.9,18.2
carrier,60,MALE,전북,,11,,8.3,,8.4,,,,,,,31,29.5,8.4,12
carrier,60,MALE,전북,중년_2인,1,,,,8,0.7,,,,,,15.7,20.8,1.1,7.9
carrier,60,MALE,제주,,1,,,,,,,,,,,,,,
carrier,60,MALE,충남,,10,10,,10,8.8,,,,0.4,7.9,,31,32.1,9.2,12.3
carrier,60,MALE,충남,시니어,1,,8.3,,6.5,,6.4,1.2,0.3,,,0,0,0,0
carrier,60,MALE,충남,중년_2인,1,,,,,8.1,,,0.6,,,35.4,36.5,9.6,18.4
carrier,60,MALE,충남,중년_자녀동거,2,,,,4.9,2.4,,,4.4,,,15.1,15.9,4.2,6.7
carrier,60,MALE,충북,,2,,,,,,,,,,,,,,
carrier,60,MALE,충북,중년_1인,1,,,,7.9,0.6,,,,,,39.2,38.2,9.6,19.1
carrier,70,FEMALE,,중년_자녀동거,1,,,,9.8,9,,,,,,0,0,0,0
carrier,70,FEMALE,,,12,,,,,,,,,,,,,,
carrier,70,FEMALE,,시니어,6,,8.8,,5.3,0.9,8,,1,8.2,,0,0,0,0
carrier,70,FEMALE,강원,,1,,,,,,,,,,,,,,
carrier,70,FEMALE,경기,키즈맘_초등생,1,,,,,,,,,8.7,,0,0,0,0
carrier,70,FEMALE,경기,중년_자녀동거,1,,9.2,,5.6,2.6,,,2.7,,,0,0,0,0
carrier,70,FEMALE,경기,,9,,,,,,,,,,,,,,
carrier,70,FEMALE,경기,시니어,2,10,,10,6.8,1.9,,,3.3,8.2,,0,0,0,0
carrier,70,FEMALE,경남,키즈맘_초등생,1,,,,9.6,9.8,,,1.7,,,0,0,0,0
carrier,70,FEMALE,경남,,2,,,,,,,,,,,,,,
carrier,70,FEMALE,경북,시니어,3,10,8.7,10,6,3.8,,,4.5,8.2,,0,0,0,0
carrier,70,FEMALE,경북,,6,,,,,,,,,,,,,,
carrier,70,FEMALE,광주,,1,,,,,,,,,,,,,,
carrier,70,FEMALE,광주,시니어,1,10,,10,8,1,,,3.2,,,0,0,0,0
carrier,70,FEMALE,대구,,1,,,,,,,,,,,,,,
carrier,70,FEMALE,부산,중년_자녀동거,1,,,,9.2,0.8,,,3.3,,,0,0,0,0
carrier,70,FEMALE,부산,,3,,,,,,,,,,,,,,
carrier,70,FEMALE,서울,키즈맘_중학생,1,,8.8,,,,,,0.5,,,0,0,0,0
carrier,70,FEMALE,서울,시니어,2,,,,4,1.2,,,1.4,,,0,0,0,0
carrier,70,FEMALE,서울,,6,,,,,,,,,,,,,,
carrier,70,FEMALE,울산,중년_자녀동거,1,10,8.7,10,8,9.3,,,9.6,8.2,,0,0,0,0
carrier,70,FEMALE,울산,,1,,,,,,,,,,,,,,
carrier,70,FEMALE,인천,,5,,,,7.7,9.5,,,10,,,0,0,0,0
carrier,70,FEMALE,전북,시니어,1,,,,,0.3,,,,,,0,0,0,0
carrier,70,FEMALE,전북,,3,,,,,,,,,,,,,,
carrier,70,FEMALE,제주,,1,,,,,,,,,,,,,,
carrier,70,FEMALE,충남,,1,,,,,,,,,,,,,,
carrier,70,MALE,,,23,0,9.9,0,5.9,3.5,,,8.4,,,0,0,0,0
carrier,70,MALE,,시니어,8,,8.9,,8.8,3.6,6.4,,0.8,,,0,0,0,0
carrier,70,MALE,강원,시니어,2,0,8.7,0,8.7,5.3,8,,0.6,,,0,0,0,0
carrier,70,MALE,강원,,3,,,,,,,,,,,,,,
carrier,70,MALE,경기,중년_자녀동거,2,,9.2,,5.9,2.8,,,2,8.4,,0,0,0,0
carrier,70,MALE,경기,시니어,5,10,8.7,10,6.1,3.1,,,0.8,,,0,0,0,0
carrier,70,MALE,경기,,13,,,,,,,,,,,,,,
carrier,70,MALE,경남,,1,,,,,,,,,,,,,,
carrier,70,MALE,경북,시니어,1,10,9.1,10,9.4,1.3,,0.1,0.3,,,0,0,0,0
carrier,70,MALE,경북,,4,,,,2,,,,,,,0,0,0,0
carrier,70,MALE,대구,,4,,,,,,,,,,,,,,
carrier,70,MALE,대전,,1,,,,,,,,,,,,,,
carrier,70,MALE,부산,,5,,,,,,,,,,,,,,
carrier,70,MALE,부산,시니어,2,1.8,8.9,1.8,8.9,6.6,,,6.7,,,0,0,0,0
carrier,70,MALE,서울,,8,,,,,,,,,,,,,,
carrier,70,MALE,서울,시니어,2,,9.1,,2,5,,,1.8,,,0,0,0,0
carrier,70,MALE,울산,,2,,,,,,,,,,,,,,
carrier,70,MALE,울산,시니어,1,,8.7,,0,0.5,9,,,,,0,0,0,0
carrier,70,MALE,인천,시니어,2,,,,0.2,1.1,,,1.3,,,0,0,0,0
carrier,70,MALE,인천,키즈맘_중학생,2,10,,10,9.1,5.6,,,,,8.7,0,0,0,0
carrier,70,MALE,인천,중년_자녀동거,3,,8.7,,7.3,3.8,,,1,0.4,,0,0,0,0
carrier,70,MALE,인천,,10,,,,8.8,8.7,,,8.2,,8.7,0,0,0,0
carrier,70,MALE,전북,,4,,,,,,,,,,,,,,
carrier,70,MALE,전북,시니어,2,,,,7.7,,,,3,,,0,0,0,0
carrier,70,MALE,전북,중년_자녀동거,1,,,,,,,,,,,0,0,0,0
carrier,70,MALE,충북,시니어,1,,,,9.4,2.9,,,,,,0,0,0,0
carrier,70,MALE,충북,,1,,,,,,,,,,,,,,
carrier,80,FEMALE,,,3,,,,,,,,,,,,,,
carrier,80,FEMALE,,시니어,1,,9.1,,2.4,1.4,,,2.4,9.9,,0,0,0,0
carrier,80,FEMALE,경기,,1,,,,,,,,,,,,,,
carrier,80,FEMALE,경기,중년_자녀동거,1,,8.8,,,0.5,,,4.7,,,0,0,0,0
carrier,80,FEMALE,경남,,1,,,,,,,,,,,,,,
carrier,80,FEMALE,대전,,1,,,,,,,,,,,,,,
carrier,80,FEMALE,서울,,1,,,,,,,,,,,,,,
carrier,80,FEMALE,인천,중년_자녀동거,1,0,,0,8.6,,,,,,,0,0,0,0
carrier,80,FEMALE,인천,,2,,,,,,,,,,,,,,
carrier,80,MALE,,시니어,1,,,,7.6,3.5,,,0.1,,,0,0,0,0
carrier,80,MALE,,,3,,,,7.9,0.7,,,,8.3,,0,0,0,0
carrier,80,MALE,광주,,2,,,,,,,,,,,,,,
carrier,80,MALE,서울,,3,,,,,,,,,,,,,,
carrier,80,MALE,서울,시니어,1,,9.2,,5.7,6.8,,,0.4,,,0,0,0,0
carrier,80,MALE,인천,,2,,,,,,,,,,,,,,
carrier,80,MALE,인천,시니어,2,,,,8,0.7,,,1.9,,,0,0,0,0
carrier,80,MALE,충북,,1,,,,,,,,,,,,,,
cooing,,,서울,,1,,,,,,,,,,,,,,
cooing,10,FEMALE,,,1,,,,,,,,,,,,,,
cooing,10,FEMALE,,중년_자녀동거,1,,7.5,,,1,,,4.6,,,7.3,6.6,1,5.5
cooing,10,MALE,,,1,,,,,,,,,,,,,,
cooing,10,MALE,,중년_자녀동거,1,,,,6.5,3.7,,,,,,30.5,35.5,8.1,11.5
cooing,20,FEMALE,,중년_자녀동거,2,,6.4,,2.6,5.7,,,9.1,,,18.5,22.5,5.5,9.6
cooing,20,FEMALE,,키즈맘_미취학,2,,7.7,,7.8,7.2,,,5.4,,,23.5,19.9,5.5,12.4
cooing,20,FEMALE,,,13,10,7.7,10,6.5,8.7,8,0.1,8.6,,,18.6,20.2,4.4,10.5
cooing,20,FEMALE,강원,,1,,,,,,,,,,,,,,
cooing,20,FEMALE,경기,1인가구,1,,,,,9.8,,,10,,,38.2,38.5,9.4,16.7
cooing,20,FEMALE,경기,중년_자녀동거,2,,7.5,,2.6,5.7,,,8.5,8.1,,28.4,22.4,8.5,13.7
cooing,20,FEMALE,경기,,8,,7.4,,8.1,9.8,4,,9.9,,,36.9,35.5,9,17.1
cooing,20,FEMALE,경기,키즈맘_미취학,1,,7.8,,5.3,9.7,,,9.8,,,34.2,37.2,8.6,15.1
cooing,20,FEMALE,경남,중년_자녀동거,1,10,7.5,10,5.6,0.9,,,,,,28.5,36.6,8.4,15.5
cooing,20,FEMALE,경남,,1,,,,,,,,,,,,,,
cooing,20,FEMALE,광주,,3,,,,,,,,,,,,,,
cooing,20,FEMALE,광주,1인가구,1,,7.7,,6.1,9.8,,,10,,,37.3,37.9,9.5,18.2
cooing,20,FEMALE,광주,키즈맘_초등생,1,,8.6,,0,9.6,,,9.8,,7.5,10.5,7,2.1,8.5
cooing,20,FEMALE,대구,,1,,,,,,,,,,,,,,
cooing,20,FEMALE,대구,중년_자녀동거,1,10,6.5,10,9.7,9.8,,,10,,,12,13.3,0.3,11
cooing,20,FEMALE,대전,키즈맘_초등생,1,,6.4,,9.2,8.7,,,4.2,,,16.2,13.8,3.9,8
cooing,20,FEMALE,대전,1인가구,1,,8.5,,9,9.7,,,10,,,38.6,38.8,9.5,15.8
cooing,20,FEMALE,대전,키즈맘_미취학,1,10,7.6,10,0,9.9,,,9.6,,7.5,15.6,9.6,6.1,10.8
cooing,20,FEMALE,대전,,5,,,,,,,,,,,,,,
cooing,20,FEMALE,부산,,3,10,8.5,10,9.8,7.4,8,3.1,9.2,,,16.2,9,3.3,10.5
cooing,20,FEMALE,서울,중년_자녀동거,2,10,7.1,10,9.2,9.2,,0,9.4,,,23.9,24,6.9,10.2
cooing,20,FEMALE,서울,1인가구,2,10,6.4,10,4.5,7.9,,,8,,7.6,22,21.9,5.8,11.9
cooing,20,FEMALE,서울,,9,,7.6,,7.9,7.4,,,6.9,,,19.1,7.3,9.2,3.7
cooing,20,FEMALE,울산,,1,,,,,,,,,,,,,,
cooing,20,FEMALE,울산,1인가구,1,,7.5,,,0.8,,,,,,35.8,26.9,5.3,9.7
cooing,20,FEMALE,인천,키즈맘_미취학,1,,7.9,,1,9.7,,,9.4,,,34.9,35.5,8.3,18.1
cooing,20,FEMALE,인천,,3,,6.3,,0.2,7.4,,,9.6,,,14.3,17.1,0.5,12.2
cooing,20,FEMALE,인천,중년_자녀동거,1,2.2,8.6,2.2,8.4,6.6,,0,8.7,,,32,35.1,8.5,14.5
cooing,20,FEMALE,충남,,3,,,,,,,,,,,13.2,17.4,0.5,11.5
cooing,20,MALE,,중년_자녀동거,2,,7.6,,9.7,2.1,,,,,,35.7,35.6,8.5,14.5
cooing,20,MALE,,1인가구,3,10,8.1,10,4.9,6.5,,,7.6,,,27.8,27.9,6,12.2
cooing,20,MALE,,,14,10,6.9,10,8.9,6.4,,8.2,3.1,8.3,,25,22.5,5.2,12.1
cooing,20,MALE,,키즈맘_초등생,1,,6.4,,9.6,,,,,,,15.6,26.4,1,12.3
cooing,20,MALE,강원,,1,,,,,,,,,,,,,,
cooing,20,MALE,경기,키즈맘_중학생,1,,7.6,,7.9,9.8,,,10,,,12.5,21.3,1.1,9.8
cooing,20,MALE,경기,,5,,7.7,,0.6,1.5,,,2.5,,,33.4,32.2,7.8,13.7
cooing,20,MALE,경남,,2,,,,,,,,,,,,,,
cooing,20,MALE,경남,1인가구,1,2.1,8.1,2.1,7.8,9.6,,,3.8,,7.7,38,39.4,9.5,17.6
cooing,20,MALE,대전,,2,,,,,,,,,,,,,,
cooing,20,MALE,대전,1인가구,1,10,6.4,10,8.2,9.8,,,9.9,,,14.3,22.9,1.1,12.4
cooing,20,MALE,부산,중년_자녀동거,1,,,,7.9,6.8,,,9,,,22,15.2,5.8,7.7
cooing,20,MALE,부산,,2,,,,,,,,,,,,,,
cooing,20,MALE,서울,키즈맘_미취학,1,,7.6,,,1.4,,,,,,35.2,38,9,14.9
cooing,20,MALE,서울,,8,8.6,8.4,8.6,8.5,8.2,,0,2.4,,,27.4,27.1,9.1,10.5
cooing,20,MALE,서울,중년_자녀동거,1,,7.7,,8.9,0.7,,,,,,37.7,39.7,9.5,16
cooing,20,MALE,울산,,1,,6.4,,8,1,,,,,,21.5,13.3,8.5,7.3
cooing,20,MALE,인천,,1,,,,,,,,,,,,,,
cooing,20,MALE,인천,키즈맘_미취학,1,,,,8.9,8.1,,,6.4,,,38.2,37.1,9,19
cooing,20,MALE,전남,중년_자녀동거,1,,6.4,,8,9.8,,,9.9,,,23.8,15.6,6.9,6.2
cooing,20,MALE,전남,,2,,,,,,,,,,,,,,
cooing,20,MALE,전북,중년_자녀동거,1,0,7.4,0,7.6,9.9,,,10,,7.7,16.9,16.9,4.1,8.7
cooing,20,MALE,전북,,3,,,,,7.5,,,,,,37.9,33.8,7.8,18.3
cooing,20,MALE,제주,,1,,,,,,,,,,,,,,
cooing,20,MALE,제주,중년_자녀동거,1,,6.4,,9.9,6.9,,,0.8,,,14,19.5,1,11
cooing,20,MALE,충남,,2,,,,,,,,,,,,,,
cooing,20,MALE,충북,,1,,,,,,,,,,,,,,
cooing,30,FEMALE,,2인가구,1,10,,10,0,5.1,,,8.3,,,0,0,0,0
cooing,30,FEMALE,,,21,8.7,7.4,8.7,7.8,6.1,,,5.5,,7.4,24.1,23.3,6.2,12.5
cooing,30,FEMALE,,1인가구,1,0,,0,9.7,9.7,,,8.9,,,37.5,38.9,9.7,17.3
cooing,30,FEMALE,,중년_자녀동거,2,,8.5,,8.8,9.3,,8,5.8,,,19.5,22.3,5.6,7.7
cooing,30,FEMALE,강원,키즈맘_미취학,1,10,7.4,10,7.9,2,,,1.5,,,33.9,37.9,8.4,15.8
cooing,30,FEMALE,강원,,2,,,,,,,,,,,,,,
cooing,30,FEMALE,경기,키즈맘_중학생,1,,,,8.1,0.9,,,,,,38,38.5,9.6,15.4
cooing,30,FEMALE,경기,중년_자녀동거,3,6.7,7.9,6.7,5.7,7.3,8,,9.8,,,25.5,23.6,6.2,12.9
cooing,30,FEMALE,경기,키즈맘_초등생,1,10,,10,6.9,9.8,,,10,,7.4,36,34.3,7.3,18.8
cooing,30,FEMALE,경기,1인가구,1,10,7.6,10,6.7,3.3,,,0.2,,,26.8,31.3,6.2,11.1
cooing,30,FEMALE,경기,,16,7.2,7.8,7.2,8,7.5,8,0.4,7.6,,,28.4,26.2,7.5,13.8
cooing,30,FEMALE,경남,키즈맘_미취학,1,,,,9.8,9.6,,,2.1,,,17.4,16.8,4.9,10.6
cooing,30,FEMALE,경남,,4,10,7.4,10,7.9,6.6,,,7.7,,,28,20.7,8,12.4
cooing,30,FEMALE,경북,,3,10,6.3,10,9,0.8,,,5,,,22.2,7.5,9,4.7
cooing,30,FEMALE,광주,,2,,,,,,,,,,,,,,
cooing,30,FEMALE,광주,1인가구,1,,8.6,,4.6,7.4,,0,0.2,,,32.9,35.7,8.6,16.5
cooing,30,FEMALE,광주,키즈맘_미취학,1,10,7.8,10,9.1,2.8,,,2.9,,,28.5,33.4,9.2,11.5
cooing,30,FEMALE,대구,키즈맘_미취학,1,,,,9.7,7.3,,,8.2,,,11.8,14.9,0.2,13.2
cooing,30,FEMALE,대구,,1,,,,,,,,,,,,,,
cooing,30,FEMALE,대전,,2,,,,,,,,,,,,,,
cooing,30,FEMALE,부산,1인가구,1,,7.5,,8.8,9.4,,,4.8,,,17.6,17.5,4.6,9.1
cooing,30,FEMALE,부산,,6,10,,10,6.5,8.2,,,7.9,9.1,,35.6,37.2,8.8,18.8
cooing,30,FEMALE,서울,키즈맘_초등생,1,5.4,6.3,5.4,9.8,1.8,,,1.2,,,13.9,11.3,1.6,6.6
cooing,30,FEMALE,서울,1인가구,2,5,7.6,5,9.4,6,,,7,,,31.3,35.3,7.5,16.4
cooing,30,FEMALE,서울,키즈맘_미취학,1,,,,8,9.7,,,10,,,12.5,10.3,0.8,11.4
cooing,30,FEMALE,서울,,9,,7.5,,6.7,9.7,,,9.9,,,37.6,39.1,9.1,18.8
cooing,30,FEMALE,울산,,4,10,7.8,10,7.6,4.2,,,8.7,,,38.3,37.7,9.4,18.7
cooing,30,FEMALE,울산,키즈맘_미취학,2,7.7,6.3,7.7,8.9,9.7,,,10,,,12.8,10.6,3.2,9.5
cooing,30,FEMALE,인천,,5,10,6.4,10,8.1,7.4,,,8.6,,,29.2,23,9.3,12.5
cooing,30,FEMALE,전북,,3,,,,,,,,,,,,,,
cooing,30,FEMALE,전북,중년_자녀동거,1,,8.5,,9.7,9.9,,8,8.9,,,11.1,8.3,1.1,9.1
cooing,30,FEMALE,전북,1인가구,1,10,7.5,10,7.7,9.1,,,8.3,,,35.9,37.7,9.3,15.9
cooing,30,FEMALE,전북,키즈맘_미취학,1,,,,8,,,,,,,0,0,0,0
cooing,30,FEMALE,충남,키즈맘_미취학,1,10,7.6,10,7.6,5.7,,,9.5,,,27.9,32.9,6,17.3
cooing,30,FEMALE,충남,,3,10,9.1,10,9.7,9.6,,,0.8,,,29.5,30.9,8.3,12.5
cooing,30,FEMALE,충북,,4,,,,,,,,,,,,,,
cooing,30,FEMALE,충북,중년_자녀동거,2,6.5,6.3,6.5,7.2,9.6,,,9.8,,,26.1,21.5,7.4,10.5
cooing,30,FEMALE,충북,1인가구,1,,7.4,,9.2,1.5,,,4.3,3.1,,34.7,36.2,8.7,17.2
cooing,30,MALE,,키즈맘_미취학,2,,7.4,,8.8,1.2,,,8,,,28.5,31.7,6,14.7
cooing,30,MALE,,,32,6.7,7.9,6.7,9.6,8.1,,8.9,5,,8.3,28.1,26,8,12.8
cooing,30,MALE,,중년_자녀동거,6,10,7.4,10,8,7.5,,8.5,6.8,,,21.3,24.1,3.6,12
cooing,30,MALE,,1인가구,5,6.7,7,6.7,7,8.5,,,4.9,,,22.5,28.7,4.2,11.9
cooing,30,MALE,,키즈맘_초등생,1,,7.4,,9.4,2.5,,,,,,38.2,37.8,9.5,18.9
cooing,30,MALE,강원,,1,,,,,,,,,,,,,,
cooing,30,MALE,경기,2인가구,2,8.5,6.7,8.5,8.9,9.7,,,7.5,7.8,,17.7,22.4,2.4,12.5
cooing,30,MALE,경기,1인가구,5,0,7.7,0,7.8,6.5,,,4.3,2,8.1,29.6,30.2,7.2,13.2
cooing,30,MALE,경기,키즈맘_미취학,2,0.1,6.3,0.1,8,5.4,,,5.5,,,28.4,28.4,5.8,12
cooing,30,MALE,경기,중년_자녀동거,2,,7.9,,8,8.1,,,9.7,,,27.1,34.2,5.2,14.7
cooing,30,MALE,경기,,22,4,,4,9,6.7,6.4,8,6.5,7.7,,26.6,23.7,7.4,12.5
cooing,30,MALE,경기,키즈맘_중학생,1,,,,8,8.6,,,8.6,,,13.1,10.4,3.9,8.5
cooing,30,MALE,경남,1인가구,1,,7.3,,9,9.8,,,10,,,26.8,20.3,7.6,11.1
cooing,30,MALE,경남,,2,5.8,,5.8,8.9,9.9,,,9.7,,,14.3,12.8,1.4,10.3
cooing,30,MALE,경북,,1,,,,,,,,,,,,,,
cooing,30,MALE,경북,키즈맘_미취학,1,,6.2,,8,1.1,,,,,,19.8,12.7,5.2,8.2
cooing,30,MALE,광주,,2,,7.5,,8.2,5.5,6.4,,6.5,,7.4,37.5,37.4,9.4,18.5
cooing,30,MALE,대구,1인가구,1,,,,0,1,,,,,,13.8,19.1,2.5,10.3
cooing,30,MALE,대구,,4,,,,8,8.6,,,8.7,,,19.7,16.2,3.3,10.1
cooing,30,MALE,대전,키즈맘_초등생,1,,7.4,,8.6,1.7,,,,,,36.8,34.3,8.8,18.1
cooing,30,MALE,대전,,3,,,,,,,,,,,,,,
cooing,30,MALE,부산,중년_자녀동거,1,,,,7.7,3.9,,,6.3,,,17.2,17.1,4.4,8.9
cooing,30,MALE,부산,키즈맘_미취학,1,,6.2,,8,1.2,,,8.2,,,17.7,17.4,4.5,8.9
cooing,30,MALE,부산,,5,,7.4,,,1.9,,,6.2,,,27.6,33.5,7.7,14.7
cooing,30,MALE,서울,,14,,,,,,,,,,,,,,
cooing,30,MALE,서울,중년_자녀동거,2,,7,,4.7,1,,,4.1,,,20.5,22.3,3.9,9.7
cooing,30,MALE,서울,키즈맘_미취학,1,4.1,6.2,4.1,9.8,9.9,,1.5,2.9,7.8,,16.6,27.2,1.1,12.5
cooing,30,MALE,서울,1인가구,4,10,7.5,10,9.1,5,,,5.8,,,23.1,23.4,4.7,11.1
cooing,30,MALE,세종,,1,,6.2,,9.7,9.6,,,10,,,28.6,25.7,8.8,10.4
cooing,30,MALE,울산,키즈맘_중학생,1,,7.7,,4.4,1.1,,,5.6,,,26.8,29.6,7.2,13.7
cooing,30,MALE,울산,,2,,,,,,,,,,,,,,
cooing,30,MALE,울산,1인가구,1,,,,9.8,1,,,,,,37.6,37.8,8.8,17.2
cooing,30,MALE,인천,,5,,6.3,,9.6,3.2,,,0.1,7.7,,18,17.9,4.5,9.4
cooing,30,MALE,인천,키즈맘_초등생,1,,7.4,,4.4,8.2,,,,,,31.1,27.1,8,15.4
cooing,30,MALE,전남,2인가구,1,0,6.3,0,8.6,9.9,,,10,,,25.2,20.9,5.5,10.4
cooing,30,MALE,전남,,3,,7.3,,8,9.1,,,5.6,,,18.2,28.7,2.4,12.7
cooing,30,MALE,전북,,5,,6.6,,9.3,9.9,,,0.3,,,27.1,20.1,8.6,8.3
cooing,30,MALE,전북,1인가구,3,,6.9,,6.4,6.2,,,2,,,29.9,33.7,6.3,14.7
cooing,30,MALE,충남,,3,,,,,,,,,,,,,,
cooing,30,MALE,충남,키즈맘_초등생,1,,7.5,,,1.5,,,,,,38.2,38.4,9.5,19.2
cooing,30,MALE,충남,키즈맘_미취학,1,,7.8,,9,0.6,,,4.5,,,38.5,37.5,9.4,18.2
cooing,30,MALE,충북,키즈맘_초등생,1,,6.3,,8,8.2,,,,,,0.3,0.4,0,0.2
cooing,30,MALE,충북,,3,,,,,,,,,,,,,,
cooing,40,FEMALE,,키즈맘_초등생,2,,7.3,,9.1,5.1,,,5.2,,,36,38.6,9.6,16.9
cooing,40,FEMALE,,,15,0.1,7.5,0.1,6.6,6.9,,,3.9,0.1,,33.8,31.9,9.4,15.6
cooing,40,FEMALE,,중년_자녀동거,2,,8.3,,7.8,5.6,8,8,4.5,,,26.3,24.6,6.8,13
cooing,40,FEMALE,강원,,2,,,,,,,,,,,,,,
cooing,40,FEMALE,경기,키즈맘_미취학,1,,7.4,,8.8,9.9,,,9.8,,,39,39.4,9.8,19.4
cooing,40,FEMALE,경기,1인가구,1,10,7.4,10,7.5,9.6,,,1.9,,,37.2,38.8,9.4,17.9
cooing,40,FEMALE,경기,,13,10,7.3,10,9,6.7,,,1.6,2.3,,34.3,31.2,8.4,15.6
cooing,40,FEMALE,경기,키즈맘_중학생,1,,,,9.9,9.7,,,10,,,19.6,11,7.3,6.6
cooing,40,FEMALE,경기,중년_자녀동거,2,,,,4,7.7,8,,9.8,8.3,,18.8,19.2,4.7,9.9
cooing,40,FEMALE,경남,,5,,,,,,,,,,,,,,
cooing,40,FEMALE,경남,키즈맘_초등생,1,10,9.5,10,8,9.1,,8.9,8.8,,,0.2,0.2,0,0.1
cooing,40,FEMALE,경남,1인가구,2,10,,10,8.9,9.1,8,,5,3.6,,25.2,24.6,5.6,13.6
cooing,40,FEMALE,경북,중년_자녀동거,1,,7.9,,6.6,9.8,,,9.7,,,38.7,39.1,9.5,18.3
cooing,40,FEMALE,경북,,1,,,,,,,,,,,,,,
cooing,40,FEMALE,대구,키즈맘_미취학,1,10,7.4,10,4.8,8.3,,,9.3,,,36.2,36.5,8.3,18.2
cooing,40,FEMALE,대구,,2,,,,,,,,,,,,,,
cooing,40,FEMALE,부산,중년_자녀동거,2,10,7.6,10,6.6,7.4,,,2.8,0.2,,34,36.9,8.3,16.5
cooing,40,FEMALE,부산,,5,,,,,,,,,,,,,,
cooing,40,FEMALE,서울,,10,10,6.7,10,8.4,6.5,,9.2,6.1,,,22.9,21.7,5.3,13.5
cooing,40,FEMALE,서울,키즈맘_미취학,1,10,7.5,10,9.9,9.7,,,9.9,,,33.4,34.9,7.9,16.9
cooing,40,FEMALE,서울,키즈맘_초등생,2,5,7.1,5,8.5,8.2,,,3.1,9.9,,28.5,26.8,7.1,14.1
cooing,40,FEMALE,서울,키즈맘_중학생,2,,9.4,,6.4,5.2,,8.9,9.5,7.7,,26.2,22.4,5.8,14.1
cooing,40,FEMALE,울산,,1,,,,,,,,,,,,,,
cooing,40,FEMALE,인천,중년_자녀동거,1,,6.8,,8.9,0.6,10,,2.4,,,29.5,24.3,6,13.1
cooing,40,FEMALE,인천,,3,,7.5,,4.5,8.8,,,7.4,2.8,,28.6,23.4,9.2,11.7
cooing,40,FEMALE,전남,,1,,6.2,,9.9,1.7,0.3,,0.3,,,18,17.6,4.6,9.2
cooing,40,FEMALE,전북,,2,10,,10,7.4,5.1,,,9.9,,,38.1,37.7,9.6,18.4
cooing,40,FEMALE,충남,키즈맘_초등생,1,,7.4,,6.2,8.5,,,,,,33,32.6,8.3,18.6
cooing,40,FEMALE,충남,,1,,,,,,,,,,,,,,
cooing,40,FEMALE,충북,,3,,,,9.8,0.8,,,,,,23.9,16,9.5,7.4
cooing,40,FEMALE,충북,키즈맘_초등생,1,,,,,0.6,,,,,,18.5,18.2,4.9,9.5
cooing,40,FEMALE,충북,중년_자녀동거,1,,,,3.4,0.9,,,1.3,,,39.1,39.3,9.8,18.9
cooing,40,MALE,,2인가구,1,7.2,7.5,7.2,6.8,8.2,,,5.6,,,34.8,33.6,8.5,15.9
cooing,40,MALE,,1인가구,2,1.3,7.2,1.3,3.8,4.7,,,2.2,,,28.1,27.8,7.2,14.6
cooing,40,MALE,,,16,0.1,7.1,0.1,7.5,3.8,,0,2.6,,,31.7,33.7,7.2,16.6
cooing,40,MALE,,키즈맘_미취학,1,10,7.9,10,7.1,9.5,,,9.5,0,,34.2,33.8,7.5,13.8
cooing,40,MALE,,키즈맘_초등생,1,,,,6.2,3.7,,,1.4,,,36.9,36.7,9.4,17.8
cooing,40,MALE,강원,,2,,,,,,,,,,,,,,
cooing,40,MALE,강원,중년_자녀동거,1,,,,7.5,9.4,,,9.6,,,37.1,36.4,9.5,18.3
cooing,40,MALE,경기,중년_자녀동거,2,10,7.7,10,5.9,0.8,,,1.5,,,17.6,17.5,4.6,9.2
cooing,40,MALE,경기,키즈맘_초등생,1,,7.2,,9.9,2.2,,,0.3,,,24.7,30,1.7,13.1
cooing,40,MALE,경기,,17,10,6.7,10,7.8,4,,,0.5,,,21.5,21.6,5,8.9
cooing,40,MALE,경기,2인가구,2,,8.2,,5.9,9,,,7.4,,,38.7,36.8,9.8,19
cooing,40,MALE,경기,키즈맘_중학생,1,,7.9,,2.8,1.6,,,0.1,,,17.2,17.2,4.4,8.9
cooing,40,MALE,경남,1인가구,1,,6.2,,0,1.3,,,,,,0.2,0.3,0,0.2
cooing,40,MALE,경남,,4,,7.4,,2.8,0.8,,,1.1,,,36,38.5,9.3,19
cooing,40,MALE,경남,키즈맘_초등생,1,,6.8,,8,0.8,,,,,,12.1,16.6,1.1,10.1
cooing,40,MALE,경북,2인가구,1,,,,8,9.8,,,9.8,7.6,,28.8,28.1,1.3,14.3
cooing,40,MALE,경북,중년_자녀동거,2,,,,9.9,5.2,,,9.6,,,20.5,28.5,3.1,12.8
cooing,40,MALE,경북,,6,,7.3,,9.9,8.3,6.4,,6.1,,,35.1,35.9,8.5,16.2
cooing,40,MALE,광주,2인가구,1,,7.5,,9.4,7.2,,,1.9,,,30.3,34.5,7.6,13.6
cooing,40,MALE,광주,,1,,,,,,,,,,,,,,
cooing,40,MALE,대구,중년_자녀동거,1,,8.6,,7.2,1.2,,8,3.6,,,36.6,38.3,9.4,18.3
cooing,40,MALE,대구,,3,,,,,,,,0.9,,,38.1,37.5,9.2,18.9
cooing,40,MALE,대전,,3,,9.6,,9.5,1.1,,,4.2,,,18.1,17.9,4.7,9.1
cooing,40,MALE,대전,2인가구,1,,,,7.3,9.7,,,10,,,34.7,35.9,8.8,17.8
cooing,40,MALE,부산,,7,5.6,7.6,5.6,8.1,9.4,,,7.8,,8,28.7,24,8.6,11.9
cooing,40,MALE,부산,키즈맘_중학생,2,,7.8,,5.4,1.8,,,,7.7,,31.3,28.8,9.2,12.6
cooing,40,MALE,부산,중년_자녀동거,2,,7.7,,9.7,3.9,,0.1,4.7,,,35.9,36,9.3,17.3
cooing,40,MALE,서울,,15,,7.2,,5,5.7,,8.9,1.9,7.6,,19.6,21.6,4,11.1
cooing,40,MALE,서울,키즈맘_미취학,1,,7.3,,10,1.5,,,,,,37.6,37.4,9.5,19
cooing,40,MALE,서울,중년_자녀동거,1,,8.5,,9.6,1.4,,8,2.6,,,16.3,28.6,0.6,15.1
cooing,40,MALE,인천,,2,,6.2,,8,5.1,,,2.2,,,27.1,22.7,8.5,7.3
cooing,40,MALE,전남,,1,,,,,,,,,,,,,,
cooing,40,MALE,전북,키즈맘_중학생,2,,6.7,,4,5.2,,,9.7,,,16.6,20,2.6,10.6
cooing,40,MALE,전북,,3,,,,,,,,,,,,,,
cooing,40,MALE,충남,키즈맘_초등생,1,,6.2,,10,10,6.4,,9.7,,,27,22.7,3.3,11.7
cooing,40,MALE,충남,1인가구,4,10,7.4,10,3.3,5.3,5.3,,3.6,,,27.5,32.2,7.2,16.1
cooing,40,MALE,충남,,10,,7.7,,6.9,,,,,2.4,,37.2,36.3,9.1,16.7
cooing,40,MALE,충북,키즈맘_초등생,1,10,6.1,10,7.9,0.6,,,2,,,22.3,24.6,2.1,13.1
cooing,40,MALE,충북,중년_자녀동거,2,10,6.7,10,7.8,8.2,,,3.3,,,26.5,27,6.1,14.9
cooing,40,MALE,충북,키즈맘_중학생,2,10,7.4,10,8.5,5.2,,,0.6,,,24.2,29,4.8,13.8
cooing,40,MALE,충북,,6,,,,,,,,,,,,,,
cooing,50,FEMALE,,,10,0.2,6.8,0.2,9.4,8.9,,6.3,5,7.6,,29.9,25.6,9.5,12.7
cooing,50,FEMALE,,중년_2인,2,,,,7.9,9.5,,,9.2,,,8.5,9.7,1.7,5.4
cooing,50,FEMALE,,중년_자녀동거,1,,7.6,,7.9,9.6,,,10,0.2,,39.1,37.9,9.6,18.2
cooing,50,FEMALE,,키즈맘_초등생,1,10,,10,9.9,9.4,,,1.8,3.6,,36,35.2,9.1,18.9
cooing,50,FEMALE,강원,,1,,,,,,,,,,,,,,
cooing,50,FEMALE,강원,중년_2인,1,,,,,0.3,,,,,,12.4,19.1,0.3,11.4
cooing,50,FEMALE,경기,키즈맘_미취학,2,,8.3,,8,8.4,,0,6.1,,,30.9,36.1,7.9,16
cooing,50,FEMALE,경기,,11,,,,,,,,,,,,,,
cooing,50,FEMALE,경기,중년_자녀동거,4,10,,10,4,6.5,8,0.4,4.3,,,20.1,21.9,3.3,13
cooing,50,FEMALE,경남,,1,,,,,,,,,,,,,,
cooing,50,FEMALE,경북,,1,,,,,,,,,,,,,,
cooing,50,FEMALE,경북,중년_자녀동거,1,,,,0,5.2,,,9.8,8,,13,12,4,7.7
cooing,50,FEMALE,광주,,2,,,,,,,,,,,,,,
cooing,50,FEMALE,광주,중년_자녀동거,1,,,,0.1,5.3,,,0.7,,,29.8,27.2,10,13.2
cooing,50,FEMALE,대구,,4,,,,,,,,,,,,,,
cooing,50,FEMALE,대구,중년_자녀동거,1,,6.8,,8,3,,,9.3,,,12.2,15.1,1.2,10.1
cooing,50,FEMALE,대전,,1,,,,,,,,,,,,,,
cooing,50,FEMALE,부산,중년_자녀동거,2,,,,,3.6,,,2.4,,,20.7,18.7,4.4,9.3
cooing,50,FEMALE,부산,중년_2인,1,,,,,0.8,,,0.9,,,36.3,34.8,8,15.1
cooing,50,FEMALE,부산,,5,,,,4,9.9,,,9.9,,,26,13.8,9.1,7.5
cooing,50,FEMALE,서울,중년_자녀동거,4,10,7.4,10,8.5,5.5,8,,4.8,8.4,,21.9,19.3,6.5,11.3
cooing,50,FEMALE,서울,,13,,,,6.3,9.6,,,9.4,,,17.6,17.5,4.7,9.1
cooing,50,FEMALE,서울,키즈맘_중학생,1,,,,8,3.3,,,3.8,,,20.8,17.3,3.6,10.6
cooing,50,FEMALE,서울,키즈맘_초등생,1,,7.5,,7.9,9.1,8,,1.4,,,14.4,17.3,1.1,9.6
cooing,50,FEMALE,서울,중년_1인,1,,7.5,,,5.2,,,7.1,,,16.4,18.5,3.8,10.8
cooing,50,FEMALE,울산,,2,,,,,,,,,,,,,,
cooing,50,FEMALE,울산,중년_자녀동거,1,10,,10,9.9,1,,,,,,38.5,37,9.5,18
cooing,50,FEMALE,울산,중년_1인,1,,,,2.9,,,,,,,37.5,36.2,9.5,17.7
cooing,50,FEMALE,인천,키즈맘_중학생,1,10,6.8,10,8,8.6,,,3,,,23.3,11.5,7.6,13
cooing,50,FEMALE,인천,중년_자녀동거,1,,,,6.6,8.3,8,,1.6,,,38.7,37.3,9.7,17.1
cooing,50,FEMALE,인천,,3,,,,,,,,,,,,,,
cooing,50,FEMALE,제주,,2,,,,,,,,,,,,,,
cooing,50,FEMALE,제주,중년_자녀동거,2,,,,,9.3,,,1.1,,,26.9,24.1,8,13.1
cooing,50,FEMALE,충남,중년_자녀동거,1,,,,7.9,0.6,,,,,,28.5,22.7,1.8,13.9
cooing,50,FEMALE,충남,,1,,,,,,,,,,,,,,
cooing,50,FEMALE,충북,중년_1인,1,,,,8,5.1,,,0.1,,,13.6,11.2,1.6,9.5
cooing,50,FEMALE,충북,,1,,,,,,,,,,,,,,
cooing,50,MALE,,중년_1인,2,,,,9,8.8,,,0.7,7.6,,24.4,32.3,0.8,12.6
cooing,50,MALE,,중년_자녀동거,1,,,,,0.9,,,2.4,,,38.6,37.7,9.7,18.9
cooing,50,MALE,,,10,,7.8,,4.1,2,,,,,,38,37.4,9.1,18.5
cooing,50,MALE,,중년_2인,2,0,,0,8.4,4,,,0.9,,,37.7,37.2,9.4,18.4
cooing,50,MALE,경기,키즈맘_미취학,1,,7.6,,,7.9,,,,0.2,,0.5,0.5,0.1,0.3
cooing,50,MALE,경기,중년_2인,1,,8.8,,9.9,1.9,,8.9,4,,,15.6,26.7,0.8,11.4
cooing,50,MALE,경기,키즈맘_중학생,1,,7.8,,6,9.1,,,9.7,,,34.2,36.1,9.1,15.8
cooing,50,MALE,경기,,16,,7.9,,10,10,,,10,,8.2,37.9,38.7,9.2,17.8
cooing,50,MALE,경기,중년_자녀동거,2,,,,8.7,5.4,,,4.8,9.9,,35.7,36.1,9.5,16.6
cooing,50,MALE,경기,중년_1인,1,,7.5,,10,9.6,,,9.3,,,36,37.3,9.6,17.7
cooing,50,MALE,경남,중년_자녀동거,1,,,,,,,,,,,34.7,37.5,9.5,18.6
cooing,50,MALE,경남,,3,0,7.9,0,8,7.8,,,2.1,,,31,27.2,9.1,14.1
cooing,50,MALE,경북,,1,,,,,,,,,,,,,,
cooing,50,MALE,광주,중년_자녀동거,1,,6.7,,,5.3,,,1.7,,,28.6,29.7,9.6,12.1
cooing,50,MALE,광주,,1,,,,,,,,,,,,,,
cooing,50,MALE,대구,중년_2인,1,,,,8,0.8,,,1.9,,,18.6,25.6,2.9,7.8
cooing,50,MALE,대구,,4,,8.6,,8,0.7,,9.2,,,,19.1,18.7,5.2,10.2
cooing,50,MALE,대전,,5,,,,,,,,,,,,,,
cooing,50,MALE,대전,중년_자녀동거,1,,7.5,,6.2,2,,,7.3,,,35.8,38.3,9.5,19.2
cooing,50,MALE,대전,중년_2인,3,,6.6,,9,3.9,,0,1.8,,,22.9,28.4,5.2,14.3
cooing,50,MALE,부산,키즈맘_중학생,1,,7.6,,,2.8,,,2.8,9,,38,37.4,9.2,18
cooing,50,MALE,부산,중년_자녀동거,1,,6.6,,8,4.6,,,0.1,,,22.2,17.2,4,7.1
cooing,50,MALE,부산,,4,,7.4,,,1.2,,,2.5,,,30.4,30.4,8.9,12.6
cooing,50,MALE,서울,중년_자녀동거,3,,7.8,,8.7,5,6.4,,5.2,0.1,,31.5,31.4,7.8,15.9
cooing,50,MALE,서울,키즈맘_초등생,2,10,7,10,8,2,,8,2.3,,,19.3,25.4,2.2,12.6
cooing,50,MALE,서울,,7,,,,9.4,9.3,,8,1.4,,,25.8,15.3,9.4,5.8
cooing,50,MALE,서울,중년_2인,1,,7.8,,10,9.8,,,8.1,,,0.5,0.6,0.2,0.2
cooing,50,MALE,인천,,2,,,,,,,,1.3,,,32.1,30.4,5.5,12.2
cooing,50,MALE,인천,중년_자녀동거,1,2.1,7.8,2.1,8.8,0.7,1,,0.3,,,32.5,36.9,8.9,19.1
cooing,50,MALE,전북,,1,,6.9,,8,1,,,0.9,,,30.7,32.4,9.1,9.7
cooing,50,MALE,충남,,1,,,,,,,,,,,,,,
cooing,50,MALE,충북,,2,,,,,,,,,,,,,,
cooing,60,FEMALE,,중년_1인,1,,,,9.5,7.6,,,9.3,,,38,35.9,9.5,19
cooing,60,FEMALE,,,9,,8.7,,8.3,3.7,8,,3.8,7.8,,20.1,19.3,4.9,10.2
cooing,60,FEMALE,,중년_자녀동거,1,0,,0,9.8,9.5,,,1.7,,,13.1,19.7,1,10.4
cooing,60,FEMALE,,중년_2인,1,,,,8,0.9,,,,,,17.3,19.1,3.8,11.1
cooing,60,FEMALE,강원,중년_자녀동거,1,10,,10,,5.5,,,8.2,,,37.6,38.7,9.4,18.8
cooing,60,FEMALE,강원,,1,,,,,,,,,,,,,,
cooing,60,FEMALE,경기,중년_2인,2,,,,3.7,8.7,,,0,,,27.8,28.3,7.7,14.1
cooing,60,FEMALE,경기,,7,,,,8,9.9,8,,9.4,,,30.6,18.6,9.5,11.5
cooing,60,FEMALE,경기,중년_자녀동거,1,,,,,1.8,,,0.7,,,38.9,39.2,9.7,17.9
cooing,60,FEMALE,경기,중년_1인,1,,,,,0.6,,,,,,13.9,18.9,1.5,12.1
cooing,60,FEMALE,경기,키즈맘_초등생,1,10,,10,7.7,,,,1.1,,,0,0,0,0
cooing,60,FEMALE,경남,,1,,,,,,,,,,,,,,
cooing,60,FEMALE,광주,,1,,,,,,,,,,,,,,
cooing,60,FEMALE,광주,중년_1인,1,,,,,1.3,,,,,,0,0,0,0
cooing,60,FEMALE,대구,중년_자녀동거,1,,,,7.9,,,,0.3,,,21.8,21.1,6.9,10.2
cooing,60,FEMALE,대구,,1,,,,,,,,,,,,,,
cooing,60,FEMALE,부산,,1,,,,,,,,,,,,,,
cooing,60,FEMALE,서울,시니어,1,,,,8,0.3,,,2.2,,,14.2,19.6,1,13.5
cooing,60,FEMALE,서울,,1,,,,,,,,,,,,,,
cooing,60,MALE,,,4,,,,,,,,,,,,,,
cooing,60,MALE,,중년_자녀동거,1,,,,9.4,0.8,,,,,,17.2,17.1,4.4,8.6
cooing,60,MALE,,시니어,1,,,,7.9,1,,,0.6,,,0,0,0,0
cooing,60,MALE,,중년_1인,1,,,,,0.7,,,,,,17.9,29.1,0.3,18
cooing,60,MALE,강원,중년_자녀동거,1,10,,10,,7.8,,,1.1,7.8,,24.1,26.1,8.1,9.3
cooing,60,MALE,강원,,2,,,,,0.7,,,,,,26.7,25.9,8.9,7.8
cooing,60,MALE,경기,,9,,,,8,0.6,6.4,,,,,36.2,38.3,9.1,19.1
cooing,60,MALE,경기,시니어,1,,,,7.9,0.7,,,,,,0,0,0,0
cooing,60,MALE,경기,중년_자녀동거,1,,8.2,,9.8,6.9,,,,,,37.4,35.4,9,18
cooing,60,MALE,경기,중년_1인,1,,8.2,,8,1.2,6.4,,1,,,16.6,24.9,2,14.9
cooing,60,MALE,경남,,2,,,,,,,,,,,,,,
cooing,60,MALE,경남,중년_2인,1,,,,,,,,,,,39.1,38.2,9.6,18.5
cooing,60,MALE,대구,,1,,,,,,,,,,,,,,
cooing,60,MALE,서울,,3,,,,,,,,,,,,,,
cooing,60,MALE,서울,중년_자녀동거,1,,,,8,0.6,,,,,,15.2,26.2,0.4,14
cooing,60,MALE,울산,,1,,,,,,,,,,,,,,
cooing,60,MALE,울산,중년_1인,1,,9.5,,8,9.9,,0,9.9,,,38.2,39.4,9.9,19.3
cooing,60,MALE,인천,,3,,,,,,,,,,,,,,
cooing,60,MALE,인천,시니어,1,,,,1.9,,6.4,,2.2,,,38.8,38.6,9.7,17.7
cooing,60,MALE,인천,중년_2인,1,10,8.3,10,,0.7,,,0.2,,,36.5,36.4,9.5,19
cooing,60,MALE,충남,중년_2인,1,,8.2,,9.8,,,,1.9,,,20.2,28.4,3.3,9.4
cooing,60,MALE,충남,,1,,,,,,,,,,,,,,
cooing,60,MALE,충북,,1,,,,,,,,,,,,,,
cooing,70,FEMALE,,시니어,1,,,,7.5,2.3,,,0.2,,,0,0,0,0
cooing,70,FEMALE,,,3,,,,2.4,5.9,,,1.5,,,0,0,0,0
cooing,70,FEMALE,강원,,1,,,,,,,,,,,,,,
cooing,70,FEMALE,강원,시니어,1,,8.7,,9.6,9.7,,,,,,0,0,0,0
cooing,70,FEMALE,서울,,2,,,,,,,,,,,,,,
cooing,70,FEMALE,서울,중년_자녀동거,2,,,,7.1,9.4,,,7.1,10,,0,0,0,0
cooing,70,MALE,,시니어,1,,,,8.8,4.6,,,2.8,,,0,0,0,0
cooing,70,MALE,,,2,,,,,,,,,,,,,,
cooing,70,MALE,경기,시니어,1,,,,8.6,0.5,,,,,,0,0,0,0
cooing,70,MALE,경기,,1,,,,,,,,,,,,,,
cooing,70,MALE,경남,,1,,,,,,,,,,,,,,
cooing,70,MALE,서울,,2,,,,,,,,,,,,,,
cuckoo,,,,,470,9.5,5.4,9.5,5.1,2,9,8,7.1,,,0,0,0,0
cuckoo,,,강원,,12,,,,,,,,,,,,,,
cuckoo,,,경기,,310,10,5.3,10,,0.9,,,1.5,,,0,0,0,0
cuckoo,,,경남,,26,,,,,,,,,,,,,,
cuckoo,,,경북,,17,,,,2.5,,,,,,,0,0,0,0
cuckoo,,,광주,,12,,,,,,,,,,,,,,
cuckoo,,,대구,,22,,,,,,,,,,,,,,
cuckoo,,,대전,,20,,,,,,,,,,,,,,
cuckoo,,,부산,,142,,,,,,,,,,,,,,
cuckoo,,,서울,,1082,10,6.5,10,6.2,4,,2,2.6,7.8,,0,0,0,0
cuckoo,,,세종,,1,,,,,,,,,,,,,,
cuckoo,,,울산,,12,,,,,,,,,,,,,,
cuckoo,,,인천,,60,,,,,,,,,,,,,,
cuckoo,,,전남,,8,,,,,,,,,,,,,,
cuckoo,,,전북,,17,,,,2.5,,,,,,,0,0,0,0
cuckoo,,,제주,,2,,,,,,,,,,,,,,
cuckoo,,,충남,,19,,,,,,,,,,,,,,
cuckoo,,,충북,,21,,,,,,,,,,,,,,
cuckoo,00,FEMALE,,,395,,9.9,,5.7,1,,,,,,0,0,0,0
cuckoo,00,FEMALE,,키즈맘_중학생,28,,9.9,,4,1.2,,0,1,,,0,0,0,0
cuckoo,00,FEMALE,,키즈맘_미취학,4,10,,10,1.7,2.3,,,2.9,,,0,0,0,0
cuckoo,00,FEMALE,,키즈맘_초등생,186,6.3,9.9,6.3,6.4,1.2,,0,2.5,,,0,0,0,0
cuckoo,00,FEMALE,강원,키즈맘_초등생,4,,9.9,,3.4,0.7,,,1.7,,,0,0,0,0
cuckoo,00,FEMALE,강원,,7,,,,,,,,,,,0,0,0,0
cuckoo,00,FEMALE,경기,키즈맘_초등생,10,7.6,9.9,7.6,6.4,1.4,,,2.8,,,0,0,0,0
cuckoo,00,FEMALE,경기,키즈맘_중학생,2,,9.9,,3.5,0.6,,,,,,0,0,0,0
cuckoo,00,FEMALE,경기,,25,,,,,,,,,,,0,0,0,0
cuckoo,00,FEMALE,경남,키즈맘_중학생,1,,,,,,,,,,,0,0,0,0
cuckoo,00,FEMALE,경남,,11,,,,,,,,,,,0,0,0,0
cuckoo,00,FEMALE,경남,키즈맘_초등생,5,,9.9,,,1.8,,,,,,0,0,0,0
cuckoo,00,FEMALE,경북,키즈맘_초등생,3,,9.9,,4.8,8.6,,,9.1,,,0,0,0,0
cuckoo,00,FEMALE,경북,,5,,,,,,,,,,,,,,
cuckoo,00,FEMALE,광주,,2,,,,,,,,,,,,,,
cuckoo,00,FEMALE,대구,,4,,,,,1.3,,,,,,0,0,0,0
cuckoo,00,FEMALE,대구,키즈맘_초등생,3,,9.9,,,0.6,,,,,,0,0,0,0
cuckoo,00,FEMALE,대전,키즈맘_중학생,1,,,,,,,,,,,0,0,0,0
cuckoo,00,FEMALE,대전,,3,,,,,,,,,,,,,,
cuckoo,00,FEMALE,대전,키즈맘_초등생,2,,9.9,,,1.8,,,,,,0,0,0,0
cuckoo,00,FEMALE,부산,,6,,9.9,,,,,,,,,0,0,0,0
cuckoo,00,FEMALE,부산,키즈맘_초등생,2,,,,7.9,1.8,,,,,,0,0,0,0
cuckoo,00,FEMALE,서울,키즈맘_초등생,3,,,,,,,,,,,0,0,0,0
cuckoo,00,FEMALE,서울,,7,,,,,,,,,,,0,0,0,0
cuckoo,00,FEMALE,울산,,1,,,,,,,,,,,,,,
cuckoo,00,FEMALE,인천,,8,,,,,,,,,,,,,,
cuckoo,00,FEMALE,인천,키즈맘_미취학,1,,,,,,,,,,,0,0,0,0
cuckoo,00,FEMALE,인천,키즈맘_초등생,6,10,,10,3.5,1.1,,,1.7,,,0,0,0,0
cuckoo,00,FEMALE,전남,,2,,,,,,,,,,,,,,
cuckoo,00,FEMALE,전남,키즈맘_중학생,1,,9.9,,,,,,,,,0,0,0,0
cuckoo,00,FEMALE,전북,,1,,,,,,,,,,,,,,
cuckoo,00,FEMALE,제주,키즈맘_초등생,1,,,,8,,,,,,,0,0,0,0
cuckoo,00,FEMALE,제주,키즈맘_중학생,1,,,,,0.9,,,1.8,,,0,0,0,0
cuckoo,00,FEMALE,제주,,3,,,,,,,,,,,,,,
cuckoo,00,FEMALE,충남,,6,,,,,,,,,,,,,,
cuckoo,00,FEMALE,충남,키즈맘_초등생,3,,9.9,,,,,,,,,0,0,0,0
cuckoo,00,FEMALE,충남,키즈맘_중학생,1,,,,,0.6,,,,,,0,0,0,0
cuckoo,00,FEMALE,충북,키즈맘_초등생,2,,9.9,,,,,,,,,0,0,0,0
cuckoo,00,FEMALE,충북,,4,,,,,1.8,,,,,,0,0,0,0
cuckoo,00,FEMALE,충북,키즈맘_중학생,1,,,,,,,,,,,0,0,0,0
cuckoo,00,MALE,,,416,,9.9,,5,1.3,,,,,,0,0,0,0
cuckoo,00,MALE,,키즈맘_초등생,201,9,9.9,9,5.7,1.8,,5.3,1.8,10,,0,0,0,0
cuckoo,00,MALE,,키즈맘_미취학,4,10,9.9,10,7.7,1.8,,,5.4,,,0,0,0,0
cuckoo,00,MALE,,키즈맘_중학생,28,7.2,9.9,7.2,5.6,1.4,,,0.9,,,0,0,0,0
cuckoo,00,MALE,강원,,2,,,,,,,,,,,,,,
cuckoo,00,MALE,강원,키즈맘_중학생,1,,,,,,,,,,,0,0,0,0
cuckoo,00,MALE,경기,,23,,9.9,,,,,,,,,0,0,0,0
cuckoo,00,MALE,경기,키즈맘_미취학,1,,,,,1.4,,,,,,0,0,0,0
cuckoo,00,MALE,경기,키즈맘_초등생,7,,9.9,,8,,,0.8,,,,0,0,0,0
cuckoo,00,MALE,경기,키즈맘_중학생,2,,9.9,,,1.8,,,2.6,,,0,0,0,0
cuckoo,00,MALE,경남,키즈맘_중학생,3,10,9.9,10,9.5,1.2,,0,1.2,,,0,0,0,0
cuckoo,00,MALE,경남,키즈맘_초등생,4,,9.9,,,,,,,,,0,0,0,0
cuckoo,00,MALE,경남,,7,,,,,,,,,,,,,,
cuckoo,00,MALE,경북,,6,,9.9,,,6.9,,,,,,0,0,0,0
cuckoo,00,MALE,경북,키즈맘_초등생,4,0,9.9,0,3.1,1.5,0,,1.3,,,0,0,0,0
cuckoo,00,MALE,광주,,1,,,,,,,,,,,,,,
cuckoo,00,MALE,광주,키즈맘_중학생,1,,9.9,,,1.5,,,6.6,,,0,0,0,0
cuckoo,00,MALE,대구,키즈맘_초등생,3,,9.9,,,,,,,,,0,0,0,0
cuckoo,00,MALE,대구,,5,,,,,,,,,,,,,,
cuckoo,00,MALE,대전,키즈맘_중학생,1,,,,,,,,,,,0,0,0,0
cuckoo,00,MALE,대전,키즈맘_미취학,1,,,,,1.8,,,,,,0,0,0,0
cuckoo,00,MALE,대전,,6,,,,,,,,,,,,,,
cuckoo,00,MALE,대전,키즈맘_초등생,4,,9.9,,,1.1,,,1.6,,,0,0,0,0
cuckoo,00,MALE,부산,,3,,,,,,,,,,,,,,
cuckoo,00,MALE,부산,키즈맘_초등생,3,,9.9,,,,,,,,,0,0,0,0
cuckoo,00,MALE,서울,키즈맘_초등생,4,,9.9,,4.6,0.8,,,,9.9,,0,0,0,0
cuckoo,00,MALE,서울,,7,,,,,,,,,,,0,0,0,0
cuckoo,00,MALE,울산,키즈맘_미취학,1,10,,10,7.1,0.5,,,,,,0,0,0,0
cuckoo,00,MALE,울산,키즈맘_중학생,1,,,,,,,,,,,0,0,0,0
cuckoo,00,MALE,울산,키즈맘_초등생,2,,9.9,,,,,,,,,0,0,0,0
cuckoo,00,MALE,울산,,4,,,,,,,,,,,,,,
cuckoo,00,MALE,인천,,8,,,,,,,,,,,,,,
cuckoo,00,MALE,인천,키즈맘_초등생,3,,,,,,,,,,,0,0,0,0
cuckoo,00,MALE,전남,키즈맘_중학생,1,,,,7.9,3.5,,,,,,0,0,0,0
cuckoo,00,MALE,전남,,7,,,,,,,,,,,,,,
cuckoo,00,MALE,전남,키즈맘_초등생,4,,9.9,,,0.9,,0.1,2.8,,,0,0,0,0
cuckoo,00,MALE,전북,키즈맘_초등생,5,10,9.9,10,3.1,0.8,,,4.5,,,0,0,0,0
cuckoo,00,MALE,전북,,5,,,,,,,,,,,,,,
cuckoo,00,MALE,제주,키즈맘_초등생,2,,9.9,,,1.8,,,,,,0,0,0,0
cuckoo,00,MALE,제주,,2,,,,,,,,,,,,,,
cuckoo,00,MALE,충남,키즈맘_중학생,1,,,,,1.4,,,,,,0,0,0,0
cuckoo,00,MALE,충남,,12,,,,8.4,1,,,0.6,,,0,0,0,0
cuckoo,00,MALE,충남,키즈맘_초등생,6,,9.9,,8,1.4,,,,,,0,0,0,0
cuckoo,00,MALE,충북,키즈맘_초등생,4,,9.9,,,1.5,,,3.3,,,0,0,0,0
cuckoo,00,MALE,충북,키즈맘_중학생,1,10,,10,3.2,0.9,,,2.7,,,0,0,0,0
cuckoo,00,MALE,충북,,5,,,,,,,,,,,,,,
cuckoo,10,FEMALE,,중년_자녀동거,687,7.3,7.9,7.3,5.3,1.4,8.2,2.9,4.4,5.9,,16.3,16.1,3.9,8.2
cuckoo,10,FEMALE,,키즈맘_미취학,1,3.7,8.4,3.7,8,0.4,,8,,,,12.8,7.2,3,9.3
cuckoo,10,FEMALE,,키즈맘_초등생,553,8.3,7.9,8.3,5.4,1.3,2,3.1,3.4,8,9.2,1.5,1.5,0.4,0.8
cuckoo,10,FEMALE,,키즈맘_중학생,1178,7.6,8,7.6,5.2,1.4,6.9,4.2,3.9,7.8,9.1,2.7,2.7,0.7,1.4
cuckoo,10,FEMALE,,,4246,7.5,8,7.5,4.8,1.4,8,4.9,4.2,9.6,,5,4.3,1.5,2.3
cuckoo,10,FEMALE,강원,,222,6.1,7.8,6.1,5.4,0.5,,,,,,4.1,3.5,1.3,1.7
cuckoo,10,FEMALE,강원,키즈맘_초등생,24,5,8.1,5,3,0.8,8,4.5,3.4,,,1.9,2,0.4,1
cuckoo,10,FEMALE,강원,중년_자녀동거,34,7.5,7.9,7.5,4.3,2.1,8,0,6.6,,9.2,18.5,18.7,4.6,9.2
cuckoo,10,FEMALE,강원,키즈맘_중학생,93,8.1,8,8.1,4.2,1.6,,5.8,5.6,,,1,0.9,0.3,0.5
cuckoo,10,FEMALE,경기,키즈맘_초등생,333,6.9,7.9,6.9,5,1.2,8.6,2.2,3.2,0.2,9.1,1.8,1.7,0.4,0.9
cuckoo,10,FEMALE,경기,키즈맘_중학생,788,7.9,8,7.9,4.9,1.4,8,3.4,3.8,9.6,,2.2,2.2,0.6,1.1
cuckoo,10,FEMALE,경기,,2384,8,8.1,8,5.1,1.1,8,1.4,3.4,9.9,,4.4,3.6,1.4,2
cuckoo,10,FEMALE,경기,중년_자녀동거,326,7,7.9,7,5.1,1.7,6.1,6.2,4.4,6.1,,16.7,16.6,4,8.6
cuckoo,10,FEMALE,경남,키즈맘_초등생,87,8.6,8,8.6,5.5,1.9,,0,3.6,0.7,,1.1,1.2,0.3,0.6
cuckoo,10,FEMALE,경남,중년_자녀동거,62,5.8,7.8,5.8,4.9,1.8,,1.6,5.2,2.5,,14.3,13.6,3.4,7.3
cuckoo,10,FEMALE,경남,,564,8,7.8,8,5.9,1.9,,0.7,4.4,,,5.7,4.4,1.9,2.5
cuckoo,10,FEMALE,경남,키즈맘_중학생,203,7.1,7.9,7.1,4.9,1.4,,2.3,3.3,2.1,,1.7,1.7,0.4,1
cuckoo,10,FEMALE,경북,중년_자녀동거,42,8.9,7.8,8.9,5.5,1.7,,3.4,4.1,,,16.3,16.7,3.9,8.2
cuckoo,10,FEMALE,경북,키즈맘_중학생,150,8.5,7.9,8.5,5,1,,3,3.2,6,,1.8,1.9,0.4,1
cuckoo,10,FEMALE,경북,,395,8,8,8,5.2,2.5,,6.4,4,,,9.3,8.4,2.5,4.4
cuckoo,10,FEMALE,경북,키즈맘_초등생,62,10,8,10,4.6,1.1,,2.7,1.4,0.1,,1.8,1.8,0.4,1.1
cuckoo,10,FEMALE,광주,키즈맘_중학생,85,7,8,7,5.4,1.5,,4,4.3,9.6,,1,1,0.2,0.5
cuckoo,10,FEMALE,광주,키즈맘_초등생,26,5.2,7.9,5.2,5.4,1.5,8,8,4.6,,,0.4,0.3,0,0.3
cuckoo,10,FEMALE,광주,중년_자녀동거,29,2.1,7.9,2.1,5.3,1.1,,4,5.9,,,19.1,20.2,4.4,10.4
cuckoo,10,FEMALE,광주,,239,10,7.8,10,5.4,0.8,,9.8,1.3,7.5,,2.2,2.2,0.5,1.1
cuckoo,10,FEMALE,대구,키즈맘_초등생,46,6.7,8,6.7,4.7,1.2,8,0,3.9,9.6,,1.7,1.8,0.5,0.9
cuckoo,10,FEMALE,대구,중년_자녀동거,44,8.4,7.8,8.4,4.9,1.3,,,3.9,,,13.3,13.1,3.1,7
cuckoo,10,FEMALE,대구,,275,6.2,7.9,6.2,5.3,0.9,,1.5,2.5,,,5.8,5,1.8,2.7
cuckoo,10,FEMALE,대구,키즈맘_중학생,82,6,7.9,6,4.2,0.9,2.5,3.1,3.2,,,3.4,3.4,0.8,1.7
cuckoo,10,FEMALE,대전,키즈맘_중학생,123,8.6,7.9,8.6,5,1.6,,4.1,5.3,,,2.1,2,0.5,1
cuckoo,10,FEMALE,대전,중년_자녀동거,49,5.7,7.9,5.7,5.7,1.8,8,3.7,2.8,9.6,,17.8,17.5,4.1,9.8
cuckoo,10,FEMALE,대전,,329,5,7.8,5,6.2,0.8,,8.3,0.9,,,11.5,10.1,3.4,5.3
cuckoo,10,FEMALE,대전,키즈맘_초등생,52,7.8,7.7,7.8,4.5,1.3,8,1.6,2.7,7.8,,1.7,1.5,0.4,1
cuckoo,10,FEMALE,부산,키즈맘_중학생,217,7.9,7.9,7.9,4.7,1.5,8,4.9,4.4,,,2,1.9,0.5,1.1
cuckoo,10,FEMALE,부산,,561,9.7,8,9.7,4.6,1.3,,9.1,3,,,5.4,5,1.5,2.5
cuckoo,10,FEMALE,부산,키즈맘_초등생,68,8.8,7.9,8.8,5.3,1.5,8,0,2.3,,9.2,1.3,1.3,0.3,0.6
cuckoo,10,FEMALE,부산,중년_자녀동거,69,8.6,7.8,8.6,4.5,1.5,,8,4,,,18.3,18.5,4.4,8.9
cuckoo,10,FEMALE,서울,키즈맘_중학생,258,7.5,8,7.5,5,1.5,,4,3.7,1.3,,2.3,2.4,0.6,1.2
cuckoo,10,FEMALE,서울,키즈맘_초등생,94,8.6,7.8,8.6,5.6,1.2,9.1,0,3.6,0.2,,1.7,1.6,0.4,0.8
cuckoo,10,FEMALE,서울,,838,7.9,7.8,7.9,5.3,2.4,,0,4.1,,,8.4,7.7,2.3,4
cuckoo,10,FEMALE,서울,중년_자녀동거,170,7.9,7.8,7.9,5.6,1.4,6.3,6.7,3.5,0.1,,17.4,17.4,4.2,8.9
cuckoo,10,FEMALE,세종,키즈맘_초등생,6,,7.7,,2.8,0.6,,,,,,0,0,0,0
cuckoo,10,FEMALE,세종,키즈맘_중학생,28,10,7.9,10,5,2.1,,0,3.7,,,1.5,1.4,0.3,0.8
cuckoo,10,FEMALE,세종,중년_자녀동거,6,10,7.9,10,5.7,0.9,,8,2.7,,,24.8,26.3,6,12.5
cuckoo,10,FEMALE,세종,,60,,7.6,,2.8,0.9,,,0.5,,,7.3,4.3,3,3.1
cuckoo,10,FEMALE,울산,키즈맘_중학생,82,7.7,8,7.7,4.6,1.1,,1.3,4.2,0.1,,1.4,1.3,0.3,0.9
cuckoo,10,FEMALE,울산,,202,6.9,8.7,6.9,4.2,0.8,8,0,3.3,,,5.4,4.6,1.5,2.3
cuckoo,10,FEMALE,울산,중년_자녀동거,26,10,7.8,10,6.2,1.5,,0,4.1,,,18,18.2,4.7,8.7
cuckoo,10,FEMALE,울산,키즈맘_초등생,29,10,7.9,10,4.7,1.5,,0,3.6,,,3,3.1,0.6,1.8
cuckoo,10,FEMALE,인천,,602,10,7.8,10,5.3,1.1,,2.7,4.5,10,,6.5,5.5,1.9,2.9
cuckoo,10,FEMALE,인천,중년_자녀동거,81,8.9,7.8,8.9,5.6,1,8,4.4,4.2,9.3,,17.1,17.2,4.1,8.7
cuckoo,10,FEMALE,인천,키즈맘_초등생,82,6.8,8,6.8,4.8,0.8,,2.3,2.2,3.3,,1.5,1.5,0.3,0.8
cuckoo,10,FEMALE,인천,키즈맘_중학생,197,7.9,8,7.9,4.6,1.2,8,2.9,4.2,9.6,,1.8,1.9,0.5,0.9
cuckoo,10,FEMALE,전남,중년_자녀동거,27,7.2,7.8,7.2,5.5,2.2,,0,5.3,,,16.4,16.1,4.1,9.1
cuckoo,10,FEMALE,전남,키즈맘_초등생,38,6,7.9,6,4,0.6,,0,1.7,9.6,,0.3,0.2,0.1,0.2
cuckoo,10,FEMALE,전남,키즈맘_중학생,85,6.9,7.8,6.9,5.1,1.4,,4.7,4.6,,,2.6,2.8,0.6,1.4
cuckoo,10,FEMALE,전남,,243,10,7.6,10,0.9,0.6,,,,,,2.2,0.9,1,0.9
cuckoo,10,FEMALE,전북,중년_자녀동거,55,4.9,7.8,4.9,5.9,2,,,5.3,9.6,,16.9,17.1,4.2,8.6
cuckoo,10,FEMALE,전북,키즈맘_초등생,33,8.3,8,8.3,5.9,0.4,,0,3.4,9.9,,2,2.1,0.5,0.9
cuckoo,10,FEMALE,전북,키즈맘_중학생,146,7.9,7.9,7.9,4.6,1.6,0.1,2.3,3.9,,,2.9,3,0.7,1.4
cuckoo,10,FEMALE,전북,,371,8.4,7.8,8.4,4.7,0.7,8,8.9,3,,,4.3,3.4,1.3,1.9
cuckoo,10,FEMALE,제주,중년_자녀동거,15,,7.9,,4,2.2,,4.2,7.1,,,20.5,21.3,4.7,9.8
cuckoo,10,FEMALE,제주,키즈맘_초등생,19,0,7.9,0,6.6,0.8,,,,,,2.4,2.5,0.5,1.3
cuckoo,10,FEMALE,제주,,137,0,7.5,0,,0.7,,,0.9,,,9.1,9.4,2.3,4.8
cuckoo,10,FEMALE,제주,키즈맘_중학생,52,6.3,7.9,6.3,5.1,1.4,5.3,0,4.9,,,1.3,1.3,0.2,0.9
cuckoo,10,FEMALE,충남,키즈맘_중학생,158,9,7.9,9,4.8,1.2,9,2,3.3,,,2.7,2.6,0.7,1.2
cuckoo,10,FEMALE,충남,,483,7.5,7.9,7.5,3.5,2.3,,0,3.9,0.2,,4.6,3.7,1.5,2
cuckoo,10,FEMALE,충남,키즈맘_초등생,76,7.3,7.8,7.3,5.9,0.7,,8.9,1.9,,,1.8,1.7,0.4,0.9
cuckoo,10,FEMALE,충남,중년_자녀동거,57,4.4,7.9,4.4,4.2,1.3,0,3.3,3.7,3.1,,18.3,18.8,4.3,9.4
cuckoo,10,FEMALE,충북,키즈맘_초등생,56,10,8.1,10,4.8,0.8,,2,1.7,,,0.6,0.6,0.1,0.2
cuckoo,10,FEMALE,충북,,283,10,7.9,10,5.8,1.5,,0,8.8,,,4.2,4.4,1,2.2
cuckoo,10,FEMALE,충북,중년_자녀동거,26,7.5,7.7,7.5,6.8,2.7,8,0,3.3,,,17.7,16.6,4.3,9.4
cuckoo,10,FEMALE,충북,키즈맘_중학생,102,6.3,8,6.3,4.7,1.1,,2.6,3.2,,,1.6,1.5,0.4,1
cuckoo,10,MALE,,키즈맘_중학생,865,7.3,7.9,7.3,5.1,1,5,3.5,1.8,3.2,9.2,3.5,3.8,0.8,1.8
cuckoo,10,MALE,,,3728,7.9,7.8,7.9,5.2,1.4,6.4,2.2,2.7,,9.1,7,5.9,2,3
cuckoo,10,MALE,,키즈맘_미취학,1,,7.5,,7.9,0.5,,,,,,0,0,0,0
cuckoo,10,MALE,,키즈맘_초등생,445,8.3,7.8,8.3,5.5,1.1,8,5.4,2.4,3.3,,1.6,1.7,0.3,0.8
cuckoo,10,MALE,,중년_자녀동거,700,7.9,7.8,7.9,5.4,1,3.3,4.6,2.8,7,9.2,16.2,17.7,3.5,8.5
cuckoo,10,MALE,강원,키즈맘_중학생,71,9.1,7.7,9.1,6.3,1.2,,4.1,1.7,,9.1,1.7,2.1,0.3,1
cuckoo,10,MALE,강원,,217,9.3,7.7,9.3,4.5,0.5,,8,1.8,,,10.9,9.9,3,4.8
cuckoo,10,MALE,강원,중년_자녀동거,29,10,7.8,10,6.7,0.9,,,2,,,16.6,17.9,3.4,8.4
cuckoo,10,MALE,강원,키즈맘_초등생,29,9.1,7.7,9.1,4.4,0.6,,0,1.6,,,0.5,0.9,0,0.4
cuckoo,10,MALE,경기,키즈맘_중학생,681,6.9,7.8,6.9,5.2,1,6.4,3.4,1.7,4.8,9.2,3.3,3.6,0.7,1.7
cuckoo,10,MALE,경기,중년_자녀동거,313,6.9,7.8,6.9,5.2,0.9,6.4,2.5,3,8.1,,16.4,18.1,3.5,8.4
cuckoo,10,MALE,경기,,2170,7.6,7.8,7.6,5.4,0.9,,0,2.4,,,7.2,6.2,2,3.1
cuckoo,10,MALE,경기,키즈맘_초등생,271,9.2,7.8,9.2,6,1.1,6.1,1.3,2.6,3.3,,1.7,1.9,0.4,0.9
cuckoo,10,MALE,경남,키즈맘_중학생,143,6.7,7.8,6.7,5.6,0.8,,0,1.8,,,1.7,1.8,0.4,0.9
cuckoo,10,MALE,경남,키즈맘_초등생,62,9.3,7.8,9.3,6.1,0.8,,0.1,1.9,,,1.3,1.4,0.3,0.7
cuckoo,10,MALE,경남,,464,6,7.9,6,4.2,1.2,,0,1.6,,,9,9.2,2.2,4.3
cuckoo,10,MALE,경남,중년_자녀동거,64,7.7,7.8,7.7,5.5,0.7,,8,1.7,,,19.2,21.6,4.2,9.9
cuckoo,10,MALE,경북,,397,6.7,7.9,6.7,6,0.7,,,1.4,,,6.8,6,1.7,3.1
cuckoo,10,MALE,경북,중년_자녀동거,51,7.7,7.7,7.7,5.9,1.7,,5.4,0.8,,,15.5,17.1,3.4,8.1
cuckoo,10,MALE,경북,키즈맘_초등생,63,5.7,7.7,5.7,5.8,1.6,,0,2.5,4.9,9.1,1.2,1.4,0.2,0.7
cuckoo,10,MALE,경북,키즈맘_중학생,115,8,7.8,8,5.7,1,,3.3,0.8,9.7,,2.6,3.1,0.5,1.5
cuckoo,10,MALE,광주,중년_자녀동거,29,10,7.7,10,4.8,1.1,,,2,,,14.2,16.7,2.8,7.7
cuckoo,10,MALE,광주,키즈맘_중학생,71,6.2,7.9,6.2,5.2,1.2,4.3,8,1.6,9.6,,4.1,4.5,0.9,2.2
cuckoo,10,MALE,광주,키즈맘_초등생,23,10,7.8,10,4.2,1.2,,,5.3,,,1,1.2,0.1,0.7
cuckoo,10,MALE,광주,,201,10,7.7,10,8.3,3.6,,,,,,4.1,4.1,1,2
cuckoo,10,MALE,대구,중년_자녀동거,47,2.6,7.9,2.6,6.6,1,,8,3.2,,9.2,15.6,17.6,3.4,8.2
cuckoo,10,MALE,대구,키즈맘_초등생,36,7.5,7.7,7.5,6.1,0.9,,,8.2,0.3,,4.8,4.6,1.1,2
cuckoo,10,MALE,대구,,236,10,7.8,10,6.5,0.4,,,1.9,,,10.5,9.1,2.9,4.3
cuckoo,10,MALE,대구,키즈맘_중학생,56,7.2,7.9,7.2,4.3,0.7,,0,3,,,2.6,2.7,0.5,1.4
cuckoo,10,MALE,대전,,236,8.6,7.7,8.6,4.7,0.6,,,,,,2.6,2.5,0.7,1.2
cuckoo,10,MALE,대전,키즈맘_초등생,29,5,7.8,5,6.4,1.2,6.4,4,2.2,9.6,,3.8,4.3,0.9,2
cuckoo,10,MALE,대전,키즈맘_중학생,75,8.1,7.8,8.1,5.1,1.3,,0,3.5,,,2.5,2.8,0.5,1.4
cuckoo,10,MALE,대전,중년_자녀동거,36,5,7.7,5,5.2,1.7,,4.5,3.7,9.6,,16.3,17.7,3.5,8.5
cuckoo,10,MALE,부산,키즈맘_초등생,86,6,7.7,6,5.4,1.1,,6.2,2.1,0.2,,1.7,1.9,0.4,1
cuckoo,10,MALE,부산,중년_자녀동거,88,6.4,7.8,6.4,5.2,1,0.5,5.3,3,2.6,,16.6,17.9,3.6,8.5
cuckoo,10,MALE,부산,키즈맘_중학생,171,7.7,7.8,7.7,5.6,1,6.4,4.5,1.5,,9.2,2.1,2.3,0.5,1.1
cuckoo,10,MALE,부산,,562,7.2,7.8,7.2,3.4,0.7,,9.2,1.1,,,6.3,5.2,1.7,2.5
cuckoo,10,MALE,서울,,762,7.3,7.9,7.3,5.7,1.3,,4,2.5,,,9.8,8.8,2.6,4.2
cuckoo,10,MALE,서울,중년_자녀동거,152,8.3,7.8,8.3,6.2,1,5,5.6,2.9,0.1,,17.7,19.1,3.8,9.2
cuckoo,10,MALE,서울,키즈맘_중학생,218,6.8,7.9,6.8,5.8,1.2,4.3,1.2,1.9,4.9,,3.7,3.9,0.8,1.8
cuckoo,10,MALE,서울,키즈맘_초등생,72,6.1,7.8,6.1,6.5,1.5,6.4,0,3.9,0.1,,1.4,1.7,0.2,0.9
cuckoo,10,MALE,서울,키즈맘_미취학,1,,8.2,,2.4,0.4,,,,,,37.3,37.8,9.1,13.7
cuckoo,10,MALE,세종,키즈맘_중학생,24,10,7.8,10,6,0.9,,2.2,2.5,,,2.6,3.2,0.5,1.6
cuckoo,10,MALE,세종,,72,,7.7,,2.4,0.6,,,2.1,,,21.3,19.7,5.6,9.3
cuckoo,10,MALE,세종,중년_자녀동거,17,10,7.6,10,6.2,1.6,,,8.4,,,17.7,20.2,3.5,9.7
cuckoo,10,MALE,세종,키즈맘_초등생,6,,7.6,,4,0.7,,,2.1,,,2.1,3.2,0.1,1.6
cuckoo,10,MALE,울산,중년_자녀동거,33,4.5,7.8,4.5,5.9,1.4,6.4,0.1,2.6,,,17.6,19.7,4,9.3
cuckoo,10,MALE,울산,,192,3.6,7.7,3.6,6.1,0.6,,,2.7,,,5.3,5.3,1.3,2.6
cuckoo,10,MALE,울산,키즈맘_초등생,16,,7.7,,2.4,0.6,,8,,,,0,0,0,0
cuckoo,10,MALE,울산,키즈맘_중학생,70,7.5,7.9,7.5,5.6,0.8,,2.7,2.5,,,2.5,2.5,0.5,1.3
cuckoo,10,MALE,인천,중년_자녀동거,97,6.2,7.8,6.2,5.5,1.2,,3.4,2,8.6,,15.2,16.9,3.2,8.1
cuckoo,10,MALE,인천,키즈맘_중학생,174,6,7.8,6,4.8,0.7,6.4,1.7,1.5,0.1,,3.5,3.8,0.8,1.7
cuckoo,10,MALE,인천,,585,7.5,8,7.5,3.8,1.6,,,3.3,,,10.2,8.2,3.1,4.1
cuckoo,10,MALE,인천,키즈맘_초등생,91,7.8,7.7,7.8,6.7,1.1,,8,2.2,,,2.2,2.6,0.5,1.1
cuckoo,10,MALE,전남,키즈맘_초등생,32,3.4,7.8,3.4,5.1,0.6,,,2,,,0.9,1,0.2,0.3
cuckoo,10,MALE,전남,중년_자녀동거,30,6.8,7.9,6.8,5.4,0.5,,0,5.7,,,15.9,17.9,3.4,8.5
cuckoo,10,MALE,전남,,211,5.8,7.6,5.8,7.5,3.4,,,1.1,9.6,9.1,6.3,5.2,1.6,2.6
cuckoo,10,MALE,전남,키즈맘_중학생,56,8.3,7.8,8.3,5.4,1.3,,4.4,2.6,,,1.2,1.5,0.2,0.8
cuckoo,10,MALE,전북,키즈맘_초등생,30,0,7.9,0,5.1,0.5,,,0.8,,,1.1,1.1,0.3,0.5
cuckoo,10,MALE,전북,키즈맘_중학생,84,5.5,7.8,5.5,5.2,0.6,5.5,8,2.8,9.6,,2.6,2.9,0.6,1.3
cuckoo,10,MALE,전북,중년_자녀동거,62,9.1,7.8,9.1,5.4,1,,,1.4,,,14.9,16.1,3.2,7.6
cuckoo,10,MALE,전북,,288,7.8,7.7,7.8,6.1,1.6,,,4.4,,,15.2,13.9,4,7.4
cuckoo,10,MALE,제주,중년_자녀동거,19,7.1,8,7.1,7.3,0.6,,8,0.8,,,13.8,14.7,2.9,7.7
cuckoo,10,MALE,제주,,95,,,,2.4,,,,,,,0,0,0,0
cuckoo,10,MALE,제주,키즈맘_초등생,13,10,7.7,10,3.7,1.1,5.5,0,8.1,,,2.1,2.7,0.6,0.8
cuckoo,10,MALE,제주,키즈맘_중학생,22,0,8.1,0,4.3,1,6.4,,2.3,9.6,,1.6,1.6,0.4,0.5
cuckoo,10,MALE,충남,중년_자녀동거,69,8.2,7.9,8.2,5.7,1.4,4.8,8,2.5,,9.2,16.8,18.7,3.5,8.5
cuckoo,10,MALE,충남,키즈맘_중학생,121,7.7,7.8,7.7,6,1.2,5.4,4,3.6,,,1.8,2,0.4,0.9
cuckoo,10,MALE,충남,키즈맘_초등생,61,7.9,7.7,7.9,4.8,1.3,7.7,0.1,1.4,,,1.9,2.1,0.4,1
cuckoo,10,MALE,충남,,394,8.5,7.7,8.5,6.3,1.4,,,1.4,,,9.6,9.2,2.5,4.4
cuckoo,10,MALE,충북,키즈맘_중학생,86,8.1,7.8,8.1,5.2,1.1,,5.3,4.5,2.3,,2.4,3,0.5,1.4
cuckoo,10,MALE,충북,중년_자녀동거,38,6.7,7.7,6.7,5.9,2.1,,4,5.7,,,13.3,14.9,2.8,6.6
cuckoo,10,MALE,충북,,263,8.6,7.8,8.6,5.2,0.8,,,3.8,,,1.9,1,0.7,0.6
cuckoo,10,MALE,충북,키즈맘_초등생,47,10,7.8,10,6.1,1.4,,0,1.3,,,0.9,1.2,0.2,0.4
cuckoo,100,FEMALE,,,1,,,,,,,,,,,,,,
cuckoo,100,FEMALE,,시니어,1,0,,0,,3.3,,,0.3,,8.7,0,0,0,0
cuckoo,100,FEMALE,경기,,2,,,,,,,,,,,,,,
cuckoo,100,FEMALE,전남,,1,,,,,,,,,,,,,,
cuckoo,100,MALE,,,1,,8.7,,9.1,0.6,,,,,,0,0,0,0
cuckoo,20,FEMALE,,중년_자녀동거,1457,7.9,7.2,7.9,6.2,4.4,6.9,5.4,6.7,5.5,7.7,23.4,23.2,5.8,12.2
cuckoo,20,FEMALE,,키즈맘_초등생,57,8.4,7.2,8.4,6.3,4.1,,6.8,6.2,5.6,,23.9,23.4,6,11.6
cuckoo,20,FEMALE,,키즈맘_중학생,120,8.2,7.2,8.2,5.8,3.8,8,4,6.3,5,,23.2,22.8,5.6,12.1
cuckoo,20,FEMALE,,1인가구,719,7.7,7.3,7.7,6.1,5.6,6.9,5.4,7,6.4,7.7,24.2,23.9,6.1,12.1
cuckoo,20,FEMALE,,,5947,8.1,7.2,8.1,6.4,5.2,6.7,4.9,6.9,6.1,7.8,23.8,21.4,6.7,11.4
cuckoo,20,FEMALE,,2인가구,81,8.4,7.1,8.4,6.5,6.2,8,7.6,7.1,7.6,7.8,22.1,21.3,5.6,11.8
cuckoo,20,FEMALE,,키즈맘_미취학,222,7.3,7.2,7.3,6.1,5.5,6,4,6.8,5.5,7.5,25.8,24.9,6.7,12.9
cuckoo,20,FEMALE,강원,중년_자녀동거,67,7.8,7.1,7.8,6.1,4,8,3.4,6.2,8,8.1,23.4,22.5,5.8,12.2
cuckoo,20,FEMALE,강원,2인가구,4,6.1,8,6.1,6.1,5.5,,9,8.1,,,27.8,26.1,6.9,12.1
cuckoo,20,FEMALE,강원,키즈맘_초등생,5,6.5,7.3,6.5,4.2,6.9,,1.5,5.6,2.9,,28.3,28,6.6,14
cuckoo,20,FEMALE,강원,,280,5.1,7.3,5.1,5.6,5.5,8,3.3,6.8,6.2,7.6,25.3,22.2,7.3,11.9
cuckoo,20,FEMALE,강원,키즈맘_중학생,4,10,6.7,10,6.1,3.3,,,5.8,,,24.3,23,5.5,11.9
cuckoo,20,FEMALE,강원,1인가구,41,7.2,7.5,7.2,6.3,7,8,3.9,7.7,7.1,7.7,22.5,22.3,5.6,11.9
cuckoo,20,FEMALE,강원,키즈맘_미취학,12,6.9,6.8,6.9,7.1,5.2,8,8.7,7.4,,,18.4,16.3,4,10.2
cuckoo,20,FEMALE,경기,키즈맘_초등생,55,8,7.3,8,6.1,4.5,,4,7.2,3.6,,25,24.6,6.1,12.3
cuckoo,20,FEMALE,경기,1인가구,419,7.7,7.3,7.7,6.3,6.1,8.4,4.8,7.1,4.6,7.8,23.4,22.7,5.9,12.2
cuckoo,20,FEMALE,경기,중년_자녀동거,975,7.8,7.2,7.8,6.4,4.5,7,4.4,6.8,6,7.7,23.7,23.3,5.9,12.1
cuckoo,20,FEMALE,경기,키즈맘_중학생,75,6.8,7.3,6.8,6.2,3.2,,2.7,6.2,4.2,8,24.6,24.9,5.9,12.6
cuckoo,20,FEMALE,경기,키즈맘_미취학,223,8.1,7.4,8.1,6.6,6,7.6,6,6.6,6,7.8,24.2,23.5,6.2,12.4
cuckoo,20,FEMALE,경기,2인가구,63,6.9,7.4,6.9,6.2,7.1,8,4.3,7.2,10,7.7,25.8,25.1,6.5,13.1
cuckoo,20,FEMALE,경기,,3552,7.7,7.2,7.7,6.3,5.6,7,5,7,7.2,7.8,24.2,21.3,7,11.5
cuckoo,20,FEMALE,경남,키즈맘_중학생,19,9.3,7.3,9.3,5.9,3.1,,0,6.6,,,20.4,19.9,4.7,11.6
cuckoo,20,FEMALE,경남,,732,8.6,7.3,8.6,6.2,5.7,8.8,3.2,7.5,6.4,8,25.1,22.7,7.1,12
cuckoo,20,FEMALE,경남,키즈맘_미취학,41,7.5,7.2,7.5,5.7,6.5,4.3,9.3,7.4,0.3,7.8,25.1,23.6,6.3,12.5
cuckoo,20,FEMALE,경남,키즈맘_초등생,5,0.1,7.8,0.1,7.3,4.2,,9,7,,,21.6,21.6,5.8,11.5
cuckoo,20,FEMALE,경남,2인가구,14,7.2,6.9,7.2,6.2,5,,4.9,5,,,18.7,15.7,4.7,10.7
cuckoo,20,FEMALE,경남,1인가구,100,8.3,7.3,8.3,6.4,5.3,8,3.2,6.9,7,,24.1,24.1,6.2,12
cuckoo,20,FEMALE,경남,중년_자녀동거,168,7.8,7.4,7.8,6.4,4.5,8,5.2,6.8,6.3,7.8,24.1,23.8,6.1,12.4
cuckoo,20,FEMALE,경북,키즈맘_미취학,28,6.5,7.1,6.5,6,6,8,8,7.2,8.1,,21.4,20.7,5.6,11.5
cuckoo,20,FEMALE,경북,2인가구,9,10,7.6,10,7.7,6.6,,3.4,8.7,2.9,,24.8,25.5,6.3,12.5
cuckoo,20,FEMALE,경북,키즈맘_중학생,12,6.5,7.2,6.5,5.2,4.4,,,6.1,,,24.8,23.7,5.9,12.5
cuckoo,20,FEMALE,경북,키즈맘_초등생,12,8,7.5,8,6.4,6.2,8,2.2,6.7,,,25.5,26.1,6.8,12.9
cuckoo,20,FEMALE,경북,1인가구,101,7.7,7.4,7.7,6.5,6.5,5.3,5,7.9,7.3,7.7,23.6,23.1,6,11.8
cuckoo,20,FEMALE,경북,,577,6.4,7.2,6.4,5.9,5.4,8,5,6.8,4.7,7.6,22.9,20.6,6.3,10.9
cuckoo,20,FEMALE,경북,중년_자녀동거,126,6.5,7.3,6.5,6,4.8,8,6.6,7.4,7.2,7.8,23.7,23.2,6,12.1
cuckoo,20,FEMALE,광주,2인가구,7,10,7.7,10,5.6,6.7,,,9.1,,,30.7,30.5,8.2,15
cuckoo,20,FEMALE,광주,중년_자녀동거,109,7.3,7.1,7.3,5.8,4.2,5.3,4.1,6.9,3,7.6,23.1,22.3,5.8,11.7
cuckoo,20,FEMALE,광주,키즈맘_중학생,6,10,6.7,10,2,6.4,,,5.8,,,19.5,19.7,4.6,10.6
cuckoo,20,FEMALE,광주,키즈맘_초등생,6,9.1,7.4,9.1,7.4,2.7,8,,5.2,,7.6,18.2,17.7,3.9,10.6
cuckoo,20,FEMALE,광주,1인가구,61,7.7,7.4,7.7,5.7,6.3,8,7.1,7.5,3.5,7.9,24.7,24.8,6.2,12.2
cuckoo,20,FEMALE,광주,키즈맘_미취학,29,8.2,7.2,8.2,5.5,5.3,0,6.2,6.6,,,21.4,20.3,5.5,11.5
cuckoo,20,FEMALE,광주,,403,8.2,7.4,8.2,5.7,6.7,8,8.2,7.8,7,8.3,25.3,22.3,7.3,12.2
cuckoo,20,FEMALE,대구,키즈맘_미취학,23,7.5,7.3,7.5,6.3,6.2,8,,7,3.1,7.6,22.6,21.1,5.4,11.6
cuckoo,20,FEMALE,대구,2인가구,5,2.5,7.4,2.5,6.7,6.3,,0,8.2,,7.7,29,30.2,6.7,15.2
cuckoo,20,FEMALE,대구,,436,7.6,7.4,7.6,6.3,5.3,8,6.6,6.5,4,7.7,25.2,22.9,7.1,12.2
cuckoo,20,FEMALE,대구,키즈맘_초등생,4,10,7.5,10,5.9,6.8,,,9.9,8.7,,30.1,30.9,7.9,13.2
cuckoo,20,FEMALE,대구,중년_자녀동거,129,7.5,7.1,7.5,6,4.8,6.4,7,6.9,7.2,7.6,21.2,20.2,5.1,11
cuckoo,20,FEMALE,대구,1인가구,45,7.1,7.3,7.1,7,7.1,0,4.6,7.3,,8.2,22.4,21.7,5.8,11.8
cuckoo,20,FEMALE,대구,키즈맘_중학생,10,7.5,7.6,7.5,5.5,3.5,,0,6.9,,7.5,26.6,26.3,6.4,12.3
cuckoo,20,FEMALE,대전,중년_자녀동거,139,7.8,7.1,7.8,6.4,4.9,8,5.2,6.9,8.4,,22.7,22.3,5.6,11.7
cuckoo,20,FEMALE,대전,,557,8.8,7.3,8.8,6.6,6.1,8,4.2,6.7,6.6,,24.6,22.6,6.7,12.1
cuckoo,20,FEMALE,대전,키즈맘_중학생,15,6.9,7.3,6.9,6.8,6,0.7,0.3,7.5,,8.2,22.5,21.6,5.6,11.9
cuckoo,20,FEMALE,대전,2인가구,8,6,7,6,6.6,7.2,,,9.7,,,19.9,18.9,4.8,11.2
cuckoo,20,FEMALE,대전,키즈맘_미취학,19,5.7,7.3,5.7,6.5,6.2,2.7,8.2,6.6,6.8,,24.6,23.2,6.6,12.1
cuckoo,20,FEMALE,대전,키즈맘_초등생,11,6.7,7.7,6.7,5.3,5.2,,9.2,8.1,8.6,,28.4,28.2,7.3,13.6
cuckoo,20,FEMALE,대전,1인가구,68,8.4,7.4,8.4,6.4,6.1,8,5.7,7.5,2.7,7.6,25.5,24.6,6.6,12.2
cuckoo,20,FEMALE,부산,1인가구,123,8,7.3,8,6.5,6.1,6.5,4.3,7.7,3,7.9,23.4,23,5.9,12.1
cuckoo,20,FEMALE,부산,중년_자녀동거,225,7.5,7.2,7.5,6.2,4.6,8,5.5,6.7,5.7,7.6,23.1,22.8,5.8,12
cuckoo,20,FEMALE,부산,키즈맘_초등생,8,6.2,6.8,6.2,4.6,3.6,,8,5.3,,,20,20.1,5,10.1
cuckoo,20,FEMALE,부산,2인가구,13,10,6.6,10,7.4,5.9,,,6.8,,,21.3,19.8,5.3,10.6
cuckoo,20,FEMALE,부산,키즈맘_중학생,31,4.3,7.1,4.3,5.7,3.4,8.1,8.5,6.3,4.6,7.6,25.3,24.9,6.2,12
cuckoo,20,FEMALE,부산,키즈맘_미취학,36,5.6,7.4,5.6,6.2,4.7,8,3.4,6.8,6.1,,21.8,20.5,5.4,11.5
cuckoo,20,FEMALE,부산,,857,6.5,7.2,6.5,5.9,5.9,8,6.4,7.1,7.1,7.9,24.8,21.9,7.3,11.8
cuckoo,20,FEMALE,서울,2인가구,33,7.4,7.6,7.4,6,6.2,8,4.8,7.4,5.7,7.8,24.3,23.3,6.6,12
cuckoo,20,FEMALE,서울,키즈맘_중학생,41,8.6,7.1,8.6,6.3,3.6,8,2.7,6.7,8.7,,22.1,21.2,5.1,11.5
cuckoo,20,FEMALE,서울,,2045,8.1,7.5,8.1,6.6,5.7,7.3,5.7,7.4,4.9,7.9,24.2,22,6.8,11.5
cuckoo,20,FEMALE,서울,키즈맘_미취학,91,7.9,7.2,7.9,7.2,6.2,6.5,8.4,6.7,3.5,7.6,25.4,24.6,6.3,13
cuckoo,20,FEMALE,서울,1인가구,197,7.8,7.3,7.8,6.6,5.9,8,4.9,7.3,6.9,7.9,24,23.3,6,12.1
cuckoo,20,FEMALE,서울,키즈맘_초등생,19,6.8,7.3,6.8,6.4,2.3,8,0,6.6,,,26.3,25.7,6.4,13
cuckoo,20,FEMALE,서울,중년_자녀동거,573,7.5,7.2,7.5,6.2,4.5,7,5.5,6.6,6.4,7.9,23.7,23.4,6,12.2
cuckoo,20,FEMALE,세종,키즈맘_미취학,2,,6.9,,,6.7,,,8.9,,,26.7,23.4,8.7,12.4
cuckoo,20,FEMALE,세종,,62,6.3,7.1,6.3,7.9,7.5,,0,7.7,8.5,7.5,21.9,17.9,6.7,9.9
cuckoo,20,FEMALE,세종,중년_자녀동거,15,10,7.4,10,5.5,3.3,,8,5.3,8.1,,28.3,29.2,6.7,14.3
cuckoo,20,FEMALE,세종,2인가구,1,,,,0.2,9.7,,,9.6,,,21.7,25.7,5.8,12.5
cuckoo,20,FEMALE,세종,키즈맘_중학생,5,6.8,6.8,6.8,6.1,1.4,,,5.6,,,23,19.6,5.7,11.4
cuckoo,20,FEMALE,세종,1인가구,15,5.6,7.2,5.6,5.9,3.6,,,3.9,,,27.3,27,6.6,14
cuckoo,20,FEMALE,울산,,263,6.9,7.1,6.9,6.2,5.6,,0,7.7,6.8,,24.3,20.9,7.2,11.4
cuckoo,20,FEMALE,울산,키즈맘_미취학,16,9.1,7.1,9.1,6.1,6.1,8,6.9,9.1,4.5,,20.2,19,5.5,11
cuckoo,20,FEMALE,울산,키즈맘_중학생,4,5,7.6,5,7.5,4.8,,,4.4,9.9,,22,19.5,5.8,9.4
cuckoo,20,FEMALE,울산,키즈맘_초등생,6,5.1,7.2,5.1,6.2,4.9,,,7.7,,,16.4,16.3,4.5,8.5
cuckoo,20,FEMALE,울산,2인가구,2,,8.2,,7.7,5.2,,0,9.9,,,37.4,37.5,9,18.4
cuckoo,20,FEMALE,울산,1인가구,39,8.4,7.2,8.4,6.4,6.3,2.5,7.1,8,8.1,7.5,20.3,19.3,5.9,10.4
cuckoo,20,FEMALE,울산,중년_자녀동거,68,7.2,7.2,7.2,5.4,3.7,,4,5.9,,7.8,25.3,24.6,6.3,12.5
cuckoo,20,FEMALE,인천,,953,7.8,7.3,7.8,6.1,4.9,8.3,5.8,6.7,5.4,7.9,23.5,20.7,6.6,11.4
cuckoo,20,FEMALE,인천,1인가구,124,7.7,7.2,7.7,5.6,6.1,8,6.2,7.2,5.9,7.8,23.6,23.3,5.9,12.3
cuckoo,20,FEMALE,인천,중년_자녀동거,259,7.6,7.2,7.6,5.9,4.5,6.8,5.5,6.7,5.2,7.8,23.2,22.2,5.8,12
cuckoo,20,FEMALE,인천,키즈맘_초등생,14,6.5,7.5,6.5,6.5,3.2,0,,5.5,,,27.5,25.3,7.3,12.4
cuckoo,20,FEMALE,인천,키즈맘_중학생,29,9,7.1,9,7,4.3,8,2.9,6.5,8.1,7.9,24.2,22.7,6,11.8
cuckoo,20,FEMALE,인천,2인가구,15,7.8,7.1,7.8,7.1,5.9,,8,7.6,4.2,7.5,25,24.3,6.1,13.7
cuckoo,20,FEMALE,인천,키즈맘_미취학,71,8.5,7.4,8.5,6.7,5.3,6.7,5,5.9,4.9,7.6,24.2,23.3,6.3,12.1
cuckoo,20,FEMALE,전남,키즈맘_미취학,16,7.2,7.6,7.2,7,5.8,,8,8.4,,7.5,26.3,26.5,6.8,12.6
cuckoo,20,FEMALE,전남,키즈맘_초등생,8,9.1,7.2,9.1,6.9,4.7,,,7.4,5.1,,30,29.6,7.6,15.1
cuckoo,20,FEMALE,전남,중년_자녀동거,67,8,7,8,5.9,4.9,,,6.2,8.5,7.5,22,21.1,5.4,12.1
cuckoo,20,FEMALE,전남,2인가구,2,10,7,10,8,9.9,,,10,0.2,,19.8,22.5,5.1,10.1
cuckoo,20,FEMALE,전남,,310,8.1,7.3,8.1,6.5,6.5,9,8.3,8,7.7,7.9,24.9,20.8,7.3,11.3
cuckoo,20,FEMALE,전남,키즈맘_중학생,9,10,7.2,10,4.1,5.1,,,3,3,,27.1,27.6,6.1,13.8
cuckoo,20,FEMALE,전남,1인가구,52,7.8,7.4,7.8,5.9,6.4,0,3.6,7.2,9,8.4,24.7,24.2,6.1,12.6
cuckoo,20,FEMALE,전북,키즈맘_중학생,18,8,7.2,8,5.3,4.4,8,,6.5,,7.6,23.3,23.2,5.4,12.3
cuckoo,20,FEMALE,전북,,507,7.3,7.3,7.3,6.4,5.5,,4.2,7.7,6.1,7.9,26.1,23.8,7.4,12.5
cuckoo,20,FEMALE,전북,중년_자녀동거,133,7.5,7.3,7.5,5.9,5.1,8,4.7,6.9,9.2,7.6,24.3,23.2,6.3,12.3
cuckoo,20,FEMALE,전북,1인가구,58,7.7,7.2,7.7,6.3,5.8,8,4,7.4,7.4,7.8,24,22.9,5.8,12.7
cuckoo,20,FEMALE,전북,키즈맘_초등생,6,,7.5,,6.2,4.5,0,9,4.3,,,25.2,22.1,7.1,11.2
cuckoo,20,FEMALE,전북,키즈맘_미취학,34,8.6,7.5,8.6,7,5.5,8,0.3,7,4.7,7.5,24.4,23.6,5.8,12.5
cuckoo,20,FEMALE,전북,2인가구,6,2.2,7.8,2.2,6.6,5.4,8.1,,4.9,,7.6,25.7,24.5,6.9,12.3
cuckoo,20,FEMALE,제주,,162,7.9,7.5,7.9,6.2,6.6,0,9.6,7.3,9.4,7.6,27.2,24.3,7.7,12.3
cuckoo,20,FEMALE,제주,키즈맘_초등생,7,0,7.8,0,2.9,4.9,,,8.2,9.2,,30.7,31.2,7.6,15.4
cuckoo,20,FEMALE,제주,키즈맘_중학생,6,,6.4,,8.3,6.3,8,,6.3,3.2,,12.8,9.4,3.9,6.7
cuckoo,20,FEMALE,제주,중년_자녀동거,41,5.5,7.2,5.5,5.1,4.2,8,5.7,6.2,7.3,7.8,23.7,22.5,6.1,12
cuckoo,20,FEMALE,제주,2인가구,1,,6.4,,0,0.8,,,,,,17.7,11.2,7.2,9.9
cuckoo,20,FEMALE,제주,키즈맘_미취학,12,6.2,7.5,6.2,5.4,5.2,8,,7,,,25,22.2,6.6,11.8
cuckoo,20,FEMALE,제주,1인가구,15,7.5,7.3,7.5,6.1,4.2,10,,5.4,,,21.3,20.3,5.4,11.3
cuckoo,20,FEMALE,충남,키즈맘_초등생,3,,7.7,,8,7.2,8,,8,,,27.3,21.5,7.7,11.7
cuckoo,20,FEMALE,충남,1인가구,89,6.6,7.4,6.6,6.3,6.2,8,5.8,6.9,8.6,7.7,24.7,24,6.1,12.6
cuckoo,20,FEMALE,충남,키즈맘_중학생,10,9.4,7.9,9.4,3.9,5.8,,8.4,9.3,0.2,,27.5,27.7,6.8,13.7
cuckoo,20,FEMALE,충남,중년_자녀동거,107,8,7.3,8,6.3,4.8,8,6.3,6.5,7.1,7.6,21.5,20.6,5.3,11.9
cuckoo,20,FEMALE,충남,,561,8.6,7.3,8.6,7,5.8,8,4.8,7.1,8.6,7.7,24.6,21.6,7.2,11.4
cuckoo,20,FEMALE,충남,2인가구,10,8.7,7.2,8.7,7.5,6.4,,,7.3,,,26.9,24.1,7.3,12.8
cuckoo,20,FEMALE,충남,키즈맘_미취학,29,9.1,7.2,9.1,6.5,8,8,4.7,7,8.5,,22.9,21.9,5.9,10.9
cuckoo,20,FEMALE,충북,키즈맘_미취학,24,9.2,7.6,9.2,7.4,7.2,,3.3,8.2,8.3,7.5,24.3,23.8,6.3,12
cuckoo,20,FEMALE,충북,2인가구,9,8.4,7.5,8.4,5.7,8.4,,0,7.2,5,,21.4,20.8,6,10.5
cuckoo,20,FEMALE,충북,1인가구,83,6.9,7.5,6.9,6,6.6,5.4,5.1,7.7,6.4,7.6,23.9,23.2,6,11.8
cuckoo,20,FEMALE,충북,키즈맘_중학생,11,1.1,7.3,1.1,4.3,3.4,,,4,,,22.8,23.7,5.8,11.1
cuckoo,20,FEMALE,충북,중년_자녀동거,87,7.8,7.5,7.8,5.5,4.1,8,6.4,6.5,5.1,7.6,24,23.7,6.2,12.4
cuckoo,20,FEMALE,충북,,425,7.1,7.3,7.1,6.4,5.8,8,4.9,6.9,8.3,8.1,21.9,19.7,6.1,10.6
cuckoo,20,FEMALE,충북,키즈맘_초등생,11,5,7.8,5,6.7,7.3,,0,7,8,,26.6,26.9,6.9,13.5
cuckoo,20,MALE,,키즈맘_초등생,57,6.6,7.1,6.6,6.5,2.9,0.4,3,4.4,9.9,,24.9,27.5,5.5,12.6
cuckoo,20,MALE,,,5446,7.3,7.3,7.3,6.4,3.8,5.2,4.9,5,6,7.7,22.9,22.6,5.8,10.9
cuckoo,20,MALE,,키즈맘_미취학,172,8.2,7.2,8.2,6.5,4.3,6.4,5.6,5.2,6.2,7.7,25,26.1,5.5,13
cuckoo,20,MALE,,2인가구,48,9,7.1,9,6.2,4.3,6.9,4.5,5.8,8,7.7,24.4,27.3,5.2,13.3
cuckoo,20,MALE,,1인가구,609,7.6,7.3,7.6,6.4,3.9,5.6,5.6,5.4,5.1,7.8,24.7,26.9,5.7,12.5
cuckoo,20,MALE,,중년_자녀동거,1388,7.5,7.2,7.5,6.2,2.9,6.1,4.2,4.7,5.8,7.7,24.3,26.8,5.5,12.4
cuckoo,20,MALE,,키즈맘_중학생,95,6.2,7.2,6.2,5.8,2.9,7.2,2.7,3.5,6.1,7.7,24.3,27,5.5,12.4
cuckoo,20,MALE,강원,중년_자녀동거,99,7.9,7.4,7.9,6,3.8,6.9,2.3,5.6,7.3,8,25.3,27.3,5.7,12.9
cuckoo,20,MALE,강원,키즈맘_중학생,8,10,7.5,10,7.6,3,,0,5.3,8.1,,26.6,27.9,5.7,13.9
cuckoo,20,MALE,강원,2인가구,3,,6.7,,5.1,8,,,7.4,,,17.8,20.5,3.8,11
cuckoo,20,MALE,강원,키즈맘_미취학,17,7,7.6,7,6.3,5.5,,0,6.7,0.3,8.5,28.3,28.9,7.1,13.6
cuckoo,20,MALE,강원,키즈맘_초등생,4,10,7.5,10,6.9,9.2,,0,2.7,,,36.8,36.1,9.2,17.4
cuckoo,20,MALE,강원,1인가구,35,8.3,7.2,8.3,5.8,5.1,,0,5.1,4.2,7.8,25.9,27.6,6.3,12.1
cuckoo,20,MALE,강원,,342,7.7,7.3,7.7,6.7,4.2,6.4,5.4,5.4,9.5,7.6,27.4,27,7,13.1
cuckoo,20,MALE,경기,키즈맘_중학생,70,7.7,7.4,7.7,6.3,2.6,,4.7,4.5,8.8,,24.6,26.5,5.3,12.5
cuckoo,20,MALE,경기,키즈맘_미취학,166,7.8,7.3,7.8,6.2,4.4,6.2,2,5.1,4.6,7.6,25.3,27.2,5.8,12.8
cuckoo,20,MALE,경기,2인가구,40,8,7.1,8,6.9,4.4,6.2,8.7,4.9,8.1,7.6,23.5,25.8,5,12.3
cuckoo,20,MALE,경기,1인가구,373,6.9,7.4,6.9,6.5,4.6,4.5,4.1,5.7,7,7.8,24.6,26.7,5.5,12.5
cuckoo,20,MALE,경기,중년_자녀동거,977,7.2,7.3,7.2,6.4,3.2,5.7,4.7,4.7,6.4,7.8,24.2,26.3,5.4,12.5
cuckoo,20,MALE,경기,키즈맘_초등생,29,6,7.1,6,6.4,3.1,6.4,,3.2,,,23.5,26.3,4.9,12.2
cuckoo,20,MALE,경기,,3330,7.5,7.2,7.5,6.3,4.1,6.3,2.7,5.3,6.8,7.9,25.2,24.4,6.4,12
cuckoo,20,MALE,경남,키즈맘_초등생,4,3.3,7,3.3,2.9,6.2,6.4,,4.9,,,21.4,23.7,4.3,11.6
cuckoo,20,MALE,경남,,748,8.2,7.4,8.2,6.1,3.9,5,2.1,5.3,2.9,7.6,27.1,27.4,6.8,13.1
cuckoo,20,MALE,경남,중년_자녀동거,194,7.7,7.3,7.7,6.2,3.1,4.8,3.3,4.7,5.4,7.8,24.5,26.3,5.5,12.5
cuckoo,20,MALE,경남,키즈맘_중학생,15,10,7.1,10,5.7,1.6,6.4,9.3,3.1,0.4,,22,25.5,4.6,12.1
cuckoo,20,MALE,경남,1인가구,99,8.4,7.2,8.4,6.6,5.1,6.4,6,6,3.5,7.8,25.8,27.4,5.9,12.8
cuckoo,20,MALE,경남,키즈맘_미취학,32,8,7.3,8,5.7,5.4,6.4,,5.8,8.1,7.9,25.5,27.6,5.9,13.1
cuckoo,20,MALE,경남,2인가구,10,10,7.9,10,6.3,4.5,,4.6,6.2,,,22.2,24.5,5.4,11.7
cuckoo,20,MALE,경북,키즈맘_중학생,14,8,7.3,8,5.8,1.1,,6.9,4.9,,,19.2,23.7,3.6,11.6
cuckoo,20,MALE,경북,중년_자녀동거,123,8.2,7.3,8.2,6.5,3.2,6.4,3.3,4.9,3.8,7.7,24.4,26.5,5.4,12.6
cuckoo,20,MALE,경북,,500,8.3,7.1,8.3,5.8,4.3,4.8,3.6,4.7,8.1,7.7,21.6,20.9,5.4,10.5
cuckoo,20,MALE,경북,키즈맘_초등생,1,10,,10,7.2,9.8,,,9.2,,,30.8,38.8,9,11.2
cuckoo,20,MALE,경북,1인가구,73,8.2,7.4,8.2,6.5,4.6,,2.3,5.8,3.2,8.1,24.1,26.4,5.3,12.3
cuckoo,20,MALE,경북,키즈맘_미취학,25,7.1,7.3,7.1,7.2,3.9,,,6.8,8.1,,24.9,25.6,5.6,11.8
cuckoo,20,MALE,경북,2인가구,8,3.9,7.9,3.9,8.6,6,,4.2,6.7,,,21.5,24.8,4.3,12.4
cuckoo,20,MALE,광주,키즈맘_미취학,12,6.8,7.2,6.8,6.3,5.8,,,5.8,,,24.1,24.7,5.7,12.2
cuckoo,20,MALE,광주,1인가구,36,6.5,7.3,6.5,6.9,6,6.4,3.7,4.8,5.5,8.3,21.5,25.6,4.9,12.1
cuckoo,20,MALE,광주,,366,8.7,7.2,8.7,6.5,4.9,0.1,2.7,5.2,5.4,7.9,23.9,22.8,6,11.1
cuckoo,20,MALE,광주,2인가구,3,10,6.4,10,6.9,4,,,2.7,,,16.3,19.8,2.5,10.7
cuckoo,20,MALE,광주,키즈맘_초등생,4,10,7.5,10,0.3,2.9,,,8,,,21.3,25.6,4,12
cuckoo,20,MALE,광주,키즈맘_중학생,12,10,7.3,10,7.1,2.6,,,6.9,,,25.6,29.6,5.9,13.2
cuckoo,20,MALE,광주,중년_자녀동거,111,6.5,7.1,6.5,6.3,3.3,6.4,5.2,3.9,5.9,,24.5,26.2,5.4,12.3
cuckoo,20,MALE,대구,,389,7.2,7.2,7.2,6.1,4.6,1,1.8,5,6.7,7.7,23.8,23.9,5.7,11.9
cuckoo,20,MALE,대구,1인가구,53,7,7.4,7,6.2,5.2,5,0,4.6,4.6,7.7,26.5,28.5,6.4,13
cuckoo,20,MALE,대구,키즈맘_미취학,13,7.5,7.5,7.5,6.8,3,,,6.3,4.2,,29,31.1,6.9,13.5
cuckoo,20,MALE,대구,중년_자녀동거,92,7.7,7.2,7.7,6.1,3.4,6.4,2.6,4.8,5.9,7.6,23.5,25.3,5.1,12.3
cuckoo,20,MALE,대구,2인가구,7,5,7.1,5,6.2,5.9,6.4,6,6.2,4.1,,25.1,27.6,6.3,11.5
cuckoo,20,MALE,대구,키즈맘_중학생,9,10,7.4,10,6.1,4,,,2.4,9.8,,22.7,25.5,4.5,12.7
cuckoo,20,MALE,대구,키즈맘_초등생,5,10,7.2,10,7.4,4.7,,,5.1,,,24,23.2,5.1,13
cuckoo,20,MALE,대전,키즈맘_중학생,11,7.5,7.1,7.5,5.5,1.6,,,4.5,,,27.8,29.1,6.7,13.6
cuckoo,20,MALE,대전,키즈맘_미취학,17,10,7.3,10,6.1,4,2.9,,5.9,8.1,8.1,26.7,27.6,6.1,12.1
cuckoo,20,MALE,대전,2인가구,4,10,6.4,10,8.9,4.4,,9.3,8.1,,,17,17.2,3,9.8
cuckoo,20,MALE,대전,중년_자녀동거,138,7.5,7.4,7.5,6.6,3,6.4,5.5,4.2,5.9,7.5,24.3,26.7,5.4,12.4
cuckoo,20,MALE,대전,,471,6.1,7.1,6.1,6.2,4.6,6.1,5.1,5,3.6,8,27,26.5,7,12.7
cuckoo,20,MALE,대전,1인가구,60,6.5,7.2,6.5,6.3,5,6.4,0.1,5.8,8,7.6,25.9,27.3,6,12.9
cuckoo,20,MALE,대전,키즈맘_초등생,6,10,7.5,10,5,3,,,8.5,,,27,25.8,6.1,13.2
cuckoo,20,MALE,부산,중년_자녀동거,221,7.4,7.2,7.4,6.6,3.1,5.5,3.4,4.9,6,7.7,24.7,26.8,5.7,12.4
cuckoo,20,MALE,부산,키즈맘_미취학,42,5.6,7.5,5.6,6.3,5.3,,0.4,5.3,4.6,7.6,22.1,23.7,5,11.5
cuckoo,20,MALE,부산,,774,7.3,7.2,7.3,6,3.4,6.4,2.5,4.9,8.1,7.5,27.4,26.2,7.1,12.6
cuckoo,20,MALE,부산,키즈맘_중학생,12,7.3,7.4,7.3,5.5,3.3,6.4,4.8,2.3,,8,24.2,27.4,5,12.6
cuckoo,20,MALE,부산,1인가구,88,6.9,7.3,6.9,6.6,4,4.3,6.6,4.9,8.1,7.5,25.3,27.1,5.9,12.6
cuckoo,20,MALE,부산,2인가구,10,8,7.7,8,6.2,6.3,,0,5.7,,8.3,30.5,30.2,7.3,12.3
cuckoo,20,MALE,부산,키즈맘_초등생,9,10,7.1,10,7.9,3.8,,,4.4,0.3,,25.7,28,5.5,14.3
cuckoo,20,MALE,서울,2인가구,20,8.6,7.3,8.6,7.9,2.6,,,2.4,8.2,,22.3,26.1,5,12.5
cuckoo,20,MALE,서울,1인가구,157,7.6,7.3,7.6,6.4,3.8,5,3.3,5.3,5.2,7.7,24.6,26.9,5.5,12.5
cuckoo,20,MALE,서울,중년_자녀동거,512,7.8,7.3,7.8,6.8,3.4,5.7,5.3,4.6,5.9,7.8,24,26.3,5.4,12.3
cuckoo,20,MALE,서울,키즈맘_중학생,29,7.5,7.2,7.5,6.4,3.3,6.4,3,4.6,,,24.7,26.3,5.9,11.8
cuckoo,20,MALE,서울,키즈맘_미취학,77,7.2,7.4,7.2,6.4,4.1,5.2,3.3,5.3,7.3,7.7,26.4,28.8,6.2,12.9
cuckoo,20,MALE,서울,키즈맘_초등생,13,8.5,7,8.5,7,1.9,6.4,,5.1,8.9,7.7,18.2,20.2,3,11.7
cuckoo,20,MALE,서울,,1790,7.5,7.3,7.5,6.5,4.2,6.7,4.4,5,4.6,7.8,26.3,26.1,6.6,12.4
cuckoo,20,MALE,세종,키즈맘_초등생,1,,,,8,6.8,,,0.2,,,16.6,18.5,3.2,8.9
cuckoo,20,MALE,세종,키즈맘_미취학,4,3.3,6.9,3.3,2.3,4.1,,,3,,,25.6,25.7,6.5,13.6
cuckoo,20,MALE,세종,중년_자녀동거,9,5,6.8,5,5.2,2.7,,,3.7,,,18.3,18.5,3.5,10.8
cuckoo,20,MALE,세종,,62,8,7.1,8,7.9,4.9,,,3.5,,,28.8,26,7.3,12.7
cuckoo,20,MALE,세종,키즈맘_중학생,3,10,6.4,10,8,0.9,,,5.3,,,17.3,20.9,2.9,10
cuckoo,20,MALE,세종,1인가구,15,8.6,7.3,8.6,6.1,6.1,7.2,,7.1,10,7.7,25.2,27.8,5.8,12.8
cuckoo,20,MALE,세종,2인가구,3,0,8,0,7.1,5.9,,,7.4,8,,30.1,34,7.2,12.1
cuckoo,20,MALE,울산,1인가구,37,8,7.5,8,6,4.9,,,5.7,8.2,7.7,26.7,28.1,6.6,12.6
cuckoo,20,MALE,울산,,295,6.3,7.3,6.3,6.2,4.3,5.2,2.9,4.9,8.2,7.9,27.1,26.2,7.1,12.7
cuckoo,20,MALE,울산,키즈맘_미취학,15,4.8,7.2,4.8,6,5.1,6.4,,5.7,8,,22.2,23.1,5.2,11.9
cuckoo,20,MALE,울산,중년_자녀동거,81,7.1,7.4,7.1,6.3,3.7,8.2,2.7,5.6,5.5,8.1,26.4,28.4,5.9,13.4
cuckoo,20,MALE,울산,키즈맘_중학생,4,3.3,7.3,3.3,8.1,2.5,,,2.9,,,23.1,27,4.8,14
cuckoo,20,MALE,울산,키즈맘_초등생,4,5,6.9,5,6,2.4,,,,,,18.8,20.2,4.3,10.5
cuckoo,20,MALE,울산,2인가구,3,7.2,7.6,7.2,6.5,5.7,,,3.4,,,30.8,31,7.5,12.7
cuckoo,20,MALE,인천,키즈맘_중학생,17,7.5,7.7,7.5,7,3.5,,3,4.2,0.3,,26,28.2,5.9,13.1
cuckoo,20,MALE,인천,중년_자녀동거,240,7.7,7.2,7.7,6.2,2.7,5.6,3,4.6,7.7,7.9,24.2,26.1,5.5,12.5
cuckoo,20,MALE,인천,1인가구,84,6.5,7.2,6.5,6.4,4.4,6.4,3.3,5.4,5.8,7.5,25.3,27,5.9,13
cuckoo,20,MALE,인천,키즈맘_초등생,14,10,7,10,5.6,1.9,,8,4.3,,7.5,20.6,21.7,4.3,11.3
cuckoo,20,MALE,인천,키즈맘_미취학,49,8.2,7.2,8.2,6,4.3,,2,6.2,2.1,,22.4,24.1,5,11.8
cuckoo,20,MALE,인천,2인가구,9,9.4,6.8,9.4,6.5,7,,0,4.3,8.9,,22.3,25,4.3,11.9
cuckoo,20,MALE,인천,,827,7.7,7.2,7.7,6.5,4.3,6.4,2.8,4.9,6.6,7.6,24.7,23.5,6.5,11.3
cuckoo,20,MALE,전남,중년_자녀동거,93,7.7,7.2,7.7,6.6,4,8.2,2.5,4.8,6.5,7.7,24.5,26.9,5.3,12.7
cuckoo,20,MALE,전남,키즈맘_미취학,10,10,7.4,10,7.1,4,5.5,,5.8,,,25.7,26.1,6.2,12.3
cuckoo,20,MALE,전남,,326,7.4,7.4,7.4,6.1,4.4,6.9,0,6.9,7.5,7.8,26,25.1,6.6,12.3
cuckoo,20,MALE,전남,키즈맘_중학생,6,10,7.1,10,5.6,1.9,,,2.4,,,16.1,17.7,3.4,9.8
cuckoo,20,MALE,전남,1인가구,33,8.9,7.2,8.9,7.4,4.4,6.4,2.2,4.5,8.4,7.9,23,26,4.7,12.2
cuckoo,20,MALE,전남,2인가구,6,10,6.9,10,7.7,4.7,6.4,,3.2,,,20.5,25.4,4.1,11.6
cuckoo,20,MALE,전남,키즈맘_초등생,8,4.1,7.6,4.1,7.1,3.2,,0,5.4,0.2,,28.7,32.4,6.8,14
cuckoo,20,MALE,전북,중년_자녀동거,145,8.6,7.2,8.6,6.1,3.4,3.2,2.5,4.9,7.9,7.9,23.7,25.8,5.1,12.5
cuckoo,20,MALE,전북,키즈맘_중학생,11,10,7.1,10,3.9,3.3,,,3.9,3.8,,22.8,25.9,4.8,12.3
cuckoo,20,MALE,전북,,517,8.7,7.2,8.7,6.9,3.9,8.4,3,5.5,6.3,7.5,24.5,23.4,6.2,11.5
cuckoo,20,MALE,전북,키즈맘_초등생,13,10,7.3,10,5.8,2.9,,0,5.2,,,25.3,25.8,6,12
cuckoo,20,MALE,전북,1인가구,52,5.9,7.5,5.9,6.5,4.2,,8.6,6.5,8.1,,22.8,25.4,5,11.8
cuckoo,20,MALE,전북,2인가구,5,10,7.3,10,8,1.2,,,6.4,,,24.6,24,5.8,12.3
cuckoo,20,MALE,전북,키즈맘_미취학,22,0,7.3,0,6.2,5.6,0.2,9.4,7.9,7.5,,26.2,27.3,5.7,13.2
cuckoo,20,MALE,제주,키즈맘_초등생,4,4,7.6,4,9,0.8,,,5.2,,,20.3,21.8,4.5,11
cuckoo,20,MALE,제주,,147,10,7.4,10,4.8,2.9,6.4,8,4.7,8.8,,25,22.9,7.2,10.9
cuckoo,20,MALE,제주,키즈맘_중학생,5,10,6.4,10,5.5,2.1,,,,,,20.4,22.5,4.9,10.7
cuckoo,20,MALE,제주,1인가구,20,5.7,7.7,5.7,6.9,5.5,6.4,2,5.7,9.9,,25.7,27.2,6.3,13
cuckoo,20,MALE,제주,2인가구,3,6.7,7.5,6.7,8.6,2,,,2.6,8,,22.9,25.7,6.2,12.1
cuckoo,20,MALE,제주,키즈맘_미취학,7,6.7,7.3,6.7,6.6,5.8,,,6.1,,,21.1,25,4.9,11.1
cuckoo,20,MALE,제주,중년_자녀동거,46,8.2,7.3,8.2,5.5,2.8,,,4,,,24.9,26,5.4,12.3
cuckoo,20,MALE,충남,2인가구,9,5,7.4,5,6.8,4.2,,0,4.1,,7.5,23,24.8,5.3,11.9
cuckoo,20,MALE,충남,중년_자녀동거,129,7.6,7.2,7.6,6.3,3.5,6.4,4.5,5.4,5.3,7.6,24.3,25.6,5.4,12.1
cuckoo,20,MALE,충남,키즈맘_미취학,22,8.6,7.3,8.6,7,5.7,5.5,4,5.4,7.4,,22.8,23.4,5.2,12
cuckoo,20,MALE,충남,,522,9.2,7.1,9.2,6.7,4.5,3.8,0.7,4.7,3.7,7.6,21.4,20.4,5.4,10.2
cuckoo,20,MALE,충남,1인가구,73,7.1,7.1,7.1,6.1,4.2,6.4,2.7,5.7,6.3,8,21.8,24.7,4.2,12.4
cuckoo,20,MALE,충남,키즈맘_중학생,8,10,7,10,5.2,5,,,6.1,,,19,19.9,4.5,9.1
cuckoo,20,MALE,충남,키즈맘_초등생,8,10,7.5,10,7.1,4,,,5.8,0.2,,26.9,27.5,6.3,13.3
cuckoo,20,MALE,충북,중년_자녀동거,101,7.5,7.4,7.5,6.2,3.8,6.4,2.8,3.5,8.7,7.6,23.2,25.4,5.2,12
cuckoo,20,MALE,충북,키즈맘_미취학,22,8,7.1,8,6.7,3.8,,0.1,6.6,5.6,,24.8,26.2,5.3,13
cuckoo,20,MALE,충북,2인가구,3,7.2,,7.2,6.6,4.5,,,0.4,,,34.8,36.2,8,15.1
cuckoo,20,MALE,충북,키즈맘_중학생,4,10,6.7,10,0.4,5.4,,,9.8,,,24,25.7,5,14.3
cuckoo,20,MALE,충북,,402,7.8,7.3,7.8,6.1,4.2,6.4,5.4,5.9,8.1,7.7,25.4,24.6,6.7,11.6
cuckoo,20,MALE,충북,1인가구,68,8.1,7.4,8.1,6.9,4.2,6.4,4.2,5.8,7.7,7.9,25.7,27,6,12.7
cuckoo,20,MALE,충북,키즈맘_초등생,7,10,6.9,10,6.7,4.2,,9.3,3.8,8.1,,22.5,26.4,4.1,12.7
cuckoo,30,FEMALE,,,8568,8.1,7.3,8.1,7.4,6.5,7.1,4.8,6.9,5.3,7.6,24.1,21.6,6.7,11.4
cuckoo,30,FEMALE,,키즈맘_중학생,48,9,7.3,9,7.3,5.8,8,3.3,6.4,2.8,7.3,26.7,26.2,6.6,13.3
cuckoo,30,FEMALE,,1인가구,813,8.4,7.3,8.4,7.4,6.5,6.6,5,6.7,4.6,7.7,24.7,23.7,6.2,12.6
cuckoo,30,FEMALE,,키즈맘_미취학,833,8.1,7.2,8.1,7.5,6.6,6.3,4.6,6.8,5.5,7.6,24.8,23.6,6.4,12.5
cuckoo,30,FEMALE,,중년_자녀동거,984,8,7.3,8,7.5,6.1,7.8,4.8,6.6,4.8,7.7,25,24,6.4,12.8
cuckoo,30,FEMALE,,2인가구,305,8.1,7.4,8.1,7.5,6.7,8,6,7,5.3,7.5,24.1,22.5,6.2,12.2
cuckoo,30,FEMALE,,키즈맘_초등생,322,8.1,7.2,8.1,7.3,5.4,6.7,4.3,5.6,5.1,7.4,25.8,24.7,6.5,12.9
cuckoo,30,FEMALE,강원,중년_자녀동거,60,8.4,7.6,8.4,6.9,7.1,8,5.3,7.7,5.4,7.6,23.3,22.7,5.7,11.6
cuckoo,30,FEMALE,강원,키즈맘_초등생,42,7.4,7.1,7.4,6.9,6.6,8,3,5.6,7.7,8.4,22.8,20.8,5.3,11.7
cuckoo,30,FEMALE,강원,키즈맘_미취학,60,7.6,7.3,7.6,7.5,6.2,8.4,4.5,6.7,6.6,7.4,23.3,22.1,5.9,11.8
cuckoo,30,FEMALE,강원,1인가구,49,5.7,7.6,5.7,6.9,6.1,7,4.7,6.9,8.5,,22.8,22,5.8,11.8
cuckoo,30,FEMALE,강원,2인가구,18,9.1,7,9.1,6.6,6.4,5.6,8,5.8,8.1,,20.6,17.3,5.9,10.5
cuckoo,30,FEMALE,강원,,484,8.1,7.3,8.1,7.4,7,7.3,6.7,6.6,5.3,7.3,26.3,22.5,7.5,12.3
cuckoo,30,FEMALE,강원,키즈맘_중학생,8,8.4,7.1,8.4,7.6,5.5,,,6.1,3.9,,24,21.2,5.5,12.3
cuckoo,30,FEMALE,경기,키즈맘_초등생,463,7.4,7.3,7.4,7.2,5.4,7.6,4.3,5.9,5.1,7.6,24.8,23.6,6.2,12.3
cuckoo,30,FEMALE,경기,,6351,8.4,7.3,8.4,7.2,6.1,7.6,4.1,6.3,4.8,7.6,22.3,19.7,6.3,10.4
cuckoo,30,FEMALE,경기,중년_자녀동거,697,8.1,7.4,8.1,7.6,6.3,7.4,3.7,6.3,6.3,7.5,23.8,22.5,6.1,12.1
cuckoo,30,FEMALE,경기,키즈맘_중학생,149,8.5,7.3,8.5,7.5,5.5,7.7,3.5,5.9,5.2,7.7,24.3,23.3,6.1,12.1
cuckoo,30,FEMALE,경기,1인가구,565,8.1,7.3,8.1,7.2,6.5,7.4,3.9,6.5,4.8,7.7,25,23.6,6.4,12.5
cuckoo,30,FEMALE,경기,키즈맘_미취학,632,7.9,7.3,7.9,7.4,6.8,7.2,4.1,6.8,5.4,7.5,25.2,23.4,6.5,12.4
cuckoo,30,FEMALE,경기,2인가구,237,7.8,7.4,7.8,7.4,6.5,7.4,4.5,6.5,5.7,7.5,24.6,22.9,6.4,12.1
cuckoo,30,FEMALE,경남,키즈맘_중학생,36,7.5,7.1,7.5,7,6.1,8,4.7,6.5,2.7,8.2,20.7,19,5.4,10.5
cuckoo,30,FEMALE,경남,2인가구,41,8.1,7.4,8.1,7.8,6.7,8,6,6.9,7,,25,22.9,7.3,12.3
cuckoo,30,FEMALE,경남,키즈맘_초등생,99,7.5,7.2,7.5,7.2,5.2,8,5.9,5.7,6.1,7.4,24.1,22.2,6,12
cuckoo,30,FEMALE,경남,,1160,8.5,7.3,8.5,6.9,5.8,7,2.5,6.3,4.7,7.6,24.3,21.8,6.7,11.8
cuckoo,30,FEMALE,경남,중년_자녀동거,126,8.7,7.3,8.7,7.2,6,8.2,5.7,6.7,2.6,7.7,25,23.6,6.4,12.5
cuckoo,30,FEMALE,경남,키즈맘_미취학,137,8.6,7.3,8.6,6.9,5.9,7.7,2.4,5.9,6.2,7.5,24.2,22.6,6.1,12.2
cuckoo,30,FEMALE,경남,1인가구,115,8.7,7.5,8.7,7.2,6.7,7.4,5.6,7.1,5.8,7.7,25.2,24.2,6.4,12.8
cuckoo,30,FEMALE,경북,키즈맘_중학생,24,7.2,7.3,7.2,7.6,5.2,,8.1,6.3,7.7,7.2,20.6,19.8,5.1,11
cuckoo,30,FEMALE,경북,2인가구,31,8,7.7,8,7.2,5.5,8,8.5,4.7,7.8,8.3,24.1,23.3,6.5,11.7
cuckoo,30,FEMALE,경북,,931,7.9,7.4,7.9,7.2,5.7,8.2,4.9,6.4,6,7.9,24.3,22.2,6.6,11.7
cuckoo,30,FEMALE,경북,키즈맘_미취학,88,7.1,7.3,7.1,7.3,6.3,7.5,5.7,6.3,7.6,7.8,25,23.6,6.3,12.6
cuckoo,30,FEMALE,경북,1인가구,112,8.8,7.5,8.8,7.5,5.6,6.5,3.1,6.5,4.3,7.4,24.5,23.6,6.2,12.4
cuckoo,30,FEMALE,경북,중년_자녀동거,90,7.7,7.3,7.7,7.2,5.3,9,4.9,6.4,5.8,8.1,22.6,21.8,6,11.6
cuckoo,30,FEMALE,경북,키즈맘_초등생,83,7.2,7.2,7.2,7.5,5,8,8.1,5.6,3.8,7.5,22.5,21.6,5.3,11.7
cuckoo,30,FEMALE,광주,,641,7.7,7.3,7.7,7.8,5.8,7.4,3.4,5.9,5,7.5,24.7,21.6,7.1,11.4
cuckoo,30,FEMALE,광주,1인가구,66,8.9,7.1,8.9,7,6.5,8,3.2,6.5,5.3,7.6,23.8,22.4,5.7,12.5
cuckoo,30,FEMALE,광주,키즈맘_미취학,73,8,7.2,8,7.7,5.7,8,6.8,6.6,6.4,,26,23.5,6.9,12.6
cuckoo,30,FEMALE,광주,2인가구,18,8,7.5,8,7.7,7.5,8,9.2,5,7.7,,25.6,24.8,6.7,12.6
cuckoo,30,FEMALE,광주,키즈맘_초등생,43,8.3,7.4,8.3,7.1,5.5,8,5.1,5.7,5.3,,25.4,24.2,6,13
cuckoo,30,FEMALE,광주,키즈맘_중학생,12,10,7.9,10,7.8,4.2,,4,5.9,3.9,,21.3,21.4,5.6,10.8
cuckoo,30,FEMALE,광주,중년_자녀동거,80,8.2,7.2,8.2,7.8,5.6,8,2.6,6.3,6.1,,25.9,25.2,6.7,12.9
cuckoo,30,FEMALE,대구,2인가구,37,7.8,7,7.8,7.3,7.4,8,6.1,6.7,4.8,7.3,23.7,21.2,6.5,11.7
cuckoo,30,FEMALE,대구,중년_자녀동거,82,7.9,7.3,7.9,8.1,6.5,8,5.4,6.3,5.7,7.3,25.4,23.7,6.4,12.3
cuckoo,30,FEMALE,대구,키즈맘_미취학,105,8.3,7.3,8.3,7.4,6.2,,5.4,6.4,5.1,7.7,25.7,24.2,6.7,12.7
cuckoo,30,FEMALE,대구,키즈맘_중학생,19,5,7,5,7.1,6,8,0.4,6.7,6.3,7.3,21.8,21.8,5.4,11.7
cuckoo,30,FEMALE,대구,1인가구,71,8.6,7.5,8.6,7.4,6.5,8,7.6,7.4,5.9,7.5,24.7,23.5,6.3,12.6
cuckoo,30,FEMALE,대구,키즈맘_초등생,56,8.1,7.3,8.1,7.3,5.9,8.3,3.9,5.2,5.4,,24.2,22.9,6.1,12.5
cuckoo,30,FEMALE,대구,,794,8.3,7.3,8.3,6.9,6,7.1,5,6.3,5.2,7.6,24,21.3,6.8,11.4
cuckoo,30,FEMALE,대전,,840,8.4,7.3,8.4,7.5,6.7,6.8,4.1,6.4,3.8,7.8,25.9,23.2,7.2,12.4
cuckoo,30,FEMALE,대전,1인가구,100,8.3,7.4,8.3,7.2,6.5,4.1,5.6,6.6,4.8,7.3,24.7,23.3,6.3,12.2
cuckoo,30,FEMALE,대전,중년_자녀동거,116,8.4,7.4,8.4,7.5,6,8.6,4.9,6.1,5.7,7.4,25,24,6.5,12.6
cuckoo,30,FEMALE,대전,키즈맘_미취학,76,7.9,7.4,7.9,6.7,6.6,8.1,6,6.2,5.9,7.3,25.1,22.9,6.3,12.4
cuckoo,30,FEMALE,대전,키즈맘_중학생,15,6.3,7.2,6.3,7.4,3.1,,8,5.1,5.9,,25.7,24.9,6.4,13.8
cuckoo,30,FEMALE,대전,2인가구,48,10,7.6,10,7.2,7.2,8.8,5.3,6.8,5,7.4,26.3,25.5,6.5,13.1
cuckoo,30,FEMALE,대전,키즈맘_초등생,58,8.6,7.3,8.6,7.3,5.5,8,0.4,5.6,2.6,7.4,25.2,23.9,6.3,12.3
cuckoo,30,FEMALE,부산,2인가구,58,8.7,7.5,8.7,6.9,6.8,5.8,4.3,6.8,6.5,7.4,24.8,23.5,6.3,12.5
cuckoo,30,FEMALE,부산,,1535,8.1,7.5,8.1,7.3,6.6,7.6,5.3,6.8,5.4,7.5,25.5,22.4,7.3,11.9
cuckoo,30,FEMALE,부산,키즈맘_초등생,109,8.6,7.3,8.6,7.4,5.4,8,2.8,5.7,5.5,7.4,25.7,24.4,6.2,12.8
cuckoo,30,FEMALE,부산,1인가구,165,8.7,7.3,8.7,7.5,7,7.8,5.9,7.2,4.6,8.1,23.1,21.8,5.9,11.8
cuckoo,30,FEMALE,부산,중년_자녀동거,192,8.4,7.4,8.4,7.3,6.1,8,5.9,6.5,4.6,7.7,25.4,24.3,6.6,12.8
cuckoo,30,FEMALE,부산,키즈맘_미취학,159,8.2,7.2,8.2,7.5,6.7,7.3,5.1,6.8,4.6,7.8,25,22.6,6.6,12.3
cuckoo,30,FEMALE,부산,키즈맘_중학생,28,9.2,7.3,9.2,7.8,5.6,8,4.9,4.8,6.3,,22.3,21,5.4,11.5
cuckoo,30,FEMALE,서울,중년_자녀동거,502,8.1,7.4,8.1,7.5,6.5,8.1,4.4,6.4,4.7,7.3,24.9,23.7,6.5,12.5
cuckoo,30,FEMALE,서울,2인가구,184,8.6,7.4,8.6,7.6,7.3,5.2,3.1,6.5,6,7.6,22.8,21.2,5.8,11.7
cuckoo,30,FEMALE,서울,키즈맘_중학생,45,9.6,7.1,9.6,7.4,4.9,,8,6,8.7,7.6,24.5,24,6,12
cuckoo,30,FEMALE,서울,키즈맘_미취학,495,7.6,7.4,7.6,7.6,6.9,7.1,4.9,6.6,4.9,7.6,25.2,23.6,6.6,12.7
cuckoo,30,FEMALE,서울,1인가구,411,8,7.4,8,7.5,6.9,7.8,4.2,6.6,5.5,7.6,24.1,22.9,6.1,12.3
cuckoo,30,FEMALE,서울,,4306,8.4,7.3,8.4,7.5,6.6,7.6,4.4,6.6,5.3,7.7,23.4,20.8,6.5,11.1
cuckoo,30,FEMALE,서울,키즈맘_초등생,113,8.7,7.4,8.7,7.8,6.4,7.2,4,5.7,6.2,7.6,24.3,23.3,6.1,12
cuckoo,30,FEMALE,세종,중년_자녀동거,13,8.6,7.7,8.6,6.8,3.6,,8.7,5.9,2.8,,28.7,28.2,7.2,14.4
cuckoo,30,FEMALE,세종,1인가구,11,8.6,7.3,8.6,7,6.6,8,8.3,5.2,5.3,,23.9,19.8,7.2,11.2
cuckoo,30,FEMALE,세종,키즈맘_초등생,13,7.5,7.1,7.5,7.4,4.3,8.5,,5.9,4,,26.5,26.2,6.3,14.1
cuckoo,30,FEMALE,세종,키즈맘_중학생,3,,7.5,,7.8,9.2,,,7.1,8,,17.7,17.7,4.1,8.3
cuckoo,30,FEMALE,세종,2인가구,4,10,7.8,10,9.5,7.6,,8.9,7.6,2.9,7.3,23,20.6,6,11.2
cuckoo,30,FEMALE,세종,키즈맘_미취학,13,10,7.4,10,6.2,6.9,8,0.4,6.6,0.1,,22.7,21.5,5.7,12.1
cuckoo,30,FEMALE,세종,,115,6.6,7.4,6.6,6.7,5.8,5.3,4.3,6.2,5.1,,25.1,20.7,7.4,11.2
cuckoo,30,FEMALE,울산,키즈맘_초등생,41,7.9,7.1,7.9,7.3,5.5,4.6,2.9,5.1,4.9,7.7,22.8,21.9,5.5,11.8
cuckoo,30,FEMALE,울산,키즈맘_중학생,6,6.7,7.7,6.7,7.3,7,,,6.5,9.7,,26.4,24.4,7.1,13
cuckoo,30,FEMALE,울산,,461,8.1,7.2,8.1,7.4,6.2,4.8,4.2,6.7,4.3,7.3,24.9,21.5,7.2,11.5
cuckoo,30,FEMALE,울산,2인가구,20,7.8,7.6,7.8,5.8,4.6,8,4.1,5.4,4.7,,21.1,20.1,5.4,11.1
cuckoo,30,FEMALE,울산,중년_자녀동거,57,8.6,7.4,8.6,7.5,6.3,8,5.4,6.5,6.4,,24.2,22.8,6.2,12.5
cuckoo,30,FEMALE,울산,키즈맘_미취학,51,8,7.1,8,7.4,6.6,8,3.3,5.6,8.2,7.9,23.2,20.9,6.1,11.2
cuckoo,30,FEMALE,울산,1인가구,35,5.1,7.3,5.1,7.8,6.7,8.4,8,7.4,6.5,,26.1,25.5,6.7,12.4
cuckoo,30,FEMALE,인천,2인가구,72,8.1,7.4,8.1,7.5,6.2,8,6.9,6.1,4.6,7.6,24.6,22.7,6.2,12
cuckoo,30,FEMALE,인천,중년_자녀동거,208,8,7.5,8,7.6,5.9,8.1,4.7,6.2,3.7,7.3,25,23.4,6.6,12.2
cuckoo,30,FEMALE,인천,,1893,8.7,7.4,8.7,7.3,6.2,7.4,4,6.6,4.5,7.6,23,20,6.5,10.7
cuckoo,30,FEMALE,인천,키즈맘_초등생,123,8,7.3,8,7.7,6,7.2,2.4,6.4,5.1,7.2,23.7,22,6,11.9
cuckoo,30,FEMALE,인천,키즈맘_중학생,36,8.2,7.4,8.2,7.1,4.5,8,5,5.5,4.9,7.2,23.9,22.2,6.1,11.9
cuckoo,30,FEMALE,인천,1인가구,146,8.4,7.4,8.4,7,5.7,8,3.2,5.9,6.9,7.7,24.2,21.9,6.3,11.9
cuckoo,30,FEMALE,인천,키즈맘_미취학,239,7.5,7.4,7.5,7.2,7,7.4,5,6.4,5.1,7.5,25.4,23.8,6.6,12.5
cuckoo,30,FEMALE,전남,키즈맘_미취학,65,8.3,7.2,8.3,8.1,6.5,6.7,5.1,6.9,4.2,7.6,24.5,23.3,6.1,12.5
cuckoo,30,FEMALE,전남,1인가구,37,8.9,7.5,8.9,7.3,6.6,,4.5,6,2.1,7.4,27,25.9,6.7,13.3
cuckoo,30,FEMALE,전남,키즈맘_초등생,42,4.3,7.4,4.3,7.7,4.8,,5.1,6.3,5.1,,24.7,23.4,6.4,12.5
cuckoo,30,FEMALE,전남,키즈맘_중학생,19,5,7.4,5,7.7,6.7,8,0.4,7.5,5.4,7.4,21.8,19.9,5.4,11.4
cuckoo,30,FEMALE,전남,,483,7.4,7.3,7.4,6.8,5.4,8.4,5.1,6.2,7.2,8.3,23.6,21.1,6.4,11.5
cuckoo,30,FEMALE,전남,2인가구,13,8.9,7.4,8.9,7.6,6.2,8,0,6.3,7.8,8.4,22.7,21,5.4,11.5
cuckoo,30,FEMALE,전남,중년_자녀동거,56,8.7,7.5,8.7,7.7,5.8,7.1,3.6,6.7,5.7,7.5,26.5,25.9,6.4,13.4
cuckoo,30,FEMALE,전북,키즈맘_중학생,29,8.7,7.4,8.7,7.5,5.2,8,2.8,6.2,5.7,7.9,23.3,22.3,5.4,11.7
cuckoo,30,FEMALE,전북,2인가구,18,8,7.4,8,7.6,6.9,8.7,4.5,6.4,5.3,7.4,27.1,25.2,7.2,13.2
cuckoo,30,FEMALE,전북,중년_자녀동거,81,6.7,7.3,6.7,7.4,6.1,5.3,4,6.8,4.9,7.9,22.8,22,5.8,11.5
cuckoo,30,FEMALE,전북,키즈맘_미취학,78,9.1,7.2,9.1,7.4,6,8,5.2,6.3,5.4,7.8,24.8,22.7,6.3,12.4
cuckoo,30,FEMALE,전북,키즈맘_초등생,65,8,7.2,8,7.2,5.2,8,6.5,5.2,5.1,7.4,24.8,22.9,6.4,12.2
cuckoo,30,FEMALE,전북,,760,7.7,7.4,7.7,6.8,6.3,8.3,5.6,5.9,6.1,7.7,26.3,23.1,7.4,12.3
cuckoo,30,FEMALE,전북,1인가구,81,9.1,7.4,9.1,6.7,5.6,8,3.1,6.1,5.4,7.8,26.1,25.3,6.8,12.9
cuckoo,30,FEMALE,제주,2인가구,7,10,7.6,10,8.9,6.4,8,0.2,6.3,,,26.1,26.3,6.3,13.2
cuckoo,30,FEMALE,제주,키즈맘_미취학,39,6,7.3,6,6.6,4.5,8.5,0.4,5.4,7.3,,24.3,22.1,6.1,12
cuckoo,30,FEMALE,제주,,278,8.7,7.3,8.7,7.2,3.9,8.3,0,6,3.5,,25.1,22.4,6.9,11.9
cuckoo,30,FEMALE,제주,키즈맘_중학생,7,10,7.4,10,5.4,5.7,9.1,,7.9,7.7,7.5,29.5,25.6,8.1,13.7
cuckoo,30,FEMALE,제주,1인가구,30,7.2,7.5,7.2,7.4,5.8,8,8.9,6.1,3.1,7.4,22.5,21.1,5.7,11.5
cuckoo,30,FEMALE,제주,키즈맘_초등생,30,9.2,7.6,9.2,7.1,3.5,8,6.3,4.5,7.7,,25.3,23.5,6.5,12.2
cuckoo,30,FEMALE,제주,중년_자녀동거,35,9.2,7.5,9.2,7,5.2,8,8,7.1,6.7,,24.1,22,6.7,11.5
cuckoo,30,FEMALE,충남,키즈맘_초등생,70,7.7,7.3,7.7,7.7,5.6,8.2,3.8,5.9,4.9,7.2,24,22.3,6,11.8
cuckoo,30,FEMALE,충남,키즈맘_미취학,86,9.4,7.4,9.4,7.4,7.8,6.6,2.4,6.8,4.4,7.6,25.7,23.6,6.4,12.8
cuckoo,30,FEMALE,충남,,939,7.6,7.2,7.6,7.3,5.8,8.1,5.9,6.3,5.3,7.6,22.8,19.9,6.3,10.7
cuckoo,30,FEMALE,충남,키즈맘_중학생,27,8.6,6.9,8.6,6.9,5.5,0.8,0,5.7,5.2,,20.3,18.7,5.4,10.5
cuckoo,30,FEMALE,충남,1인가구,111,7.2,7.4,7.2,7.2,6.6,7.9,3.8,6.4,5.6,7.3,24.1,23.3,6,12.2
cuckoo,30,FEMALE,충남,2인가구,42,8.5,7.5,8.5,7.8,6.4,8,4.3,6.5,5.8,8.1,23,21.4,5.7,11.7
cuckoo,30,FEMALE,충남,중년_자녀동거,90,7.7,7.4,7.7,7.3,6.1,6,3.8,6.5,5.3,7.4,27,25.3,6.9,13.4
cuckoo,30,FEMALE,충북,,672,8,7.3,8,7,6.4,7.5,2.5,6.6,4.7,7.5,24.6,22.2,6.9,11.4
cuckoo,30,FEMALE,충북,키즈맘_중학생,20,6.6,7.2,6.6,8.1,5.9,8,3.6,4.9,2.7,,22.4,21.5,5.3,11.3
cuckoo,30,FEMALE,충북,키즈맘_초등생,68,7.6,7.2,7.6,7.8,5.4,8,4.6,5.3,6.5,7.8,22.9,21.5,6,11.5
cuckoo,30,FEMALE,충북,1인가구,76,8.7,7.5,8.7,7,6,8,3.8,6.7,6.7,7.3,22.8,21.3,5.9,11.7
cuckoo,30,FEMALE,충북,중년_자녀동거,61,7.1,7.3,7.1,7.4,7,8,3.6,6.4,6.7,7.4,26.6,25.3,7.1,13.5
cuckoo,30,FEMALE,충북,2인가구,19,7.7,7,7.7,7.4,6.2,8,0,5.2,9.8,7.2,21.5,18.4,6.3,9.8
cuckoo,30,FEMALE,충북,키즈맘_미취학,65,7.9,7.3,7.9,7.5,5.6,8,0.3,6.7,8.2,7.4,25.9,24.2,6.7,13.1
cuckoo,30,MALE,,중년_1인,1,,8,,8.1,2.4,,,0.9,,,17.6,17.6,4.3,9.1
cuckoo,30,MALE,,키즈맘_미취학,568,7.9,7.3,7.9,7.6,6.5,6,2.7,5.2,4.5,7.5,26.6,27.6,6.1,13
cuckoo,30,MALE,,1인가구,782,7.7,7.2,7.7,7.4,6,6,2.7,5.1,5.2,7.7,25.7,27,5.8,12.8
cuckoo,30,MALE,,중년_자녀동거,974,7.9,7.3,7.9,7.5,5.1,6.1,2.7,4.7,5.2,7.7,25.7,27.2,5.8,13
cuckoo,30,MALE,,키즈맘_중학생,44,8,7.4,8,7.4,5,6.4,3.3,4,4.8,7.7,24.3,25.9,5.3,12.3
cuckoo,30,MALE,,2인가구,237,7.7,7.2,7.7,7.9,5.9,6.4,3.1,4.6,5,7.3,25.4,26.7,5.7,12.7
cuckoo,30,MALE,,,7710,7.8,7.2,7.8,7.5,5.9,6.2,3.3,5.1,4.6,7.6,25,24.5,6.3,11.8
cuckoo,30,MALE,,키즈맘_초등생,117,8.2,7.2,8.2,7.6,5.6,6.8,1.9,4.9,5.2,7.6,26.2,27.4,5.7,12.6
cuckoo,30,MALE,강원,키즈맘_초등생,34,7.4,7.4,7.4,7.5,4.9,6.4,4.9,5.1,6.7,7.8,25.8,26.1,5.8,12.5
cuckoo,30,MALE,강원,1인가구,63,8,7.5,8,7.9,6,7,2.4,4.2,5.1,,25.5,26.6,5.9,12.9
cuckoo,30,MALE,강원,키즈맘_중학생,11,8.3,8,8.3,7.2,4.4,,5.4,4,2,,24.4,25.8,6,12
cuckoo,30,MALE,강원,,578,7.7,7.4,7.7,7.3,5.8,5.6,3.5,5,4.9,7.4,28.1,26.8,7.2,13
cuckoo,30,MALE,강원,키즈맘_미취학,69,7.6,7.2,7.6,7,5.7,6.1,2.5,5.3,5.6,7.4,26.2,27.3,5.8,12.9
cuckoo,30,MALE,강원,2인가구,17,8.9,7.1,8.9,8.4,7,7.2,4.4,3.9,7.8,,25,25.2,6,12.5
cuckoo,30,MALE,강원,중년_자녀동거,72,8.7,7.4,8.7,7.5,5.7,5.5,0.1,4.6,3.3,7.4,27.6,28.9,6.5,13.4
cuckoo,30,MALE,경기,2인가구,209,8.8,7.3,8.8,7.4,6.6,5.5,2.2,4.7,5.5,7.5,26.8,27.7,6,13
cuckoo,30,MALE,경기,키즈맘_초등생,217,7.9,7.2,7.9,7.3,5.8,6.3,4.9,4.8,4.9,7.8,26.4,27.1,5.7,13
cuckoo,30,MALE,경기,키즈맘_미취학,664,8,7.3,8,7.5,6.2,6.3,2.9,4.7,5.1,7.6,26.8,27.4,6.1,13
cuckoo,30,MALE,경기,1인가구,733,7.9,7.3,7.9,7.6,6.3,6.3,3.2,5.1,5.4,7.5,26.3,27.6,5.9,13
cuckoo,30,MALE,경기,중년_자녀동거,800,7.5,7.2,7.5,7.4,5.4,6,4.2,4.8,5.7,7.7,26.2,27.4,6,13
cuckoo,30,MALE,경기,키즈맘_중학생,55,9.1,7.2,9.1,7.5,5.4,6.4,5.1,4.8,6.8,7.3,25.4,27.1,5.6,12.4
cuckoo,30,MALE,경기,,6245,7.8,7.3,7.8,7.5,6,6.2,3.2,5.1,4.9,7.6,24,23.2,6.1,11.2
cuckoo,30,MALE,경남,2인가구,43,8.2,7.2,8.2,7.4,5.7,,1.7,5.7,5.4,7.7,25.3,26.4,5.9,12.6
cuckoo,30,MALE,경남,키즈맘_초등생,64,7.7,7.3,7.7,7.2,5.4,5.8,6.2,5.3,2.8,,25.2,27.1,5.6,12.5
cuckoo,30,MALE,경남,중년_자녀동거,198,8,7.2,8,7.4,5.6,6.6,2.1,4.9,4.8,8.9,26.4,27.2,6.1,13
cuckoo,30,MALE,경남,키즈맘_미취학,134,7.4,7.4,7.4,7.1,6.2,7.1,3.2,5,5.8,7.3,25.3,25.4,5.9,12.2
cuckoo,30,MALE,경남,1인가구,153,7.8,7.4,7.8,7.5,6,6.1,3,5.8,4.9,7.5,26.1,27,5.9,12.6
cuckoo,30,MALE,경남,,1324,8.2,7.3,8.2,7.4,5.8,6.8,3.9,5.2,6,7.6,25,24.2,6.4,11.7
cuckoo,30,MALE,경남,키즈맘_중학생,17,6.7,6.9,6.7,7.9,5,6.4,8,4.3,6.7,7.4,26.2,29.1,4.9,13.6
cuckoo,30,MALE,경북,키즈맘_미취학,99,9.4,7.3,9.4,7.3,6.6,7.3,1.8,4.9,6.5,7.5,25.7,26.2,5.9,12.5
cuckoo,30,MALE,경북,2인가구,48,7.5,7.3,7.5,7.4,6.3,6.4,0.6,5.2,4.9,8,24.3,24.4,5.3,11.8
cuckoo,30,MALE,경북,키즈맘_중학생,13,5,7,5,6.3,5.4,6.4,,3.2,4,,26.4,29.3,5.8,13.3
cuckoo,30,MALE,경북,,1006,7.3,7.3,7.3,7.3,5.8,7,4,4.8,5,7.8,24.7,24.3,6.2,11.6
cuckoo,30,MALE,경북,중년_자녀동거,97,7.6,7.3,7.6,6.9,4.7,6.6,5.2,4.4,6.6,7.3,25.6,27.2,5.8,12.9
cuckoo,30,MALE,경북,키즈맘_초등생,51,9.7,7.3,9.7,7.4,5,7.3,4,5.9,4.5,,28.9,29.5,6.6,13.8
cuckoo,30,MALE,경북,1인가구,130,6.1,7.3,6.1,7.3,5.1,5.4,2.9,4.6,5.7,7.4,24,25.8,5.5,12.2
cuckoo,30,MALE,광주,키즈맘_중학생,9,10,7.7,10,8.5,5.1,,,6.1,6.1,8,27.4,30.6,6.5,12
cuckoo,30,MALE,광주,중년_자녀동거,88,7,7.4,7,7.6,5.5,5.1,2.8,4.9,4.7,8.2,26.4,27.2,6.1,13
cuckoo,30,MALE,광주,,581,9.2,7.3,9.2,7.8,5.9,6.4,2.4,4.5,3.9,7.9,26.8,26.2,6.9,12.7
cuckoo,30,MALE,광주,키즈맘_초등생,32,8.3,7.1,8.3,7.7,6.1,6.4,0.2,5.7,5.5,7.8,27.7,29.6,5.5,13.8
cuckoo,30,MALE,광주,키즈맘_미취학,50,9.2,7.4,9.2,7.6,5.9,7.1,4.2,4.6,5.7,7.3,27.8,28.1,6.4,13.4
cuckoo,30,MALE,광주,2인가구,20,8.8,7.4,8.8,7.9,7.3,5,4,6.5,5.8,7.3,25.9,25.9,5.4,12.9
cuckoo,30,MALE,광주,1인가구,64,7.4,7.1,7.4,7.7,7.3,6.4,3.6,6.3,6.3,7.5,24.4,26,5.5,12.5
cuckoo,30,MALE,대구,2인가구,29,7,7,7,7.7,5.6,7.2,0.4,5.9,3.6,,25,27,5.2,12.2
cuckoo,30,MALE,대구,키즈맘_초등생,34,10,6.8,10,7.1,4.8,6.4,1.5,5.3,6.2,,23.6,26,4.9,12.6
cuckoo,30,MALE,대구,,790,8,7.2,8,7.2,5.9,5.8,3.7,5.3,4.8,7.3,27,27.1,6.7,12.9
cuckoo,30,MALE,대구,키즈맘_미취학,65,7.8,7.4,7.8,7,6.1,6.4,1.5,4.6,4.6,7.2,27.4,28.5,6.2,13.3
cuckoo,30,MALE,대구,중년_자녀동거,119,8,7.3,8,7.2,4.9,5.2,5,4.6,4.9,7.4,24.8,26.6,5.5,12.5
cuckoo,30,MALE,대구,키즈맘_중학생,8,10,6.9,10,7.4,7.6,,,3.3,5.7,7.8,28.8,31,6.4,14.8
cuckoo,30,MALE,대구,1인가구,97,7.4,7.3,7.4,7.5,5.4,5.8,2.3,5,3.9,7.2,25.3,27,5.5,12.9
cuckoo,30,MALE,대전,키즈맘_미취학,51,8.1,7.2,8.1,7.5,5.6,6.4,2.7,4.2,3.6,7.4,27,27.2,6.3,12.6
cuckoo,30,MALE,대전,1인가구,96,7.4,7.2,7.4,7,5.7,3.2,5.1,5,5.2,8.2,25.6,26.9,5.7,12.7
cuckoo,30,MALE,대전,키즈맘_초등생,28,8,7.3,8,7.2,6.8,7.3,4.5,4,5.7,,28.3,29.3,6.3,13.6
cuckoo,30,MALE,대전,2인가구,38,8.4,7.4,8.4,7.7,5.6,6.4,4.4,4.6,5.7,7.4,24.3,25.7,5.5,12
cuckoo,30,MALE,대전,키즈맘_중학생,6,10,7.2,10,7.9,7.3,,0,3.5,,,25.6,26.7,5.7,13.4
cuckoo,30,MALE,대전,,808,7.4,7.2,7.4,7.5,6.1,6.2,3.8,5.1,3.5,7.6,27.4,26.5,7.1,12.7
cuckoo,30,MALE,대전,중년_자녀동거,120,8.5,7.3,8.5,7.4,5.4,7.2,7.7,5,5.5,7.7,26,27.3,5.8,12.8
cuckoo,30,MALE,부산,1인가구,167,8.2,7.2,8.2,7.4,6.4,6.4,3.2,5.1,4.7,7.5,26.2,27.7,6,13.3
cuckoo,30,MALE,부산,키즈맘_초등생,55,10,7.5,10,7.6,5.9,6.4,2,4.6,5.4,7.5,26.2,28,5.9,12.9
cuckoo,30,MALE,부산,키즈맘_미취학,170,8.5,7.3,8.5,7.9,6.3,6,4,4.9,5.8,7.7,28.1,28.6,6.5,13.3
cuckoo,30,MALE,부산,2인가구,57,6.2,7.6,6.2,7.1,6.3,6.4,2.5,5,4.9,,26.9,27.9,6.3,12.9
cuckoo,30,MALE,부산,키즈맘_중학생,12,10,7,10,6.6,7.3,6.4,,5,2.7,,25.3,26.9,5.9,13.1
cuckoo,30,MALE,부산,중년_자녀동거,258,7.8,7.3,7.8,7.7,5.5,6.4,2.9,4.5,4.2,7.7,25.6,26.7,5.9,12.4
cuckoo,30,MALE,부산,,1511,8.1,7.3,8.1,7.3,5.6,6.8,2.4,4.9,4.5,7.8,28.5,27.7,7.2,13.2
cuckoo,30,MALE,서울,2인가구,145,8.8,7.3,8.8,8,7.2,7.6,3.8,5.4,5.1,7.8,24.4,25.5,5.4,12.1
cuckoo,30,MALE,서울,,4117,8,7.2,8,7.7,6.4,6.4,3.6,4.9,5.3,7.7,25.4,24.9,6.3,12
cuckoo,30,MALE,서울,중년_자녀동거,573,7.9,7.3,7.9,7.7,5.5,5.9,3.1,4.8,5.1,7.8,25.2,26.6,5.6,12.5
cuckoo,30,MALE,서울,키즈맘_중학생,26,9.3,7.4,9.3,6.7,4.8,8.2,2.1,4.4,6.6,7.6,23.8,24.7,5.4,11.5
cuckoo,30,MALE,서울,키즈맘_초등생,69,8.3,7.4,8.3,7.6,5.7,7.6,1.7,4.5,6,,27.5,28.1,6.5,13.2
cuckoo,30,MALE,서울,1인가구,443,7.6,7.3,7.6,7.7,6.6,6.6,3.4,5.4,5.4,7.5,25.2,26.6,5.7,12.5
cuckoo,30,MALE,서울,키즈맘_미취학,377,8.5,7.3,8.5,7.8,6.7,6.7,3,4.9,5.5,7.6,26.3,27.1,5.9,12.9
cuckoo,30,MALE,세종,2인가구,7,9.3,6.8,9.3,6.7,6,,4,4.7,5.8,,25.4,28.2,4.8,12.9
cuckoo,30,MALE,세종,키즈맘_미취학,20,10,7.2,10,7.8,5.3,6.4,0,3.3,5.3,,30.8,31.7,7.1,14.7
cuckoo,30,MALE,세종,1인가구,21,10,7,10,7.5,5.4,6.4,0.2,4.7,1.4,,26.5,26.9,5.7,13
cuckoo,30,MALE,세종,키즈맘_중학생,2,10,8.6,10,9.4,0.9,,8.9,8.1,,,36.1,34.3,8,15.5
cuckoo,30,MALE,세종,키즈맘_초등생,6,10,7.9,10,7.9,4.4,6.4,4,2.9,8.2,,27.5,27.1,6,13.4
cuckoo,30,MALE,세종,중년_자녀동거,13,8.5,7.5,8.5,9,7.7,6.4,8,3.7,3,,29.5,28.4,5.8,14
cuckoo,30,MALE,세종,,153,7.1,7.4,7.1,7.8,6.5,6.7,5.3,6.1,4.6,7.4,29.1,27,7.7,13.1
cuckoo,30,MALE,울산,키즈맘_초등생,29,8,7.2,8,7.6,4.9,6.4,8,4.2,6.7,,29.1,29.9,6.6,13.7
cuckoo,30,MALE,울산,키즈맘_미취학,63,8.4,7.3,8.4,7.2,6.1,6.4,2.7,5.2,3.7,7.3,26.8,27.4,5.9,13
cuckoo,30,MALE,울산,,534,8,7.3,8,7.6,6.1,6.4,3.8,5.3,4.9,7.8,24.5,23.2,6.3,11.4
cuckoo,30,MALE,울산,키즈맘_중학생,2,10,7,10,7.7,1.5,,0,0.8,,,28.7,29,5.6,13.4
cuckoo,30,MALE,울산,중년_자녀동거,72,7,7.2,7,7.4,4.6,5.6,3,4.5,6.1,7.4,27,27.7,6.2,13.2
cuckoo,30,MALE,울산,2인가구,14,7.5,7.5,7.5,7,5.3,6.4,4.1,3.8,8.8,7.4,28.1,30.2,6.6,13.8
cuckoo,30,MALE,울산,1인가구,46,8.7,7.4,8.7,7.4,5.8,7.2,3,5.1,0.1,7.4,26,27.4,6.1,12.8
cuckoo,30,MALE,인천,1인가구,176,8,7.2,8,7.5,6.1,6,3.5,5.7,5.2,7.5,25.8,27.1,5.8,12.8
cuckoo,30,MALE,인천,,1715,8.2,7.3,8.2,7.6,5.6,6.1,2.7,5.4,5.1,7.5,25.1,24.3,6.4,11.7
cuckoo,30,MALE,인천,키즈맘_중학생,16,8,7.1,8,7.5,5.2,6.4,,4.6,5.9,8.1,27.5,28.2,6.7,13.2
cuckoo,30,MALE,인천,키즈맘_미취학,189,8,7.2,8,7.7,6.5,6.1,3.7,4.8,5,7.4,26.6,26.6,6,12.8
cuckoo,30,MALE,인천,중년_자녀동거,238,8.6,7.3,8.6,7.6,5.1,6.2,2.9,4.3,4.8,7.7,25.9,27.1,5.8,12.8
cuckoo,30,MALE,인천,키즈맘_초등생,62,8.3,7.1,8.3,7.4,5.5,6.5,3.9,4.5,5.5,7.6,24.9,26.7,5.3,12.5
cuckoo,30,MALE,인천,2인가구,52,9.4,7.3,9.4,7.7,6.2,7.3,4.4,5.1,5.9,8,27.6,28.4,6.2,13.2
cuckoo,30,MALE,전남,,566,8,7.2,8,7.2,6.1,6.4,4.8,5.6,5.9,7.8,27.3,26.5,6.8,12.5
cuckoo,30,MALE,전남,키즈맘_초등생,18,10,7.2,10,7.6,6.5,8.2,8,5,7.9,,24.6,27.8,4.6,13.5
cuckoo,30,MALE,전남,키즈맘_중학생,7,8.5,7.5,8.5,8.1,2.8,3.2,,2.9,,,22.3,23,5.1,10.2
cuckoo,30,MALE,전남,1인가구,55,7.2,7.2,7.2,7.5,5.7,5.4,4,5.3,5.2,7.3,26.5,27.4,6.1,12.9
cuckoo,30,MALE,전남,중년_자녀동거,100,7.9,7.4,7.9,7.9,4.9,6.4,3.5,4.2,3.3,7.3,26.9,28.5,6,13.3
cuckoo,30,MALE,전남,키즈맘_미취학,53,7.4,7.4,7.4,7.2,5.8,6.4,1.6,4.1,6.1,7.3,27.6,28.8,6.1,13.5
cuckoo,30,MALE,전남,2인가구,22,6.9,7.5,6.9,7.8,5.8,6.4,5.3,4.9,3.9,,27.7,27.5,6.6,13.1
cuckoo,30,MALE,전북,키즈맘_초등생,31,6.9,7.4,6.9,6.9,5.1,4.3,0,4,0.2,,28.5,28.9,6.9,13.7
cuckoo,30,MALE,전북,,701,8.9,7.1,8.9,7.4,5.9,6.4,1.2,5.5,5.1,7.8,26.6,25.6,6.8,12.5
cuckoo,30,MALE,전북,1인가구,78,8.5,7.2,8.5,7.1,6,6.4,4.1,5.7,4.5,8,26.6,28,6.2,13.2
cuckoo,30,MALE,전북,2인가구,13,6.7,6.8,6.7,7,7.3,,8,4,8.4,7.7,23.6,22.8,5.3,11.8
cuckoo,30,MALE,전북,중년_자녀동거,89,7.6,7.2,7.6,7.4,4.8,3.2,5.1,5.1,9.2,,26.5,26.9,6.2,12.8
cuckoo,30,MALE,전북,키즈맘_미취학,75,7.5,7.4,7.5,7.8,5.7,6.6,1.4,4.8,7,7.4,28.9,29.3,6.8,13.7
cuckoo,30,MALE,전북,키즈맘_중학생,12,10,7.1,10,7.1,4.5,5.4,0,3.7,8.7,,27.7,29.3,6,13.6
cuckoo,30,MALE,제주,2인가구,4,9.3,6.8,9.3,8.2,6.7,6.4,,7.6,8.8,,31.5,31.9,7.9,15.3
cuckoo,30,MALE,제주,키즈맘_중학생,1,,,,7.9,3,,,0.3,,,14.4,28,0.7,10.9
cuckoo,30,MALE,제주,키즈맘_초등생,14,6.7,7.3,6.7,6.8,3.9,6.4,4.3,3.7,9.8,,30.9,32.2,7.3,14.1
cuckoo,30,MALE,제주,1인가구,28,8.6,7.2,8.6,7.9,3.8,8.1,0,3.9,7.9,7.4,25,26.5,5.7,12.5
cuckoo,30,MALE,제주,키즈맘_미취학,24,10,7.5,10,7.5,5.1,7.9,4.1,4.9,1.1,,25.7,27.6,5.4,13
cuckoo,30,MALE,제주,,250,5,7.4,5,7.5,4.4,6.4,4.1,5,8.3,7.8,25.2,23.9,6.6,11.6
cuckoo,30,MALE,제주,중년_자녀동거,40,9.6,7.5,9.6,7.4,5.4,1,0,4.5,7.8,7.2,26.1,26.1,6.1,12.5
cuckoo,30,MALE,충남,2인가구,30,7,7.5,7,6.8,6.5,0,4.2,3.8,5.7,7.7,26.6,25.7,5.7,12.9
cuckoo,30,MALE,충남,,1043,8,7.1,8,7.3,5.3,7.1,1.6,4.8,4.6,7.5,24.8,23.9,6.1,11.5
cuckoo,30,MALE,충남,키즈맘_미취학,97,7.6,7.3,7.6,7,6.6,7.1,4.1,5.8,4.9,7.5,28.2,28.6,6.5,13.4
cuckoo,30,MALE,충남,중년_자녀동거,110,7.4,7.3,7.4,7.7,5.5,5.6,4.7,4.9,6,7.9,23.5,24.6,5.2,12
cuckoo,30,MALE,충남,1인가구,138,8.7,7.3,8.7,7.5,5.6,5.6,2.6,5.2,5.4,7.3,25.1,26.6,5.5,12.8
cuckoo,30,MALE,충남,키즈맘_중학생,18,8.5,7.7,8.5,8.5,6.1,6.4,4.2,5.2,0.2,,28.5,30.4,6.8,13.4
cuckoo,30,MALE,충남,키즈맘_초등생,41,9.7,7.3,9.7,7.4,5.3,6.4,0.3,4.5,5.2,7.5,25.2,27,5.7,12.6
cuckoo,30,MALE,충북,1인가구,102,8,7.2,8,7.7,6,6.9,3.5,5.7,4.5,7.2,25.2,26.5,5.8,12.7
cuckoo,30,MALE,충북,키즈맘_초등생,45,7.2,7.2,7.2,7.9,6.6,6.4,3.5,5.8,7.3,,24,25,5.3,11.4
cuckoo,30,MALE,충북,2인가구,15,7.8,6.7,7.8,8.4,7.4,6.4,0.4,5.5,3.9,,22.8,23.4,5.2,11.4
cuckoo,30,MALE,충북,키즈맘_중학생,9,5,7.1,5,7.8,5.5,0.8,,6.2,9.1,,21.5,22.1,4.7,11.1
cuckoo,30,MALE,충북,,778,8.5,7.1,8.5,7.3,5.7,6,4.3,4.8,5.5,7.6,24.2,23.4,6,11.4
cuckoo,30,MALE,충북,키즈맘_미취학,66,7.7,7.2,7.7,7.8,6.7,5.3,1.5,5.1,5.9,,27.9,28.2,6.5,13.4
cuckoo,30,MALE,충북,중년_자녀동거,98,8.1,7.4,8.1,7.3,5.4,6.9,2.3,4.1,6.2,7.4,26.1,27.1,6,13
cuckoo,40,FEMALE,,1인가구,457,8,7.3,8,7.6,5.5,8,4.4,5.1,5.6,7.6,26.4,26,6.6,13.6
cuckoo,40,FEMALE,,키즈맘_중학생,618,8.1,7.2,8.1,7.4,5,8.2,4,4.8,5,7.7,25.4,25.9,6.2,13.3
cuckoo,40,FEMALE,,,7403,8.3,7.3,8.3,7.4,5.1,7.1,3.7,4.9,4.9,7.9,25.1,23.6,6.8,12
cuckoo,40,FEMALE,,키즈맘_초등생,569,7.6,7.3,7.6,7.4,4.6,7.2,4,4.7,5,7.8,26.3,25.9,6.5,13.3
cuckoo,40,FEMALE,,시니어,1,10,,10,9.5,2.7,,,2.6,,,0,0,0,0
cuckoo,40,FEMALE,,2인가구,263,7.9,7.2,7.9,7.6,5.3,8,3.6,5.1,3.3,7.7,25.2,24.4,6.5,12.6
cuckoo,40,FEMALE,,중년_자녀동거,972,8,7.3,8,7.6,5.1,7.6,4.4,5,5.3,7.9,25.7,25.7,6.5,13.2
cuckoo,40,FEMALE,,키즈맘_미취학,285,7.8,7.2,7.8,7.4,5.7,6.6,4.6,5.3,5.2,7.8,25.8,24.8,6.6,12.9
cuckoo,40,FEMALE,강원,중년_자녀동거,128,8.5,7.2,8.5,7.7,4.5,7.5,3.9,4.7,5,7.5,25,25.6,6.3,13.1
cuckoo,40,FEMALE,강원,키즈맘_미취학,18,7.6,7.4,7.6,7.6,5.5,8,9.4,6.1,4,8.1,26.6,26.8,6.3,14.3
cuckoo,40,FEMALE,강원,,676,8.3,7.4,8.3,7.1,5.3,7.9,4.7,5.3,6.3,7.5,27.2,23.9,7.9,12.2
cuckoo,40,FEMALE,강원,1인가구,41,7.1,7.2,7.1,7.4,5.3,6,4.8,5.1,4.8,7.7,23.4,22.2,6.2,11.8
cuckoo,40,FEMALE,강원,2인가구,18,6,7.4,6,6.9,5.5,,3.2,5.3,3.6,8.1,25,25.3,6.3,13.3
cuckoo,40,FEMALE,강원,키즈맘_초등생,64,8.2,7.4,8.2,7.6,5.1,7.4,2.5,4.4,4.4,7.6,25.8,26.2,6.6,13.1
cuckoo,40,FEMALE,강원,키즈맘_중학생,95,8.3,7.2,8.3,7.6,5.5,7.4,0.7,5.2,4.8,7.6,26.7,27.6,6.5,13.5
cuckoo,40,FEMALE,경기,중년_자녀동거,1266,8,7.3,8,7.4,5.1,7.7,3.3,4.5,5.1,7.8,25.9,25.6,6.4,13.3
cuckoo,40,FEMALE,경기,1인가구,482,7.6,7.3,7.6,7.3,5,7.3,3.5,4.6,4.7,7.7,25.9,25.2,6.6,13.1
cuckoo,40,FEMALE,경기,키즈맘_초등생,876,8.1,7.2,8.1,7.6,5,7.5,3.7,4.5,4.8,7.8,25.1,24.8,6.2,12.8
cuckoo,40,FEMALE,경기,키즈맘_미취학,248,8.8,7.3,8.8,7.9,5.7,7.9,2.2,4.6,5.5,7.8,26.5,25.7,6.9,13.2
cuckoo,40,FEMALE,경기,2인가구,193,7.8,7.4,7.8,7.1,4.7,8,4.8,4.4,3.9,7.8,25.8,25,6.7,12.9
cuckoo,40,FEMALE,경기,키즈맘_중학생,1110,8.3,7.2,8.3,7.6,4.9,7.6,3.4,4.5,5.2,7.8,25.5,25.7,6.2,13.3
cuckoo,40,FEMALE,경기,,8608,8,7.2,8,7.3,5.1,7.5,4,4.5,4.7,7.8,22.9,20.9,6.4,10.6
cuckoo,40,FEMALE,경남,중년_자녀동거,268,7.9,7.3,7.9,7.3,4.6,7,5.1,4.6,6.2,7.8,25.3,25.1,6.2,12.9
cuckoo,40,FEMALE,경남,키즈맘_미취학,40,7.7,7.4,7.7,5.8,4.8,8.5,,4.7,1.4,8.2,26.5,26.1,6.9,13.4
cuckoo,40,FEMALE,경남,2인가구,41,8.1,7.3,8.1,7.8,5.1,8,4.3,5.3,5,,23.8,23.3,6,12.3
cuckoo,40,FEMALE,경남,키즈맘_초등생,238,7.7,7.2,7.7,7.3,4.4,8.3,5.1,4.6,5.6,7.7,24.6,24.2,6.3,12.7
cuckoo,40,FEMALE,경남,1인가구,110,7.7,7.5,7.7,7.4,4.5,8.3,5.9,4.3,5,8.2,25.9,25.5,6.5,13.3
cuckoo,40,FEMALE,경남,,1718,7.5,7.2,7.5,7.3,4.8,7.8,4.5,4.9,5.4,7.9,26.2,23.5,7.2,12.3
cuckoo,40,FEMALE,경남,키즈맘_중학생,258,8.1,7.2,8.1,7.5,4.9,7.3,4.6,4.8,5.6,8.1,24.6,24.7,6,13
cuckoo,40,FEMALE,경북,1인가구,99,7.9,7.5,7.9,7.7,5.6,6,7.7,4.9,3.8,8.1,28,27.6,7.3,14
cuckoo,40,FEMALE,경북,,1283,7.6,7.4,7.6,6.9,4.5,7.9,4.7,4.7,6.1,7.7,25.1,22.9,7,11.6
cuckoo,40,FEMALE,경북,중년_자녀동거,182,8,7.3,8,7.2,4.5,8.1,3.1,4.6,5.9,8.2,24.8,24.7,6.1,12.7
cuckoo,40,FEMALE,경북,키즈맘_중학생,175,8.6,7.3,8.6,7.3,4.5,7.1,4.6,4.7,5.1,7.8,25.3,25.1,6.1,13.1
cuckoo,40,FEMALE,경북,키즈맘_초등생,124,9.3,7.3,9.3,7.5,4.6,8.5,3.9,4.7,5.1,7.8,27.3,26.8,6.9,13.6
cuckoo,40,FEMALE,경북,키즈맘_미취학,34,6.8,7.4,6.8,7,4.7,8,5.9,4.6,5,,27.4,26.5,6.8,13.6
cuckoo,40,FEMALE,경북,2인가구,19,8.7,7.4,8.7,7.8,4.5,8,6.6,5.4,3.3,,25.1,24.4,6.4,12.5
cuckoo,40,FEMALE,광주,키즈맘_초등생,92,8.2,7.3,8.2,7.6,4.8,7.7,4.5,4.4,5.4,7.7,25,25.2,6.2,12.8
cuckoo,40,FEMALE,광주,키즈맘_중학생,133,7.8,7.2,7.8,7.8,4.7,8.3,5.6,4.1,5,8.1,24.7,24.7,6.1,12.9
cuckoo,40,FEMALE,광주,1인가구,27,0,7.4,0,7.5,5.9,5.3,5.6,5,1.9,,22.5,22,5.9,11.8
cuckoo,40,FEMALE,광주,키즈맘_미취학,18,5.7,7,5.7,6.4,6.9,9,4,6.2,3.9,,20.6,19.7,5.5,9.8
cuckoo,40,FEMALE,광주,,759,7.1,7.1,7.1,7.5,4.8,9,5.3,5.2,5.6,8.5,25.7,23.1,7.2,11.5
cuckoo,40,FEMALE,광주,2인가구,18,6,6.8,6,6.7,7.1,9,4.3,5.7,2,,24.9,23.9,6.6,12.7
cuckoo,40,FEMALE,광주,중년_자녀동거,137,8.3,7.3,8.3,7,4.4,8.1,3.4,4.4,6.4,7.8,25.7,25.5,6.3,13.5
cuckoo,40,FEMALE,대구,키즈맘_중학생,139,7.9,7.1,7.9,7.4,4.5,7.4,1.7,4.3,5.2,7.7,23,23.4,5.5,12.3
cuckoo,40,FEMALE,대구,1인가구,44,6.9,7.3,6.9,7.6,6,8.2,5.3,5.3,5.7,7.8,25.4,24.6,6.7,12.9
cuckoo,40,FEMALE,대구,2인가구,21,6.5,6.9,6.5,7.7,5,8,8,5.7,,,26.6,25.7,6.5,13.5
cuckoo,40,FEMALE,대구,키즈맘_초등생,112,8.2,7.1,8.2,7.8,4.9,8,3.4,4.5,4.3,8,25.4,24.8,6,13.4
cuckoo,40,FEMALE,대구,,951,8.4,7.3,8.4,7.6,5.2,8.3,3.8,5,5.2,7.8,25.9,23.6,7.1,12
cuckoo,40,FEMALE,대구,키즈맘_미취학,25,7.3,7.5,7.3,7.3,5.7,9,5.9,4.6,1,7.9,26.9,25.5,7,13
cuckoo,40,FEMALE,대구,중년_자녀동거,135,7.1,7,7.1,7.1,4.3,8,4.3,4.4,5,7.7,24.2,24.2,5.7,12.8
cuckoo,40,FEMALE,대전,키즈맘_중학생,174,9.1,7.2,9.1,7.9,5.3,8.2,4.3,4.8,5.7,7.7,23.1,23.9,5.2,12.9
cuckoo,40,FEMALE,대전,키즈맘_미취학,31,8.6,7.4,8.6,7.2,5.1,8,9.4,4.6,4,7.8,25.2,24.3,7,12.5
cuckoo,40,FEMALE,대전,중년_자녀동거,165,8.6,7.3,8.6,7.2,4.7,7.8,4.5,4.4,5.6,7.5,25.8,25.6,6.3,13.3
cuckoo,40,FEMALE,대전,키즈맘_초등생,116,7.7,7.2,7.7,7.2,4.8,6.6,4.9,4.3,5.1,7.7,24.9,24.1,6.2,12.4
cuckoo,40,FEMALE,대전,1인가구,48,7.7,7.3,7.7,7.4,5.3,8.1,6.6,5.1,4.7,8,27.3,26.8,6.9,13.9
cuckoo,40,FEMALE,대전,,1069,9.3,7.3,9.3,7.5,5.3,7.8,2.1,4.8,4.8,7.7,28.2,26,7.7,13.3
cuckoo,40,FEMALE,대전,2인가구,22,10,7.3,10,7.3,5.3,,8.3,5.2,3.9,,23,23.2,6,11.3
cuckoo,40,FEMALE,부산,키즈맘_중학생,287,8.2,7.3,8.2,7.4,4.9,7.6,4.1,4.3,4.9,7.9,26,26.1,6.5,13.3
cuckoo,40,FEMALE,부산,키즈맘_미취학,66,7.8,7.2,7.8,7.3,6,8.2,3.9,5,3.7,7.9,25.1,23.8,6.5,12.7
cuckoo,40,FEMALE,부산,,2035,6.9,7.2,6.9,7.6,5.2,8,3.7,4.5,5.4,7.7,27.3,24.7,7.6,12.7
cuckoo,40,FEMALE,부산,중년_자녀동거,301,8.1,7.3,8.1,7.5,5,7.3,3.4,4.6,4.4,7.9,25.5,25.1,6.6,12.9
cuckoo,40,FEMALE,부산,키즈맘_초등생,241,7.4,7.2,7.4,7.5,4.5,7.5,3.4,4.6,5.8,7.7,25.1,24.9,6.1,13
cuckoo,40,FEMALE,부산,2인가구,52,7.5,7.2,7.5,7.6,5.2,8,3.4,4.4,4.7,7.7,26.2,25.5,6.9,12.9
cuckoo,40,FEMALE,부산,1인가구,93,7.9,7.6,7.9,7.3,5.7,7.4,4,4.8,6.5,8.1,23.4,22.5,6.2,12
cuckoo,40,FEMALE,서울,2인가구,148,7.3,7.3,7.3,7.3,5.4,6.8,4.6,5.1,4.9,7.9,23.7,22.8,5.9,12
cuckoo,40,FEMALE,서울,키즈맘_초등생,390,7.8,7.2,7.8,7.8,5.7,7.6,3.3,4.9,4.6,7.8,25.7,25.2,6.4,13
cuckoo,40,FEMALE,서울,키즈맘_미취학,186,8.1,7.2,8.1,7.5,6.2,6.5,3.2,5.1,4.5,7.7,25.8,24.9,6.7,12.9
cuckoo,40,FEMALE,서울,1인가구,281,7.8,7.5,7.8,7.6,5.9,7.2,3.5,5.2,4.8,7.8,24.4,24.1,6.1,12.6
cuckoo,40,FEMALE,서울,,4685,8,7.2,8,7.6,5.7,7.7,3.9,4.9,4.9,7.7,24.1,22,6.7,11.2
cuckoo,40,FEMALE,서울,키즈맘_중학생,434,7.6,7.3,7.6,7.8,5.5,7.4,3.9,4.7,5.3,7.9,24.8,25.3,6,13.2
cuckoo,40,FEMALE,서울,중년_자녀동거,688,8,7.3,8,7.4,5.5,7.6,4.1,4.4,5.3,7.9,25.8,25.6,6.5,13.3
cuckoo,40,FEMALE,세종,키즈맘_미취학,7,10,7.7,10,8.1,6.3,,5.6,3.4,7.6,,24.3,23.1,6.1,13.3
cuckoo,40,FEMALE,세종,1인가구,16,10,7.3,10,6.9,4.6,,0.1,4.4,7.6,,28.9,27.9,7.1,14.5
cuckoo,40,FEMALE,세종,,239,9.1,7.4,9.1,7,5,8,4.7,4.5,4.5,,27.7,27.7,7.1,13.9
cuckoo,40,FEMALE,세종,키즈맘_초등생,31,10,7.1,10,7.9,6.1,8,2,5.8,5.1,,25.3,25.1,6.1,13
cuckoo,40,FEMALE,세종,키즈맘_중학생,29,8.2,7.4,8.2,6.4,5.7,5.5,8.4,4.7,8.4,7.5,24.8,24.6,6,12.4
cuckoo,40,FEMALE,세종,2인가구,6,,8.4,,8.3,5,,8.9,6.7,,,19.5,19.3,4.4,9.1
cuckoo,40,FEMALE,세종,중년_자녀동거,28,8.6,7.2,8.6,7.5,5.5,8,3.6,3.4,2,8.1,25.3,25.5,5.9,13.7
cuckoo,40,FEMALE,울산,키즈맘_초등생,81,8.6,7.2,8.6,7.2,4.2,8,3.8,5.2,5.6,7.8,26.2,25.6,6.4,13.4
cuckoo,40,FEMALE,울산,키즈맘_미취학,12,10,7.3,10,8.3,7.5,,,5.5,5.2,,25,25.1,6.2,13.4
cuckoo,40,FEMALE,울산,2인가구,17,6.7,7.3,6.7,7.3,5.5,,0,6.7,0.1,7.7,28.6,27.4,7.7,13.4
cuckoo,40,FEMALE,울산,중년_자녀동거,109,8.2,7.3,8.2,7.1,5.2,6.5,2.1,4.7,5.7,7.8,25,25.1,6.3,13
cuckoo,40,FEMALE,울산,,680,8.8,7.2,8.8,7.4,5.4,8.3,2.5,4.8,5.4,8,26.6,24.5,7.6,12.1
cuckoo,40,FEMALE,울산,1인가구,24,8.3,7.1,8.3,7.7,5.6,10,8.3,6.1,5.2,7.5,26.1,25.1,6.8,13.2
cuckoo,40,FEMALE,울산,키즈맘_중학생,114,8.8,7.2,8.8,7.3,4.3,7.8,3.2,4.6,5.5,7.8,25.4,25.7,6.2,13.1
cuckoo,40,FEMALE,인천,1인가구,116,8.8,7.4,8.8,6.6,5.3,7.5,3.4,4.8,4.8,8.2,23.8,23.5,6,12.2
cuckoo,40,FEMALE,인천,키즈맘_미취학,74,6.3,7.1,6.3,7.2,5,7.3,3.2,4.7,3.9,,25.7,24.4,6.9,12.6
cuckoo,40,FEMALE,인천,키즈맘_중학생,313,8.7,7.3,8.7,7.4,5.2,7.3,3.5,4.8,4.5,7.9,24.9,25,6.1,13
cuckoo,40,FEMALE,인천,키즈맘_초등생,278,8.4,7.2,8.4,7.7,5.1,7.7,3.1,4.4,5.3,7.7,25.6,25.4,6.4,13.2
cuckoo,40,FEMALE,인천,중년_자녀동거,382,8.2,7.3,8.2,7.5,5.2,7.9,4.3,4.1,5.1,7.8,25.4,25,6.3,13.2
cuckoo,40,FEMALE,인천,2인가구,47,6.8,7.1,6.8,6.9,5.9,8,0,4.9,4,7.5,26.2,25.2,6.7,13
cuckoo,40,FEMALE,인천,,2374,7.5,7.2,7.5,7.1,5.3,7.2,4.6,4.9,5.5,8,23.6,21.6,6.6,10.9
cuckoo,40,FEMALE,전남,키즈맘_중학생,116,8.7,7.2,8.7,7.4,4.3,6.7,4,4.7,5.2,,26.2,26.3,6.5,13.3
cuckoo,40,FEMALE,전남,중년_자녀동거,117,9.3,7.2,9.3,7.9,4,7.7,5.8,4.3,4.9,7.8,25.5,26,6.2,13.4
cuckoo,40,FEMALE,전남,1인가구,31,5.8,7.3,5.8,7,5.6,8,0.2,5,6.9,,26.1,26.7,6.2,14
cuckoo,40,FEMALE,전남,키즈맘_미취학,11,6.7,8.1,6.7,7.6,3.9,8,0,2.9,0.2,7.5,26.5,25,7.2,12.7
cuckoo,40,FEMALE,전남,키즈맘_초등생,96,7.4,7.2,7.4,7.2,4.5,7,3,5,6.3,,24.4,24,6.1,12.9
cuckoo,40,FEMALE,전남,2인가구,13,10,7.5,10,6.7,3.5,,,3.5,4.9,,25,24.3,6.1,13.4
cuckoo,40,FEMALE,전남,,696,9,7.1,9,7.8,3.8,7.8,3.3,3.7,6.7,7.6,26,22.6,7.7,11.3
cuckoo,40,FEMALE,전북,중년_자녀동거,192,8.3,7.2,8.3,7.5,5.4,7.5,3.9,5,5.1,7.7,25.1,24.7,6.5,12.9
cuckoo,40,FEMALE,전북,키즈맘_중학생,183,8.2,7.2,8.2,7.7,5.3,7,5.7,5.6,6.3,7.7,25,25.5,6.1,13.2
cuckoo,40,FEMALE,전북,1인가구,47,6.9,7.1,6.9,7.1,3.9,8,,4.6,5.6,,25.9,24.2,6.5,12.9
cuckoo,40,FEMALE,전북,키즈맘_초등생,93,7.2,7.1,7.2,7.5,4.6,8,2.4,4.2,6.7,7.9,25.3,24.5,6.4,12.5
cuckoo,40,FEMALE,전북,키즈맘_미취학,25,8,7.1,8,7.1,4.9,,0,4.9,4.9,,24.8,23.4,6.1,12.5
cuckoo,40,FEMALE,전북,2인가구,24,6.7,7.6,6.7,8.6,4.3,8,0.1,3.5,2,,26,25.3,6.6,12.8
cuckoo,40,FEMALE,전북,,1030,7.7,7.1,7.7,7.3,4.9,6.8,5.5,5.4,6.7,,26.6,23.8,7.5,12.3
cuckoo,40,FEMALE,제주,2인가구,9,6.7,7.6,6.7,8.3,3.4,,0.1,3.7,8.7,,24.1,24.6,6.3,12.5
cuckoo,40,FEMALE,제주,키즈맘_중학생,55,9,7.3,9,7.4,4.3,6.4,2.8,4.1,5.8,7.9,26,26.6,6.3,13.4
cuckoo,40,FEMALE,제주,키즈맘_미취학,13,10,6.9,10,7.1,1.7,0.2,,3.7,7.8,,30.5,29.4,7.4,15.3
cuckoo,40,FEMALE,제주,1인가구,20,10,7.3,10,6.9,2.8,6.7,,4.1,4.9,8.1,24.1,23.7,6.1,11.8
cuckoo,40,FEMALE,제주,,377,9.1,7.1,9.1,6.9,3.3,8.8,4.5,4.6,4.9,,23.8,20.7,6.9,10.5
cuckoo,40,FEMALE,제주,중년_자녀동거,58,8.1,7.3,8.1,7.2,2.9,6.4,4.4,3.5,7.1,,26.7,26.7,6.7,13.4
cuckoo,40,FEMALE,제주,키즈맘_초등생,46,8.7,7.4,8.7,7.2,4.5,8,4,4.2,3.7,,28.4,27.7,7,14.3
cuckoo,40,FEMALE,충남,중년_자녀동거,202,8.2,7.3,8.2,7.6,4.6,7.8,4.9,5,6.2,7.8,25.6,25.4,6.3,13.5
cuckoo,40,FEMALE,충남,키즈맘_미취학,34,9.8,7.6,9.8,7.6,4.9,8,4,3.9,4.6,7.7,27.5,26.3,7,13.3
cuckoo,40,FEMALE,충남,2인가구,23,7.2,7.1,7.2,6.8,3.9,8,0,4.5,7.6,7.5,23.1,22,6.3,11.5
cuckoo,40,FEMALE,충남,,1255,8,7.2,8,7.5,5.4,7.4,2.4,4.9,6.3,7.8,22.3,20.4,6.1,10.6
cuckoo,40,FEMALE,충남,1인가구,93,8.2,7.3,8.2,7.5,4.8,7.3,4.1,4.3,4.9,8.1,27,26.9,6.9,13.7
cuckoo,40,FEMALE,충남,키즈맘_중학생,161,9,7.2,9,7.1,4.5,8.2,2.7,4,5.4,8,24.8,24.8,6.1,13
cuckoo,40,FEMALE,충남,키즈맘_초등생,112,8.2,7.2,8.2,7.4,4.6,8,5.4,4.8,5.7,8.1,24.6,24.1,6.2,12.7
cuckoo,40,FEMALE,충북,,915,8,7.1,8,7.3,5.3,8.2,6,5.2,5,7.6,22.7,20.3,6.4,10.7
cuckoo,40,FEMALE,충북,중년_자녀동거,132,7,7.2,7,7.5,4.5,7.5,4.1,4.8,6.5,7.8,24.5,24.3,6.1,12.9
cuckoo,40,FEMALE,충북,키즈맘_중학생,126,7.9,7.3,7.9,7.9,4.7,8.2,5.2,4.7,5.4,7.7,24.5,25.2,6,13
cuckoo,40,FEMALE,충북,1인가구,70,8.8,7.4,8.8,6.8,4.6,8,5.7,3.9,4.9,7.7,26.3,26,6.5,13.3
cuckoo,40,FEMALE,충북,2인가구,14,10,7.4,10,7.9,3.3,8,8,2.8,,,23.6,23.9,5.2,12.6
cuckoo,40,FEMALE,충북,키즈맘_미취학,21,7.3,7.4,7.3,7.8,4.6,8,8.3,5.6,7.8,,18.7,18.3,5.2,9.2
cuckoo,40,FEMALE,충북,키즈맘_초등생,101,8.1,7.2,8.1,7.2,5.8,8,4.6,5.2,5.1,7.7,24.6,24.4,6.2,12.9
cuckoo,40,MALE,,2인가구,238,7.8,7.1,7.8,7.7,5.1,6,4.8,3.4,4.3,7.9,27.1,29.3,6.3,13.6
cuckoo,40,MALE,,중년_자녀동거,755,8.2,7.1,8.2,7.5,4.9,6.1,2.4,3.7,5.4,7.8,26.1,28.5,6,13.3
cuckoo,40,MALE,,키즈맘_중학생,460,7.6,7.1,7.6,7.8,4.8,6.8,3,3.4,5.5,7.8,25.5,28.6,5.6,13.4
cuckoo,40,MALE,,1인가구,643,8.4,7.2,8.4,7.9,5,6.1,2.9,3.9,5,7.9,25.9,28.5,5.8,13.5
cuckoo,40,MALE,,키즈맘_초등생,493,8,7.2,8,7.6,5.1,6.2,2.3,3.3,4.6,7.7,26.4,28.7,5.9,13.4
cuckoo,40,MALE,,,7740,8,7.2,8,7.7,5,6,3.4,3.6,4.6,7.9,25.7,26.4,6.4,12.4
cuckoo,40,MALE,,키즈맘_미취학,314,8.4,7.1,8.4,7.9,6,7.1,3.5,3.8,4.5,7.8,27.4,29.3,6.2,13.8
cuckoo,40,MALE,강원,1인가구,59,6.2,7.4,6.2,7.6,5.8,4.3,1.1,4.1,7.1,7.8,25.7,27.7,5.8,13.2
cuckoo,40,MALE,강원,,664,8.7,7.1,8.7,6.9,4.9,7.1,4,3.8,5,8.2,28.2,28.5,7.1,13.2
cuckoo,40,MALE,강원,키즈맘_중학생,70,6.9,7.3,6.9,7.7,4.4,7.3,3.4,3.7,5.1,8.8,25,28.4,5.4,13.6
cuckoo,40,MALE,강원,중년_자녀동거,78,7.9,7.4,7.9,8,4.5,6.4,4,3.8,6.6,7.6,26.7,29,6.2,13.5
cuckoo,40,MALE,강원,키즈맘_초등생,62,7.3,7.2,7.3,8.2,4.9,6.8,3.7,3.3,6.6,,27.6,29.5,6.2,13.8
cuckoo,40,MALE,강원,2인가구,20,10,7.1,10,7,5,6.4,2.7,2.8,4.5,7.6,27.2,28.7,5.9,13.4
cuckoo,40,MALE,강원,키즈맘_미취학,20,10,7.2,10,8.1,5.9,6.4,2.7,4.1,4.5,,25.2,26.9,5.5,12.5
cuckoo,40,MALE,경기,2인가구,285,8,7.3,8,7.4,6.3,6.3,3.5,3.6,4.1,7.7,26.6,28.3,6.1,13.3
cuckoo,40,MALE,경기,키즈맘_초등생,954,8.2,7.3,8.2,7.9,5.8,6.6,3.8,3.6,5.1,7.9,26.4,28.9,5.9,13.6
cuckoo,40,MALE,경기,중년_자녀동거,992,8,7.3,8,7.5,5,6.5,2.4,3.3,4.3,7.7,27.2,29.7,6.2,13.8
cuckoo,40,MALE,경기,키즈맘_미취학,392,8.3,7.1,8.3,7.8,6.4,6.4,2.9,3.4,5.6,7.6,26.9,28.8,5.9,13.5
cuckoo,40,MALE,경기,키즈맘_중학생,855,8,7.3,8,7.5,5.6,6.1,3,3.5,4.7,7.8,26.3,29.2,5.9,13.9
cuckoo,40,MALE,경기,,9234,7.5,7.2,7.5,7.5,5.4,6.4,3.5,3.5,5,7.9,25.5,25.7,6.4,12.1
cuckoo,40,MALE,경기,1인가구,689,8.2,7.2,8.2,7.8,5.6,6.3,3,3.6,5,7.8,26,28.5,5.9,13.5
cuckoo,40,MALE,경남,키즈맘_중학생,189,8.3,7.3,8.3,7.7,4.3,6.5,2.2,3.4,5.4,7.7,25.5,28.9,5.6,13.7
cuckoo,40,MALE,경남,중년_자녀동거,231,5.9,7.3,5.9,7.9,4.8,7.1,3.6,3.5,5.4,7.6,26.6,29.2,6,13.7
cuckoo,40,MALE,경남,2인가구,50,8.2,7.1,8.2,7.8,5.7,5.6,0.1,3.5,4.2,,27.1,28,6.4,13.2
cuckoo,40,MALE,경남,1인가구,168,6.8,7.4,6.8,7.6,4.7,5.8,3.8,3.6,4.8,8.2,27.8,30.5,6.2,14.4
cuckoo,40,MALE,경남,,1938,8,7.2,8,7.6,4.6,6.4,3.4,3.3,4.8,7.9,27.2,27.8,6.8,13
cuckoo,40,MALE,경남,키즈맘_초등생,203,8,7.2,8,7.5,4.9,6.2,2.8,3.4,4.6,8.3,26.7,29,5.9,13.9
cuckoo,40,MALE,경남,키즈맘_미취학,67,8.8,7.3,8.8,7.5,4.9,7,5.1,3.2,5.4,,26.2,27.9,6,13.2
cuckoo,40,MALE,경북,중년_자녀동거,145,8.1,7.1,8.1,7.7,4.5,6.2,2,3.4,4.4,7.9,26.4,28.2,6.2,13.4
cuckoo,40,MALE,경북,1인가구,133,8.5,7.3,8.5,7.3,4.8,6.4,3.8,3.8,5.6,,25.7,27.4,6,13.1
cuckoo,40,MALE,경북,2인가구,19,8.2,7.5,8.2,7.9,5.4,8.2,4.1,2.7,,,31.4,32.1,8.1,14.8
cuckoo,40,MALE,경북,키즈맘_중학생,137,6.5,7.3,6.5,7.6,4,5.9,1.8,3.6,5,7.8,25.6,28.6,6,13.5
cuckoo,40,MALE,경북,,1416,8.7,7.3,8.7,7.5,4.3,6.4,2.4,3.6,4.6,8,27.5,27.9,7,13
cuckoo,40,MALE,경북,키즈맘_미취학,54,10,7.2,10,8.3,5.1,7.6,4.2,3.3,2.5,,27.3,28.7,6.4,13.5
cuckoo,40,MALE,경북,키즈맘_초등생,178,8.9,7.2,8.9,7.2,4.2,6.6,2.5,3.5,4.6,8,27.1,29.6,6.3,13.8
cuckoo,40,MALE,광주,키즈맘_미취학,34,7.4,7,7.4,8.1,5.2,6.4,3.2,2.1,4.6,,27.9,30.1,6.6,13.9
cuckoo,40,MALE,광주,키즈맘_중학생,81,7.9,7.2,7.9,7.7,4.4,6.3,4,2.1,5.1,7.8,24.1,28,5,13.3
cuckoo,40,MALE,광주,1인가구,62,8.5,7.3,8.5,8.1,4.3,6.8,2.5,3.8,5.7,7.8,26.3,28.5,5.9,13.8
cuckoo,40,MALE,광주,키즈맘_초등생,76,8.1,7.3,8.1,7.8,4.2,6.5,3.2,3.7,4.7,7.7,25.1,27.4,5.7,12.8
cuckoo,40,MALE,광주,,799,8.3,7.3,8.3,7.4,4.7,5.9,1.8,3.3,3.7,8,28.8,29,7.2,13.7
cuckoo,40,MALE,광주,중년_자녀동거,97,7.9,7.3,7.9,8,4.8,5.6,1.4,3.3,4.7,,26.2,28.4,5.9,13.6
cuckoo,40,MALE,광주,2인가구,20,10,7.3,10,7.4,3.7,8.2,0,5.2,2.9,,27.5,29.7,6.2,13.9
cuckoo,40,MALE,대구,키즈맘_중학생,91,7.7,7.2,7.7,8.2,4.5,6.8,2,3.1,6.2,,24.7,28,5.3,13.3
cuckoo,40,MALE,대구,키즈맘_미취학,36,7.9,7.1,7.9,7.3,5.5,5.5,8.3,4.1,2.6,,27.3,28.9,6,13.7
cuckoo,40,MALE,대구,2인가구,30,4.1,7.3,4.1,7.6,6.3,6.5,0,4.4,3.8,,25.7,26.7,5.8,12.1
cuckoo,40,MALE,대구,1인가구,85,7.9,7.4,7.9,8.1,5.6,5.7,4,4,5.1,7.9,25.4,28.7,5.8,13.2
cuckoo,40,MALE,대구,,1060,8.2,7.1,8.2,7.6,5.5,6.5,2.4,3.9,4.7,7.6,28.9,29.2,7.4,13.5
cuckoo,40,MALE,대구,키즈맘_초등생,118,9.3,7.4,9.3,8,5.4,6.4,2.5,3.7,4.8,7.6,27,30.1,6.1,13.9
cuckoo,40,MALE,대구,중년_자녀동거,137,8.3,7.3,8.3,7.7,4.5,6.5,3.8,3.8,4.6,,25.2,28.1,5.6,13.1
cuckoo,40,MALE,대전,키즈맘_초등생,98,8,7.4,8,7.9,5.3,5.8,4.2,3.4,4.7,,26.5,28.4,5.9,13.6
cuckoo,40,MALE,대전,키즈맘_미취학,58,9.8,7.4,9.8,7.9,6.5,6.6,4.2,4.5,5.5,7.8,26.4,28.6,5.9,13.9
cuckoo,40,MALE,대전,중년_자녀동거,137,7.2,7.2,7.2,7.6,5.9,5.7,2.8,3.6,5,8.6,25.1,27.9,5.6,13.1
cuckoo,40,MALE,대전,2인가구,35,5,7.1,5,7.8,6.4,8.2,2.7,4.5,4.7,7.8,27,29,6.2,14.1
cuckoo,40,MALE,대전,,1043,9,7.2,9,7.8,5.6,6,4.9,3.8,4.6,8.3,29.5,29.7,7.5,13.8
cuckoo,40,MALE,대전,키즈맘_중학생,97,8.1,7.2,8.1,7.8,5.8,5.9,3,3.8,4.5,7.8,25.5,29,5.3,13.7
cuckoo,40,MALE,대전,1인가구,89,9.4,7.3,9.4,8,5.1,5.1,1.8,3.3,3.6,7.8,26.7,29.3,5.9,13.8
cuckoo,40,MALE,부산,1인가구,148,9.2,7.3,9.2,7.6,5.6,5.7,2.7,3.6,4.4,7.9,27.4,29.3,6.4,13.8
cuckoo,40,MALE,부산,2인가구,62,7.5,6.9,7.5,7.8,5.5,4.4,1.6,3.6,3.2,,29.6,31.3,7.2,14.7
cuckoo,40,MALE,부산,키즈맘_미취학,93,8.5,7.2,8.5,7.6,6,7.1,3.8,3.9,4.7,7.7,26.3,27.2,6,12.6
cuckoo,40,MALE,부산,중년_자녀동거,286,7.9,7.2,7.9,7.5,4.8,5.9,1.4,3.4,4.4,7.9,26.1,28.5,6,13.3
cuckoo,40,MALE,부산,키즈맘_초등생,233,8,7.2,8,7.7,4.9,6.3,2.7,3.3,4.5,7.7,27.2,29.9,6.1,14.1
cuckoo,40,MALE,부산,,2038,8.9,7.2,8.9,7.6,5.2,6,4.7,3.5,5.3,7.8,28.6,28.9,7.2,13.6
cuckoo,40,MALE,부산,키즈맘_중학생,182,7.4,7.3,7.4,7.9,4.8,6.3,2.9,3.5,4.9,7.7,26.8,29.4,6.2,14
cuckoo,40,MALE,서울,1인가구,379,7.7,7.4,7.7,7.8,5.8,6.9,2.6,4.1,4.2,7.9,26.8,29.2,6.2,13.8
cuckoo,40,MALE,서울,키즈맘_초등생,317,7.9,7.2,7.9,7.9,6.1,6.3,3.5,3.9,5.5,7.7,25.9,28.4,5.8,13.4
cuckoo,40,MALE,서울,2인가구,184,7.5,7.3,7.5,8,6,6.3,2.7,3.8,5.2,8,26.1,28.1,6,13.3
cuckoo,40,MALE,서울,중년_자녀동거,609,7.7,7.3,7.7,7.6,5.5,6.3,3,3.4,4.9,7.8,26.7,28.7,6.1,13.5
cuckoo,40,MALE,서울,키즈맘_미취학,250,7.8,7.2,7.8,7.8,6.1,6.2,3.2,3.6,5,7.8,26.9,28.7,6.1,13.6
cuckoo,40,MALE,서울,,5008,7.8,7.3,7.8,7.8,5.8,6.3,3.5,3.7,5.1,7.9,25.9,26.4,6.5,12.4
cuckoo,40,MALE,서울,키즈맘_중학생,306,7.7,7.3,7.7,7.8,5.6,6.5,2.6,3.4,4.9,7.8,25.2,28.5,5.5,13.5
cuckoo,40,MALE,세종,1인가구,31,8.8,7.4,8.8,8.5,6,8,0,4.2,4.6,,26.9,29.3,6.5,13.6
cuckoo,40,MALE,세종,키즈맘_초등생,31,10,7.1,10,7.3,6.1,6.4,9.4,4,3.5,,28,30.3,6,14.6
cuckoo,40,MALE,세종,중년_자녀동거,31,7.1,7.3,7.1,7,5.2,5.4,4.7,3.1,4.7,,25.1,28.7,5.4,13.5
cuckoo,40,MALE,세종,2인가구,5,,7.4,,9.1,8.3,,4.6,3.7,,,24.7,25.2,6.8,12.9
cuckoo,40,MALE,세종,키즈맘_중학생,19,6,7.3,6,7.7,5.1,7.2,2.7,3,3.4,7.8,26.5,30.4,5.6,14.7
cuckoo,40,MALE,세종,,281,8.2,7.2,8.2,7.8,5.4,6.8,3.4,3.3,5.7,,27.8,29.3,6.7,13.9
cuckoo,40,MALE,세종,키즈맘_미취학,9,,7.4,,7.7,5.6,0.4,,3.7,,,31.4,30,7.7,14.5
cuckoo,40,MALE,울산,중년_자녀동거,87,8.2,7.1,8.2,7.4,5.7,5.4,1.3,3.7,4,8.4,27.4,30,6.1,14.1
cuckoo,40,MALE,울산,1인가구,53,6.9,7.2,6.9,7.9,5.1,6.4,6.5,4.3,4.7,7.8,25,26.6,5.9,12.2
cuckoo,40,MALE,울산,키즈맘_초등생,114,8.2,7.3,8.2,7.6,4.3,6.4,1.2,3.1,4.5,7.8,27.8,30.2,6.1,14.2
cuckoo,40,MALE,울산,2인가구,17,6.7,7.1,6.7,7.7,5.5,4.2,0,4.1,5.3,,28.4,30.5,6.5,14.9
cuckoo,40,MALE,울산,,796,8.4,7.2,8.4,7.5,5.2,6.5,3.2,3.4,4.6,8.2,27.7,28.9,6.8,13.5
cuckoo,40,MALE,울산,키즈맘_중학생,93,8.4,7.2,8.4,7.6,4.2,6.8,4.6,3.5,6.1,7.8,25.1,28.3,5.3,13.4
cuckoo,40,MALE,울산,키즈맘_미취학,27,10,7.1,10,8.1,5.4,5.9,3.1,4,3.4,,27.3,28.7,6.5,12.8
cuckoo,40,MALE,인천,2인가구,54,7,7.2,7,8.5,5.5,5.7,1.7,2.7,5.1,,27.1,29.4,6.3,13.3
cuckoo,40,MALE,인천,키즈맘_초등생,226,7.3,7.3,7.3,8,5.5,6.4,2.3,3.3,4.8,7.7,27.6,29,6.3,13.9
cuckoo,40,MALE,인천,1인가구,158,8.4,7.4,8.4,7.9,5.9,6.8,2.5,4,4.4,7.7,26.5,29,6,13.7
cuckoo,40,MALE,인천,,2247,8.3,7.3,8.3,7.5,5.1,6.6,2.4,3.5,4.9,7.9,25,25.1,6.3,11.7
cuckoo,40,MALE,인천,키즈맘_미취학,117,8.2,7.1,8.2,7.5,5.8,6.5,2.8,3.7,4.3,7.8,26.5,28.4,5.9,13.4
cuckoo,40,MALE,인천,키즈맘_중학생,196,7.3,7.4,7.3,7.6,5.8,6.3,5.3,4,4.8,7.8,24.8,28.4,5.4,13.5
cuckoo,40,MALE,인천,중년_자녀동거,276,7.2,7.2,7.2,7.7,5,6.7,1.5,3.1,5.4,8,26.4,28.9,5.9,13.6
cuckoo,40,MALE,전남,1인가구,56,7.9,7.3,7.9,7.7,5,5.9,2.3,3.7,4.8,7.7,22.7,24.9,4.9,11.9
cuckoo,40,MALE,전남,중년_자녀동거,85,7.9,7.4,7.9,7.9,3.9,7.8,2.3,3.7,4.9,,25.9,28.9,5.7,13.4
cuckoo,40,MALE,전남,키즈맘_미취학,19,8,7.2,8,7.6,5.4,8.5,8,4,3.1,,25.5,27.4,6.3,12.5
cuckoo,40,MALE,전남,2인가구,11,8,7.3,8,8.7,4.4,6.4,,2.5,7.8,,27,30.6,5.4,14.4
cuckoo,40,MALE,전남,키즈맘_중학생,82,8.8,7.3,8.8,7.4,5.2,6.7,2.1,3.4,6.7,,26.7,30.1,6,14.2
cuckoo,40,MALE,전남,키즈맘_초등생,67,9.4,7.2,9.4,7.5,4.4,5.5,2.8,3.8,5.3,,27.1,29.4,5.9,13.8
cuckoo,40,MALE,전남,,694,6.3,7.2,6.3,7.9,4.4,6.4,4.2,3.7,5.6,,29.4,29.4,7.4,13.7
cuckoo,40,MALE,전북,키즈맘_중학생,114,8.8,7.2,8.8,7.6,5.2,6.6,2.7,4.2,5,7.6,26.8,29.8,5.8,14.1
cuckoo,40,MALE,전북,,1011,7.6,7.3,7.6,7.5,4.4,6,3.2,3.8,4.5,7.8,29.1,29.2,7.4,13.4
cuckoo,40,MALE,전북,중년_자녀동거,131,8.1,7.1,8.1,8.1,4.6,5.6,4.4,3.1,5.3,,26.6,29.2,5.9,13.7
cuckoo,40,MALE,전북,키즈맘_미취학,52,8.6,7.1,8.6,7.7,5,7.1,3.5,3.6,5.1,,26.1,28.1,5.9,13.1
cuckoo,40,MALE,전북,1인가구,72,6.9,7.3,6.9,7.5,6.2,4.6,1.3,4.8,5.7,7.8,27.9,30.1,6.2,14.2
cuckoo,40,MALE,전북,키즈맘_초등생,115,6.7,7.3,6.7,7.7,4.7,6.3,2.6,3.4,4.1,,28.3,31.1,6.3,14.7
cuckoo,40,MALE,전북,2인가구,24,10,7,10,7,6.7,6.4,,4.8,7.3,,27.8,28.5,5.4,14
cuckoo,40,MALE,제주,2인가구,11,10,7.2,10,7.7,2.1,0.1,0,2.6,8.2,,29.3,33,6.7,15.2
cuckoo,40,MALE,제주,중년_자녀동거,41,9.2,7.3,9.2,7.9,3.8,6.4,8.7,3.4,3.6,7.6,26.8,29.3,5.9,13.5
cuckoo,40,MALE,제주,키즈맘_중학생,26,5.8,7.4,5.8,7.3,2.9,7.1,0.4,2.3,7.7,7.8,23.6,28.3,4.5,13
cuckoo,40,MALE,제주,,259,6.9,7.1,6.9,7.7,3.5,7.2,3.2,3.6,5.4,7.8,28.9,29.7,7.4,13.7
cuckoo,40,MALE,제주,키즈맘_초등생,21,6.7,7.7,6.7,6.6,2.2,5.7,0.4,2.2,6.3,,26.1,27.1,6,12.8
cuckoo,40,MALE,제주,키즈맘_미취학,12,10,7.2,10,7.4,3,6.4,,2.6,5.8,,25.7,28,5.7,12.7
cuckoo,40,MALE,제주,1인가구,13,8,7.3,8,8.3,4.1,8.2,,2.9,7.9,7.8,28.8,32.6,6.5,14
cuckoo,40,MALE,충남,1인가구,145,7.7,7.2,7.7,7.3,5.2,5.9,1.5,4.1,5.6,8.4,25.5,28.3,5.5,13.4
cuckoo,40,MALE,충남,키즈맘_초등생,144,8.1,7.2,8.1,7.6,5.4,6.3,4.3,3.4,5.2,7.7,27.7,30.2,5.9,14.3
cuckoo,40,MALE,충남,키즈맘_중학생,140,8.7,7.2,8.7,7.7,5.1,6.2,2.4,3.2,5.2,7.7,25.3,28.9,5.6,13.5
cuckoo,40,MALE,충남,,1493,7.7,7.2,7.7,7.4,4.6,6.8,1.9,3.3,5.2,8,23.7,23.6,6.1,11.1
cuckoo,40,MALE,충남,중년_자녀동거,167,7.7,7.2,7.7,7.7,4.5,6.4,1.2,3,6.1,7.8,26.4,29,5.6,13.5
cuckoo,40,MALE,충남,키즈맘_미취학,49,8.7,7.5,8.7,6.7,5.6,6.4,3.6,3.3,5.6,,26.5,27.7,6,13.1
cuckoo,40,MALE,충남,2인가구,29,10,7.2,10,8.7,5.7,6.4,2.7,4.8,4.3,,23,25.6,5.5,11.8
cuckoo,40,MALE,충북,키즈맘_미취학,36,8,7.5,8,8.1,5.6,5.7,4.9,4.5,5.9,7.8,27.6,29.4,6.1,13.7
cuckoo,40,MALE,충북,1인가구,120,8.4,7.3,8.4,8,4.8,6.6,1.7,3.1,4,7.7,27.4,30.1,6.4,14.1
cuckoo,40,MALE,충북,시니어,1,,,,6.6,,,,4.7,,,0,0,0,0
cuckoo,40,MALE,충북,2인가구,30,5.5,7.4,5.5,8.7,5.5,6.4,4,3.8,4.7,,27.4,29,6.3,13.5
cuckoo,40,MALE,충북,중년_자녀동거,129,8.8,7.2,8.8,7.4,4.6,6,2.5,3.5,3.7,8.2,26.3,28.7,6.2,13.5
cuckoo,40,MALE,충북,,1129,8.7,7.3,8.7,7.6,5.2,6.6,3,4,5.1,7.8,26.4,27,6.7,12.6
cuckoo,40,MALE,충북,키즈맘_중학생,128,9,7.2,9,7.3,4.5,6.7,1.2,3.4,5.5,8.3,26.1,29.5,5.8,14.2
cuckoo,40,MALE,충북,키즈맘_초등생,124,7.8,7.3,7.8,7.5,5.1,6.3,3.4,3.5,4.2,7.8,26.6,29,5.9,13.6
cuckoo,50,FEMALE,,,9401,7.8,7.5,7.8,7.1,4.3,7.1,4.7,3.9,5.1,7.9,26.2,24.7,7.1,12.3
cuckoo,50,FEMALE,,중년_2인,948,7.8,7.5,7.8,7,4.2,7.5,5.2,3.8,5.6,8.1,27.8,28.1,7,14.1
cuckoo,50,FEMALE,,중년_자녀동거,2118,7.9,7.5,7.9,7.1,4.4,7.3,3.9,3.9,4.9,8.1,26.7,27.1,6.6,13.7
cuckoo,50,FEMALE,,키즈맘_초등생,124,8.8,7.5,8.8,6.9,3.7,8.1,8.4,3.3,7.9,8.3,27,27.4,6.7,13.8
cuckoo,50,FEMALE,,키즈맘_미취학,277,8.4,7.4,8.4,7.2,4.9,7.5,3.6,4.4,6.4,8.1,27.9,28,7.2,14
cuckoo,50,FEMALE,,중년_1인,639,8.1,7.5,8.1,7.1,4.3,7.3,5.7,4,5.2,7.8,27.1,27.5,6.7,14
cuckoo,50,FEMALE,,키즈맘_중학생,192,7.1,7.6,7.1,7,4.5,6.9,4.8,3.6,5,7.8,24.8,25.6,6.1,13.1
cuckoo,50,FEMALE,,2인가구,18,5,7.6,5,7.2,4.3,8,8.8,3.5,6.4,,26.3,27,6.2,13.2
cuckoo,50,FEMALE,강원,키즈맘_초등생,11,6.7,7.3,6.7,7.8,4.8,4,,3.4,9,,25.3,25.2,6.4,12.8
cuckoo,50,FEMALE,강원,키즈맘_중학생,24,10,7.8,10,6.4,2.7,8.4,5,2.6,8.1,7.9,22.1,21.4,5.5,12
cuckoo,50,FEMALE,강원,키즈맘_미취학,16,10,7.5,10,6.6,6.9,8,4,6.7,6.3,9.3,22.9,21.7,6.3,11.4
cuckoo,50,FEMALE,강원,중년_1인,55,10,7.2,10,6.9,4.5,8.2,5.4,4.1,7,,26.6,26.7,6.7,13.5
cuckoo,50,FEMALE,강원,중년_2인,88,6.9,7.6,6.9,6.8,4.5,8,3,3.2,7.2,7.8,26.1,26.2,6.5,13.3
cuckoo,50,FEMALE,강원,중년_자녀동거,220,6.9,7.5,6.9,7.2,4.8,7.2,1.7,4.5,5.3,7.9,26.6,27.2,6.5,13.7
cuckoo,50,FEMALE,강원,,742,8,7.4,8,7.3,3.6,8.2,3.9,3.2,5.1,,28.2,25.3,7.9,12.7
cuckoo,50,FEMALE,경기,,10158,7.9,7.5,7.9,7,4.5,7.6,4.5,3.5,5.1,7.9,25.5,23.6,7,11.9
cuckoo,50,FEMALE,경기,2인가구,13,6.7,7.8,6.7,7.6,2.7,,,2.4,6.3,,23.7,24.3,5.8,12.5
cuckoo,50,FEMALE,경기,키즈맘_초등생,167,7.1,7.4,7.1,7.4,4.7,8.2,4.9,3.7,4.9,7.9,25.9,25.8,6.6,13.3
cuckoo,50,FEMALE,경기,키즈맘_중학생,379,7.9,7.5,7.9,7.3,4.5,7.7,3.7,3.6,4.1,8,25.7,26.6,6.2,13.6
cuckoo,50,FEMALE,경기,중년_자녀동거,2728,7.6,7.5,7.6,7.1,4.8,7.8,3.4,3.7,5.6,8,26.7,27.1,6.6,13.8
cuckoo,50,FEMALE,경기,중년_2인,876,7.2,7.5,7.2,6.9,4.5,7.8,3.6,3.6,4.7,8,26.8,26.9,6.9,13.5
cuckoo,50,FEMALE,경기,키즈맘_미취학,333,7.9,7.5,7.9,7.5,4.6,7.7,5.8,3.5,5.3,7.8,27,26.9,7,13.8
cuckoo,50,FEMALE,경기,중년_1인,672,7.6,7.5,7.6,6.9,4.5,7.8,4.2,3.7,6,7.9,26.6,26.6,6.6,13.6
cuckoo,50,FEMALE,경남,키즈맘_초등생,30,8.4,7.6,8.4,6.9,3,8,4.6,3.2,6.4,7.8,24.9,25,6,12.9
cuckoo,50,FEMALE,경남,키즈맘_미취학,40,7.9,7.5,7.9,6.9,3.1,8,5.2,2.7,2.9,,25.8,26.4,6.6,13.5
cuckoo,50,FEMALE,경남,중년_자녀동거,453,8.4,7.5,8.4,7.2,4.6,7.9,5.1,3.8,5.7,8.1,26.6,26.9,6.6,13.6
cuckoo,50,FEMALE,경남,중년_2인,182,8.1,7.4,8.1,6.8,4.6,7.3,3.5,3.7,4.2,7.8,26.9,26.9,6.6,13.7
cuckoo,50,FEMALE,경남,키즈맘_중학생,67,9,7.4,9,6.8,3.5,8,0.3,3.3,4.3,,26.6,26.6,6.6,13.9
cuckoo,50,FEMALE,경남,2인가구,2,10,,10,6.5,0.3,,,,,,37.2,38.2,9.6,18.7
cuckoo,50,FEMALE,경남,,1733,7.9,7.6,7.9,7,4.3,7.6,2.4,3.6,5,7.8,29.3,27.5,7.9,13.9
cuckoo,50,FEMALE,경남,중년_1인,118,7.5,7.6,7.5,6.9,4.3,7.1,2,3.6,6,8,28.2,27.9,7.2,13.9
cuckoo,50,FEMALE,경북,키즈맘_중학생,36,7.2,7.6,7.2,6.7,4.6,4.7,4,4.2,6.3,7.6,25.3,25.6,6.2,12.8
cuckoo,50,FEMALE,경북,2인가구,1,,,,8.6,0.7,,,1.2,,,38.8,39.1,9.7,17.4
cuckoo,50,FEMALE,경북,,1154,8.4,7.6,8.4,7,4.9,7.5,5.3,4.1,6.4,7.8,27.3,25.4,7.5,12.7
cuckoo,50,FEMALE,경북,중년_자녀동거,274,8.4,7.4,8.4,6.9,4.3,7.8,3.7,3.3,5.9,7.8,26.7,27.1,6.6,13.8
cuckoo,50,FEMALE,경북,중년_2인,148,9.6,7.5,9.6,6.7,4.2,8.2,2.2,4.1,5.3,7.8,28.7,28.9,7.4,14.6
cuckoo,50,FEMALE,경북,키즈맘_미취학,44,7.3,7.7,7.3,7.9,5.2,8,6.2,4.5,4.4,,29.6,29,7.7,14.6
cuckoo,50,FEMALE,경북,키즈맘_초등생,22,10,7.7,10,7.5,5,8,0.1,3.3,5.1,7.8,28.3,27.8,6.9,14.1
cuckoo,50,FEMALE,경북,중년_1인,111,6.8,7.6,6.8,7,4.3,7.4,0.8,4.3,6,,26.2,26.4,6.6,13.7
cuckoo,50,FEMALE,광주,중년_2인,80,8.6,7.7,8.6,6.8,4.5,8.3,1.8,4.2,5.8,8.1,30.2,30.2,7.6,15.1
cuckoo,50,FEMALE,광주,중년_1인,47,7.1,7.5,7.1,7.8,4.6,7.4,4.4,3.9,4.9,7.6,28.6,28.9,7.7,14.4
cuckoo,50,FEMALE,광주,키즈맘_초등생,17,10,7.7,10,7.1,3.3,8,4.5,3.2,1.6,,28.5,28.7,7.4,14.5
cuckoo,50,FEMALE,광주,키즈맘_중학생,27,7.5,7.3,7.5,7.8,4.2,8,3,3.2,0.9,7.6,28.8,29.6,6.9,14.8
cuckoo,50,FEMALE,광주,중년_자녀동거,241,8,7.5,8,7.1,4.1,8.1,3.8,3.4,5.4,7.8,26.9,26.9,6.8,13.7
cuckoo,50,FEMALE,광주,,880,7.3,7.4,7.3,7.3,4.1,6.1,4.1,3.9,4.4,,29.6,28.1,7.9,14.2
cuckoo,50,FEMALE,광주,2인가구,1,,,,,2.7,,,,,,17.7,18.7,5.5,9.2
cuckoo,50,FEMALE,광주,키즈맘_미취학,34,10,7.3,10,8.1,4.7,,2.1,3.6,2.4,8.3,25.9,27.3,6.2,13.7
cuckoo,50,FEMALE,대구,중년_자녀동거,290,7.4,7.5,7.4,7.4,4.4,7.6,3.2,4,6,7.9,26.2,26.7,6.3,13.6
cuckoo,50,FEMALE,대구,키즈맘_중학생,32,7.1,7.6,7.1,6.2,3.9,8,2.7,3.4,6.8,8.1,25.7,26.2,5.9,13.4
cuckoo,50,FEMALE,대구,키즈맘_미취학,36,8,7.5,8,7.3,4.7,8,,4.5,4.8,,26.2,27.4,6.6,13.9
cuckoo,50,FEMALE,대구,,1059,7.6,7.3,7.6,7.2,4.2,7.4,3.1,4,6,7.9,28,25.7,7.7,12.8
cuckoo,50,FEMALE,대구,중년_1인,61,8.3,7.6,8.3,7.9,4.4,6.1,5.4,3.5,4,7.8,26.2,26.3,6.4,13.8
cuckoo,50,FEMALE,대구,키즈맘_초등생,13,4.7,7.5,4.7,6.2,3.2,8,0,2,1.1,,26.5,26.6,6.5,14
cuckoo,50,FEMALE,대구,중년_2인,120,8.6,7.5,8.6,6.7,4.4,6.7,4,3.2,5.4,8.3,26.9,27.8,6.6,14.1
cuckoo,50,FEMALE,대전,키즈맘_초등생,22,10,7.8,10,7.4,4.3,8,4,3,6,8.2,26,25.8,6.5,13.3
cuckoo,50,FEMALE,대전,,1277,8.5,7.5,8.5,7.5,4.9,7.2,5.8,3.8,6.1,8.2,28.7,25.5,8.1,12.9
cuckoo,50,FEMALE,대전,중년_1인,99,8.6,7.5,8.6,7.1,5,8,5.2,4.8,5.1,,26.9,27.4,6.6,13.9
cuckoo,50,FEMALE,대전,키즈맘_미취학,31,6.3,7.3,6.3,6.9,4.7,6.4,8,3.4,3.9,,26.6,26.2,6.6,13.3
cuckoo,50,FEMALE,대전,2인가구,3,10,7.6,10,6.7,5.3,,0,3.4,,,26.9,25.3,6.3,13.2
cuckoo,50,FEMALE,대전,중년_2인,127,7.5,7.5,7.5,7,5,8,4.6,4,4.2,8,28.7,28.5,7.4,14.4
cuckoo,50,FEMALE,대전,키즈맘_중학생,45,8.6,7.5,8.6,6.8,4.3,8,0,3.9,6.8,7.8,28.7,29.4,6.8,14.8
cuckoo,50,FEMALE,대전,중년_자녀동거,351,8.8,7.5,8.8,7.1,4.7,7.1,3.6,3.7,5.6,7.8,26.6,26.9,6.6,13.6
cuckoo,50,FEMALE,부산,,2211,8.9,7.5,8.9,7,4.8,7.8,1.9,3.7,5.4,7.8,30,27.7,8.2,13.7
cuckoo,50,FEMALE,부산,중년_1인,110,7.8,7.5,7.8,6.9,4.3,7.5,4,3.9,5,,27.4,27.9,6.9,14
cuckoo,50,FEMALE,부산,키즈맘_초등생,41,7.5,7.6,7.5,7.7,5.1,8.2,1.2,3.7,5.4,,28.5,28.1,7.3,13.8
cuckoo,50,FEMALE,부산,2인가구,2,,,,6.1,0.8,8,,1.1,7.6,,28.5,25,9,13.2
cuckoo,50,FEMALE,부산,키즈맘_중학생,94,7.1,7.4,7.1,6.9,4.1,7.7,4.5,3.4,4.9,7.8,24.7,25,5.8,12.9
cuckoo,50,FEMALE,부산,중년_자녀동거,667,7.5,7.5,7.5,7.1,4.5,7.8,4.4,3.6,5.7,7.8,25.8,26,6.4,13.4
cuckoo,50,FEMALE,부산,중년_2인,194,7.2,7.5,7.2,6.6,4.4,7.6,5.6,3.4,6.4,7.9,26.5,26.3,6.6,13.3
cuckoo,50,FEMALE,부산,키즈맘_미취학,73,8.9,7.5,8.9,6.9,4.3,8,6.7,3.6,6.3,7.8,26.9,27.3,6.6,13.8
cuckoo,50,FEMALE,서울,키즈맘_초등생,60,8.9,7.6,8.9,6.9,4.4,8.6,5.7,3.3,4.9,8.7,26,26.3,6.7,13.1
cuckoo,50,FEMALE,서울,중년_자녀동거,1570,7.3,7.5,7.3,7.3,4.9,7.6,3.3,3.7,5.3,7.9,26.6,27,6.5,13.7
cuckoo,50,FEMALE,서울,키즈맘_미취학,191,6,7.6,6,7.7,5.3,7.7,4.3,4,4.8,8.5,26,26,6.6,13.1
cuckoo,50,FEMALE,서울,키즈맘_중학생,182,7,7.5,7,7.4,3.9,6.9,2.3,3.2,5.1,8,24.9,25.2,6,13
cuckoo,50,FEMALE,서울,중년_2인,505,6.9,7.5,6.9,7.1,4.6,7.2,3.9,3.5,5,7.9,27.3,27.7,6.8,14
cuckoo,50,FEMALE,서울,중년_1인,310,6.6,7.5,6.6,7.3,4.5,7.8,3,3.5,5.4,7.9,27.8,27.7,7.1,13.8
cuckoo,50,FEMALE,서울,,5620,8.4,7.5,8.4,7.1,4.5,7.2,3.7,3.6,4.7,8,25.4,23.9,6.9,11.9
cuckoo,50,FEMALE,서울,2인가구,7,,8.2,,5.7,9,8,0,4.5,6.1,,26.1,25.5,6.6,12.1
cuckoo,50,FEMALE,세종,중년_자녀동거,48,7.7,7.5,7.7,7.7,4.6,8.2,4.1,3.1,5.9,,27.4,28.4,6.7,14.6
cuckoo,50,FEMALE,세종,,190,9.4,7.7,9.4,7.7,6.1,8,0.1,4.4,4.6,,32.4,30.2,9,14.9
cuckoo,50,FEMALE,세종,키즈맘_중학생,9,8,7.5,8,7.7,3.1,8,8.9,2.4,7.8,,23.9,23.1,6.1,13.3
cuckoo,50,FEMALE,세종,중년_2인,18,0,7.6,0,7.5,4.5,8,,3.1,0.2,,31.1,30.8,7.3,15.2
cuckoo,50,FEMALE,세종,중년_1인,18,10,7.8,10,6.9,4.9,8,0,3.2,5.8,,24.9,26.3,6.2,13.1
cuckoo,50,FEMALE,세종,키즈맘_초등생,3,,7.8,,6.5,3.6,,0,7.1,7.7,,19.6,20.9,5.9,11.6
cuckoo,50,FEMALE,세종,키즈맘_미취학,3,0,,0,3,5.1,,,5.9,,,29.6,29.2,7.6,14.7
cuckoo,50,FEMALE,울산,키즈맘_초등생,13,,7.7,,6.3,4.5,8,0,3.4,8.9,,23.3,23.9,5.6,12.5
cuckoo,50,FEMALE,울산,키즈맘_중학생,28,10,7.5,10,7.8,4.5,8,,3.9,6.3,,25.6,26.7,6.4,13.4
cuckoo,50,FEMALE,울산,,672,8.3,7.3,8.3,7,4.5,7,0.9,3.7,3.6,8.1,29.2,27,8,13.6
cuckoo,50,FEMALE,울산,2인가구,1,0,,0,9.2,0.9,,,0.6,,,14.2,8.4,6.2,5.1
cuckoo,50,FEMALE,울산,중년_자녀동거,174,6.3,7.6,6.3,7,4.9,6.9,3.9,3.7,4.7,7.8,27.9,28.1,7.1,13.9
cuckoo,50,FEMALE,울산,중년_1인,31,7.5,7.3,7.5,6.8,4.3,8,,3.1,5.4,,27.6,27.3,6.9,13.7
cuckoo,50,FEMALE,울산,키즈맘_미취학,15,10,7.7,10,6.1,2.9,8.4,8,2.9,3.6,,28.4,28.1,7.4,14.4
cuckoo,50,FEMALE,울산,중년_2인,93,6.6,7.4,6.6,7.3,4.5,7.6,4.3,3.5,4.6,,27.4,27.7,6.9,14
cuckoo,50,FEMALE,인천,중년_1인,181,8,7.6,8,7.1,4.8,7.7,2.2,3.2,4.3,8.2,27,26.8,6.8,13.6
cuckoo,50,FEMALE,인천,중년_자녀동거,719,7.6,7.5,7.6,7.1,4.6,7.6,3.1,3.6,5.6,8,26.3,26.5,6.4,13.5
cuckoo,50,FEMALE,인천,중년_2인,211,6.9,7.4,6.9,6.9,4.3,7.9,4,3,5.4,7.8,28.5,28.4,7.2,14.2
cuckoo,50,FEMALE,인천,키즈맘_미취학,112,7,7.7,7,7,4.5,8.2,2.7,4,5.7,7.7,27.5,27.4,7,14.1
cuckoo,50,FEMALE,인천,,2575,7.5,7.5,7.5,6.8,4.5,7.8,5.7,3.3,4.7,7.9,26.4,24.6,7.2,12.4
cuckoo,50,FEMALE,인천,키즈맘_초등생,54,10,7.4,10,7.4,4.2,8,4,3.6,5.5,,25.9,26,6.7,13
cuckoo,50,FEMALE,인천,키즈맘_중학생,90,7.7,7.5,7.7,7.7,5.7,8.4,5.2,4.4,3.6,7.8,24.1,24.9,5.8,12.7
cuckoo,50,FEMALE,인천,2인가구,5,10,7.8,10,8.2,5.8,,,3.7,9.3,,19.8,18.4,4.7,10.8
cuckoo,50,FEMALE,전남,키즈맘_미취학,16,6,7.4,6,7.4,5,6.6,,6.8,7.7,,29.5,29.3,7.8,14.2
cuckoo,50,FEMALE,전남,키즈맘_초등생,12,0,7.2,0,6.4,4.9,,0.8,3,5.9,8.2,24,24.4,6.7,12.4
cuckoo,50,FEMALE,전남,키즈맘_중학생,32,10,7.6,10,7,4.5,8,,3.3,4,,27.1,27.5,6.8,13.6
cuckoo,50,FEMALE,전남,중년_2인,88,8.7,7.4,8.7,7.2,3.6,6.6,6.4,3.7,6.9,,25.9,25.7,6.6,13.1
cuckoo,50,FEMALE,전남,,684,10,7.5,10,7.3,4.6,8.2,5.4,4.4,3.3,8.1,28.9,27.5,7.8,13.9
cuckoo,50,FEMALE,전남,중년_1인,41,8.6,7.4,8.6,7.4,3.5,7.3,,2.6,6,,25.6,25.9,6.3,13.6
cuckoo,50,FEMALE,전남,중년_자녀동거,192,7.1,7.6,7.1,6.9,4.1,7.6,6.8,4.1,5.9,7.9,26.9,26.9,6.7,13.7
cuckoo,50,FEMALE,전북,중년_자녀동거,296,8.9,7.5,8.9,7.1,4.5,7.7,4.3,3.9,6.1,8.3,27.7,28.4,7,14.4
cuckoo,50,FEMALE,전북,키즈맘_미취학,33,7.1,7.2,7.1,6.9,4.7,8,0,4.3,6.7,,28.1,27,7.3,14.1
cuckoo,50,FEMALE,전북,중년_2인,116,7.6,7.5,7.6,6.9,4,8,5.4,4.3,7,,26.8,26.5,6.9,13.3
cuckoo,50,FEMALE,전북,키즈맘_초등생,38,3.4,7.5,3.4,7.1,4.3,8,0.1,4.1,6.5,8.2,24.3,24.4,6.3,12.4
cuckoo,50,FEMALE,전북,2인가구,2,,7.8,,7.9,1.9,,,4,,,29.7,29.4,5.2,15
cuckoo,50,FEMALE,전북,중년_1인,75,5.2,7.4,5.2,7.3,4.4,8,4.2,3.6,6.5,,27.1,27.2,6.7,13.9
cuckoo,50,FEMALE,전북,,1084,7.3,7.5,7.3,7.3,3.9,8,4,3.2,5.4,7.8,29.4,26.6,8.4,13.2
cuckoo,50,FEMALE,전북,키즈맘_중학생,36,8.4,7.6,8.4,6.8,3.8,8.8,1.2,3.4,4.4,8.4,29.3,28.5,7.1,14.7
cuckoo,50,FEMALE,제주,중년_자녀동거,85,7.8,7.6,7.8,7.3,2.8,7.1,4,2.9,6.9,7.6,25.5,25.6,6.4,13
cuckoo,50,FEMALE,제주,키즈맘_미취학,10,10,7.4,10,7.6,4.3,8,8,4.6,,,23.9,23.4,5.6,11.8
cuckoo,50,FEMALE,제주,키즈맘_중학생,17,10,7.7,10,7.1,2.7,8,0,3.2,3.9,,24.7,26.1,6,12.7
cuckoo,50,FEMALE,제주,중년_1인,18,6.7,7.4,6.7,6.4,3.2,8,8,3.3,7.8,,21.8,22.1,5.6,11.5
cuckoo,50,FEMALE,제주,키즈맘_초등생,11,10,7.6,10,7.8,5.8,8,3.3,4.4,3.9,,25.4,26.1,6.3,12.7
cuckoo,50,FEMALE,제주,,283,10,8,10,6.7,2.8,5.4,,2.6,6.6,8.1,32.4,31,8.5,15.3
cuckoo,50,FEMALE,제주,2인가구,2,,6.8,,7.4,0.9,,,2.6,,,26.4,27.1,5.7,13.3
cuckoo,50,FEMALE,제주,중년_2인,23,10,7.4,10,8.1,2.4,8,,2.3,8.8,,26.7,26.2,7.1,13
cuckoo,50,FEMALE,충남,중년_1인,157,7.6,7.7,7.6,7,4.7,7.4,5,3.7,5,8.4,28.3,28.3,7.2,14.3
cuckoo,50,FEMALE,충남,,1307,8.2,7.4,8.2,6.9,3.6,7.4,3.1,3.6,4.2,7.7,26.2,24.7,7,12.7
cuckoo,50,FEMALE,충남,2인가구,3,,,,5.4,5.2,,,5.3,,,24.1,20.1,6.7,10.8
cuckoo,50,FEMALE,충남,중년_자녀동거,319,8.3,7.4,8.3,6.9,3.9,7.6,4.4,3.3,5.2,8,26.8,27.2,6.6,14.1
cuckoo,50,FEMALE,충남,중년_2인,132,6.7,7.5,6.7,6.5,3.9,8,6.9,3.6,5.3,8.2,28.2,28.5,7.2,14.4
cuckoo,50,FEMALE,충남,키즈맘_중학생,36,10,7.4,10,7.1,3.7,8,5.3,2.4,3.6,7.8,24.9,25.5,5.9,13.1
cuckoo,50,FEMALE,충남,키즈맘_미취학,25,,7.5,,6,4.4,8,8,3.5,,,28.6,28.3,7.3,14.1
cuckoo,50,FEMALE,충남,키즈맘_초등생,21,7.5,7.6,7.5,7.3,4,8,,2.2,3.2,,27.3,27.3,6.9,13.7
cuckoo,50,FEMALE,충북,키즈맘_미취학,31,5,7.6,5,6.4,4.4,8,4,3.4,2.7,8.4,29.5,29.4,7.7,14.7
cuckoo,50,FEMALE,충북,키즈맘_중학생,34,7.2,8,7.2,7.2,3,8,3.4,3.3,6.4,8,27.3,27.5,6.5,14.4
cuckoo,50,FEMALE,충북,중년_2인,95,7.4,7.5,7.4,6.8,4.3,7.3,1.4,3.9,4.7,8,28.9,29.8,7,15.2
cuckoo,50,FEMALE,충북,중년_1인,67,8,7.6,8,7,4,8.2,2,3.6,4.1,,27.4,27.2,6.9,13.8
cuckoo,50,FEMALE,충북,키즈맘_초등생,20,10,7.6,10,6.1,3.6,8,0,3.7,3.9,,30.4,29.4,7.8,14.4
cuckoo,50,FEMALE,충북,,922,8.9,7.6,8.9,7.6,3.7,7.5,3.4,3.8,4.8,7.9,28,26.5,7.4,13.2
cuckoo,50,FEMALE,충북,중년_자녀동거,211,7.9,7.4,7.9,6.9,4.4,8.1,5.1,3.7,5.3,8.2,26.3,26.7,6.5,13.6
cuckoo,50,MALE,,중년_1인,681,8.5,7.5,8.5,7.6,4.3,5.4,2.8,3.1,5.1,7.9,27.1,30.4,6.1,14.1
cuckoo,50,MALE,,키즈맘_미취학,166,6.7,7.4,6.7,7.6,4.6,4.7,1.7,3.6,6.1,8.8,27.2,30,6.2,13.8
cuckoo,50,MALE,,중년_자녀동거,1618,7.7,7.3,7.7,7.5,4.1,6,3.4,2.7,5.6,8,27,30.5,6,14.3
cuckoo,50,MALE,,키즈맘_초등생,149,8.1,7.3,8.1,7.3,4.1,5.4,0,2.6,4.9,7.9,25.8,29.3,5.5,13.5
cuckoo,50,MALE,,2인가구,40,7.8,7.3,7.8,7.5,4.7,5.7,0,2,4.8,,26.1,27.8,6,13.3
cuckoo,50,MALE,,,8580,7.8,7.4,7.8,7.4,4.1,5.7,3.4,2.8,5.1,7.9,26.5,27.6,6.6,12.8
cuckoo,50,MALE,,중년_2인,726,7.7,7.4,7.7,7.5,4.2,6.2,4,2.8,5.4,8,27.4,30.4,6.2,14.3
cuckoo,50,MALE,,키즈맘_중학생,289,8.3,7.3,8.3,7.5,4.4,6.1,2.9,2.9,5.4,8,26.4,29.8,5.9,13.8
cuckoo,50,MALE,강원,키즈맘_중학생,33,8.9,7.4,8.9,6.8,4.4,6.7,4,2.1,4,,26.1,29.8,5.4,14
cuckoo,50,MALE,강원,키즈맘_미취학,18,6.8,7.5,6.8,7.1,3.4,6.4,0,2.4,7.7,,28.9,31.2,6.5,14.5
cuckoo,50,MALE,강원,키즈맘_초등생,13,8.3,7.3,8.3,8.6,5.2,6.4,0,2.3,7.8,,24,25.9,5.5,12.2
cuckoo,50,MALE,강원,,649,8.3,7.6,8.3,7.1,4.2,4.7,3.2,2.9,5.9,8,30.2,30.6,7.6,14.4
cuckoo,50,MALE,강원,중년_자녀동거,165,8.6,7.5,8.6,7.1,4.4,6.3,2.7,3,5.5,7.9,27.5,30.7,6.1,14.1
cuckoo,50,MALE,강원,중년_1인,56,6.3,7.4,6.3,7,4.1,4.9,0,2.4,6.6,8,27.1,30.9,6.2,14.2
cuckoo,50,MALE,강원,중년_2인,60,10,7.6,10,7.8,4.3,4.3,0,2.5,4.4,,28.6,31.8,6.7,15
cuckoo,50,MALE,강원,2인가구,4,,7.8,,7.3,4.5,6.4,,0.9,7.9,,23.3,27.8,4.3,12.5
cuckoo,50,MALE,경기,키즈맘_중학생,518,7.7,7.5,7.7,7.5,4.2,6.2,2.7,2.4,5.4,8.7,26.5,30,5.7,14
cuckoo,50,MALE,경기,키즈맘_초등생,278,7.3,7.5,7.3,7.4,4.6,6.1,2.6,2.5,5.7,8.2,27.4,30.2,6.1,14.1
cuckoo,50,MALE,경기,중년_2인,729,7.6,7.5,7.6,7.6,4.6,6.1,3,2.6,5.1,7.9,27.1,29.8,6.2,14
cuckoo,50,MALE,경기,키즈맘_미취학,177,7,7.6,7,7.3,5.4,6.1,5,3,5.1,8.1,28.6,31.2,6.5,14.6
cuckoo,50,MALE,경기,2인가구,40,7.6,7.6,7.6,7.6,4.7,5,4.7,2.5,5.5,,27.3,30.1,6.2,14.1
cuckoo,50,MALE,경기,,9539,7.9,7.5,7.9,7.4,4.5,6.5,2.9,2.6,5.3,8,25.3,26,6.4,12
cuckoo,50,MALE,경기,중년_1인,821,7.4,7.5,7.4,7.5,4.8,6,2.2,2.7,5.2,8.2,26.8,29.7,6,13.9
cuckoo,50,MALE,경기,중년_자녀동거,2131,7.8,7.5,7.8,7.5,4.7,6,3,2.5,5.1,7.9,27,30.2,6,14.2
cuckoo,50,MALE,경남,키즈맘_미취학,32,8,7.8,8,7.6,3.4,6.4,2.8,2.1,4.9,,26,29,5.9,13.6
cuckoo,50,MALE,경남,키즈맘_중학생,105,7,7.5,7,8.1,4,6.8,2.9,2.7,4.6,,24.7,27.8,5.3,13.1
cuckoo,50,MALE,경남,중년_1인,167,8.3,7.4,8.3,7.5,3.7,6.5,3.3,3.2,6.8,7.9,27.1,29.8,6.4,13.9
cuckoo,50,MALE,경남,,1754,7.6,7.5,7.6,7.3,4.2,5.7,3.6,2.9,5.1,7.8,28.7,29.6,7.2,13.6
cuckoo,50,MALE,경남,중년_2인,163,7.7,7.5,7.7,7.2,3.5,5.2,3.4,2.3,4.6,,26.5,30.5,5.8,14.3
cuckoo,50,MALE,경남,키즈맘_초등생,51,8,7.4,8,7.2,2.8,5.9,0.2,2.8,3.2,8,29.3,32.2,6.2,15.2
cuckoo,50,MALE,경남,2인가구,5,5,7.6,5,7.6,1.2,6.4,,0.7,5.2,,26.9,29.5,6.2,15.2
cuckoo,50,MALE,경남,중년_자녀동거,368,8.3,7.4,8.3,7.4,3.9,6.1,2.8,2.5,4.8,8,26.9,30.6,6,14.2
cuckoo,50,MALE,경북,중년_자녀동거,259,8.2,7.4,8.2,7.4,3.7,6,3.6,2.2,4.9,,28,31,6.2,14.5
cuckoo,50,MALE,경북,키즈맘_중학생,67,8.9,7.4,8.9,7.2,4.4,6.4,3.5,2.9,3.8,,27.1,30.3,6,14.2
cuckoo,50,MALE,경북,키즈맘_미취학,16,6.7,8.1,6.7,7.6,4.2,6.4,,2,7.7,,28.2,30.1,6.6,14.6
cuckoo,50,MALE,경북,2인가구,6,10,8.2,10,7.7,2.6,,0,4.3,5.1,,34.7,34,8.4,16.1
cuckoo,50,MALE,경북,중년_2인,107,7.9,7.5,7.9,7,3.4,6.6,2.7,2.3,7.3,7.9,27.7,30.7,6.3,14.4
cuckoo,50,MALE,경북,,1201,8.6,7.4,8.6,7.4,3.5,7,4.4,2.7,5.3,7.8,28.4,29.8,7.1,13.8
cuckoo,50,MALE,경북,키즈맘_초등생,37,7.7,7.2,7.7,7.1,3.3,5.1,0,2.2,4.6,7.8,25.2,28.1,5.3,12.7
cuckoo,50,MALE,경북,중년_1인,135,8.3,7.5,8.3,7.3,4.4,5.4,3.9,3,4.7,,27.7,30.7,6.5,14.3
cuckoo,50,MALE,광주,중년_2인,46,7.5,7.4,7.5,8,3.6,5.3,0,2.5,4.8,8,29.7,32.7,6.8,15.1
cuckoo,50,MALE,광주,2인가구,4,10,7.3,10,4.6,4.3,6.4,0,1.1,7.6,,26.8,30.3,6.6,13.5
cuckoo,50,MALE,광주,키즈맘_미취학,23,10,7.6,10,7.9,5.1,6.4,4,2.9,4.9,,29.1,32.4,6.9,15
cuckoo,50,MALE,광주,키즈맘_초등생,29,8.3,7.6,8.3,7.4,3.3,6.4,,2.4,4.6,8,26.3,29.6,6.1,13.4
cuckoo,50,MALE,광주,,818,7.3,7.5,7.3,7.9,4.7,6,2.7,3,4.2,7.8,29.4,30.6,7.2,14.3
cuckoo,50,MALE,광주,키즈맘_중학생,57,7.8,7.4,7.8,7.5,3.6,5.5,2.7,3.4,5.1,,27.6,31.6,6.3,14.6
cuckoo,50,MALE,광주,중년_1인,56,6.6,7.5,6.6,8.1,4.1,5.3,4,2.9,4.5,8.2,26.6,29.9,6,14.5
cuckoo,50,MALE,광주,중년_자녀동거,216,7.7,7.5,7.7,7.8,3.6,6.3,1.5,2.6,6,,26.7,30.2,5.9,14.2
cuckoo,50,MALE,대구,,924,8.4,7.5,8.4,7.5,4,6.4,5.1,2.3,5,,28.9,29.9,7.2,13.9
cuckoo,50,MALE,대구,키즈맘_초등생,27,7.7,7.3,7.7,8.1,4.2,6.4,4,2.2,5.8,,27.4,31.2,5.8,14.7
cuckoo,50,MALE,대구,키즈맘_미취학,17,7.7,7.4,7.7,7.3,3.8,6.4,,4.1,5.8,,27.2,29.4,6.4,13.4
cuckoo,50,MALE,대구,키즈맘_중학생,46,8.2,7.3,8.2,7.4,4.7,5.7,0.1,2.3,4.5,,24.1,27.5,5,12.9
cuckoo,50,MALE,대구,중년_자녀동거,201,8,7.6,8,7.5,4.4,6.6,5.2,2.5,5.9,8.3,26.7,30,6,13.9
cuckoo,50,MALE,대구,중년_1인,64,8.1,7.5,8.1,8,2.9,7.5,0,2.1,4.4,,28.1,31.9,6.2,14.6
cuckoo,50,MALE,대구,중년_2인,88,7.1,7.5,7.1,6.8,3.4,6.6,4.8,1.6,6.6,,26.9,30.2,5.9,13.9
cuckoo,50,MALE,대구,2인가구,4,,,,3.8,0.8,6.4,,1.6,,,28.7,32.2,5.9,16.2
cuckoo,50,MALE,대전,2인가구,10,10,7.5,10,7.1,1,6.4,,1.7,7.8,,29.6,32,7.4,14.7
cuckoo,50,MALE,대전,키즈맘_초등생,31,6.7,7.7,6.7,7.5,4,3.2,4,3.5,5.9,,31.7,33.2,7.6,15.7
cuckoo,50,MALE,대전,키즈맘_미취학,26,7.8,7.3,7.8,7.6,7,6.5,2.7,2.6,5,8,25.8,28.4,5.7,13.2
cuckoo,50,MALE,대전,중년_자녀동거,279,7.1,7.6,7.1,7.6,4.4,6.1,1.9,2.4,5.6,8.3,26.6,30.1,5.8,14.2
cuckoo,50,MALE,대전,중년_2인,101,8.4,7.7,8.4,7.6,5.3,5.8,4.2,3.4,4.8,8,28,31.3,6.5,14.3
cuckoo,50,MALE,대전,중년_1인,123,7.8,7.5,7.8,7.6,4.5,6.4,2.7,3.3,5.5,7.9,28.1,31.6,6.3,14.6
cuckoo,50,MALE,대전,,1186,8,7.4,8,7.5,4.9,6.7,2.2,2.5,5.7,8,29.3,30.5,7.1,14.4
cuckoo,50,MALE,대전,키즈맘_중학생,60,8.4,7.5,8.4,7.1,4.8,5.7,2.1,2.4,4,8,26.9,30.2,6,14.2
cuckoo,50,MALE,부산,중년_2인,163,8.8,7.5,8.8,7.4,3.8,6.7,4.3,2.3,3.9,8,27.4,30.5,6.2,14.3
cuckoo,50,MALE,부산,중년_1인,153,7.9,7.5,7.9,7.4,4.3,6.2,4.2,2.4,5.6,,25.6,28.5,5.7,13.5
cuckoo,50,MALE,부산,키즈맘_미취학,51,8,7.4,8,6.7,5,6.8,4,2.6,5.2,8.5,28.2,31.4,6.4,14.5
cuckoo,50,MALE,부산,키즈맘_중학생,116,7.8,7.5,7.8,7.4,4.8,6.5,1.9,2.9,4.8,,27.8,31.5,6.1,14.9
cuckoo,50,MALE,부산,키즈맘_초등생,68,8.7,7.4,8.7,7.2,4.2,6.4,0.5,2.1,5.7,8,27.1,30.7,5.9,14.2
cuckoo,50,MALE,부산,,1983,8.4,7.5,8.4,7.3,4.4,6.7,3,2.9,4.8,7.9,29,30.2,7.1,14.3
cuckoo,50,MALE,부산,중년_자녀동거,480,8.1,7.5,8.1,7.5,4.1,6.3,3,2.8,5.7,8,27.1,29.8,6.2,14
cuckoo,50,MALE,부산,2인가구,3,,6.9,,4,6.3,,,5.4,7.6,,5.8,9.2,0.1,5.1
cuckoo,50,MALE,서울,중년_2인,377,7.9,7.5,7.9,7.7,5.1,6,2.9,3.2,5.4,7.9,27.3,30.1,6.3,14.1
cuckoo,50,MALE,서울,중년_1인,378,8.2,7.4,8.2,7.7,5,5.7,2.1,2.8,4.6,8.2,27.1,29.9,6.2,14
cuckoo,50,MALE,서울,2인가구,29,6.7,7.5,6.7,7.1,5.8,,1.6,3.1,4.7,,25.9,29.9,5.5,13.7
cuckoo,50,MALE,서울,키즈맘_중학생,271,7.1,7.5,7.1,7.7,4.5,5.4,3.5,2.5,5.8,7.8,25.8,29.2,5.5,13.9
cuckoo,50,MALE,서울,키즈맘_초등생,111,8.4,7.5,8.4,7.8,4,6,3.7,2.2,5.9,8,26.4,29.3,6.1,13.6
cuckoo,50,MALE,서울,키즈맘_미취학,94,8.4,7.5,8.4,7.6,4.9,5.1,4,2.9,5.2,8.4,26.9,29.6,6.2,13.9
cuckoo,50,MALE,서울,,5103,7.7,7.5,7.7,7.7,4.8,6,3.3,2.8,5.6,7.9,26.8,27.7,6.7,12.8
cuckoo,50,MALE,서울,중년_자녀동거,1111,7.8,7.5,7.8,7.7,5,6.3,3.1,2.8,4.9,8,27.4,30.5,6.2,14.3
cuckoo,50,MALE,세종,키즈맘_미취학,2,,7,,5,5.5,6.4,,2.2,7.8,,17.9,23.4,3.5,10.9
cuckoo,50,MALE,세종,키즈맘_초등생,6,5.1,7.6,5.1,8.2,2.7,10,,2.4,,,24.2,27.8,6,13.2
cuckoo,50,MALE,세종,2인가구,2,5,7.6,5,8.9,4.4,,0,2.4,,,30,34.4,6.6,16.8
cuckoo,50,MALE,세종,중년_자녀동거,31,10,7.6,10,7,5.1,7.7,2.7,2.7,4.4,,27.8,31.9,6.3,14.8
cuckoo,50,MALE,세종,키즈맘_중학생,6,,7.7,,7.2,6.8,,,0.8,,,27.4,30.1,6,13.5
cuckoo,50,MALE,세종,,214,7.5,7.6,7.5,6.5,5,6.4,5.6,2.4,7.7,,31.4,32,7.9,14.5
cuckoo,50,MALE,세종,중년_2인,19,5.8,7.8,5.8,7.8,7,3.6,0,1.8,3.5,7.8,26.1,29.6,5.5,13.6
cuckoo,50,MALE,세종,중년_1인,31,7.5,7.4,7.5,6.5,4.4,5.3,0,2.9,8.3,,26,28.7,6,13.4
cuckoo,50,MALE,울산,중년_1인,52,8,7.6,8,8.1,4.3,5.6,0,2.8,5.2,7.8,30,32.4,6.9,15.4
cuckoo,50,MALE,울산,중년_2인,69,8.1,7.3,8.1,7.5,4.7,6.2,3.5,2.5,3.4,8.1,27.3,31.1,6,14.5
cuckoo,50,MALE,울산,키즈맘_미취학,11,7.5,7.5,7.5,7.7,4.3,6.4,8,3.3,0.2,,27.3,29,6.5,13
cuckoo,50,MALE,울산,2인가구,3,10,7.4,10,8.9,3.2,,,1.2,,,33.9,34.8,8.6,16.3
cuckoo,50,MALE,울산,키즈맘_초등생,23,10,7.3,10,8.2,4.5,7.1,4,3,3.9,,25.1,28.8,5,13.4
cuckoo,50,MALE,울산,,718,6.1,7.4,6.1,7.5,4.1,6.3,8.5,2.8,5.9,8,26.8,27.6,6.7,12.5
cuckoo,50,MALE,울산,키즈맘_중학생,43,9,7.6,9,8.2,4.5,5.3,1.5,2.5,4.5,,28.1,31.3,6.2,14.7
cuckoo,50,MALE,울산,중년_자녀동거,179,7.9,7.5,7.9,7.6,3.6,6,5.5,2.3,5.3,,27.3,30.4,6.2,14.5
cuckoo,50,MALE,인천,중년_2인,154,8.1,7.6,8.1,7.6,3.9,5.9,3.1,2.5,4.7,7.9,27.5,29.8,6.3,13.9
cuckoo,50,MALE,인천,중년_1인,178,7.4,7.6,7.4,7.3,4,5.7,0.2,2.3,4.2,8.2,27.4,30.3,6.2,14
cuckoo,50,MALE,인천,중년_자녀동거,524,7.3,7.5,7.3,7.5,4.3,6.6,3.9,2.6,5.6,7.9,27.1,30.2,6,14.1
cuckoo,50,MALE,인천,키즈맘_초등생,76,8,7.4,8,7.7,5,6.2,5.4,2.9,5.5,8.7,26.2,29.2,5.7,13.6
cuckoo,50,MALE,인천,키즈맘_미취학,58,9,7.4,9,8.3,4.6,6.9,4,3.2,7.6,8.2,28.8,30.6,6.6,14.6
cuckoo,50,MALE,인천,2인가구,8,10,6.6,10,5.4,4.1,,9.2,1.3,,,30.2,31,7.1,14.4
cuckoo,50,MALE,인천,,2315,7.7,7.3,7.7,7.1,4.3,5.8,2.9,2.5,4.4,7.9,26.7,27.7,6.5,12.9
cuckoo,50,MALE,인천,키즈맘_중학생,138,7.5,7.4,7.5,7.2,4.4,6.5,3.5,2.9,4.7,,26.8,30.1,5.9,14.4
cuckoo,50,MALE,전남,중년_1인,57,6.7,7.8,6.7,7.1,3.4,3.9,0,1.8,6.2,,27.7,31.6,6.1,14.6
cuckoo,50,MALE,전남,중년_자녀동거,159,7.4,7.6,7.4,7.8,3.2,6.1,1.5,2.5,4.5,,29.2,31.7,6.6,14.8
cuckoo,50,MALE,전남,키즈맘_미취학,16,7.1,7.1,7.1,8.2,2.5,6.4,,1.6,7.7,,28.2,31.2,6,14.9
cuckoo,50,MALE,전남,키즈맘_중학생,41,7.5,7.5,7.5,7.7,2.6,5.8,8,1.7,5.3,,28.6,31,6.4,14.5
cuckoo,50,MALE,전남,,701,9,7.5,9,7.5,3.5,5.9,5.6,2.5,7.8,,30.3,31.4,7.6,14.8
cuckoo,50,MALE,전남,2인가구,5,10,7.9,10,5.2,3.5,,,1.7,0.1,,24.4,26.5,5.4,11.6
cuckoo,50,MALE,전남,중년_2인,56,8.4,7.5,8.4,7.6,3.4,5.5,3.2,2.3,5.4,8,26,29.1,5.8,14
cuckoo,50,MALE,전남,키즈맘_초등생,28,3.8,7.9,3.8,7.7,3.8,7.1,0,3.2,6.2,8,28.6,31.8,6.4,15
cuckoo,50,MALE,전북,키즈맘_미취학,28,10,7.2,10,6.5,3.6,6.4,,1.8,0.2,,28.6,32.1,6.4,14.9
cuckoo,50,MALE,전북,2인가구,3,,7.2,,6.8,6.7,0.2,,,,,21.5,23.5,4.3,10.5
cuckoo,50,MALE,전북,키즈맘_중학생,68,8.5,7.4,8.5,7.5,4.3,5.8,0,2,4.1,7.9,27.1,30.5,6,14.6
cuckoo,50,MALE,전북,,1049,6.5,7.5,6.5,7.5,4,6.6,4.8,3.1,6.1,7.9,29.5,30.1,7.5,13.8
cuckoo,50,MALE,전북,중년_1인,77,6,7.5,6,7.9,4.1,5.9,3,2.3,7.3,8.5,26.9,29.9,6.2,13.8
cuckoo,50,MALE,전북,키즈맘_초등생,39,10,7.5,10,7.4,2.6,8.2,4,2.8,7.3,,28.7,31.1,6.4,15
cuckoo,50,MALE,전북,중년_자녀동거,245,9.4,7.5,9.4,7.2,3.1,5,4.1,2.6,4.4,8,28.4,31.2,6.5,14.5
cuckoo,50,MALE,전북,중년_2인,81,9,7.4,9,7.1,3.6,7.6,0,2,4.4,7.9,30.3,32.3,6.9,15.1
cuckoo,50,MALE,제주,키즈맘_중학생,14,10,7.4,10,6.9,3.4,4.3,,1.6,4.1,8.3,28.3,31.6,6.8,14.5
cuckoo,50,MALE,제주,키즈맘_초등생,8,7.6,7.9,7.6,5.3,1.7,,8.5,1,7.8,,18.5,22.3,3.6,11
cuckoo,50,MALE,제주,키즈맘_미취학,4,10,7.5,10,6.1,1.9,,,1.9,,,26.6,27.4,6.9,12.4
cuckoo,50,MALE,제주,중년_1인,17,5.2,7.9,5.2,6.8,4.2,7.4,0.2,2.5,6.3,,27.4,29.6,6.1,13.8
cuckoo,50,MALE,제주,,282,7.4,7.5,7.4,7,2.4,6.2,4.7,2.1,8.5,,28.2,29.9,6.7,13.8
cuckoo,50,MALE,제주,중년_2인,23,0,7.6,0,7.5,4,7.1,,1.2,,,31.2,32.7,7.5,14.8
cuckoo,50,MALE,제주,중년_자녀동거,69,5.6,7.6,5.6,7.1,3.4,5.3,8,2.4,3.6,,25.9,29.5,5.8,13.6
cuckoo,50,MALE,제주,2인가구,1,,9.4,,5.9,1.3,,,,,,36.6,38.2,8,16.5
cuckoo,50,MALE,충남,키즈맘_미취학,18,8.3,7.3,8.3,8.4,3.9,6.4,,2.8,2,,28.8,31.6,6.5,14.8
cuckoo,50,MALE,충남,키즈맘_중학생,59,8.8,7.5,8.8,7.9,4.1,6.4,3.3,2.7,5.1,7.8,24.7,27.8,5.4,13.4
cuckoo,50,MALE,충남,중년_1인,169,7.3,7.5,7.3,7.6,4.1,5.9,3.7,2.8,5.7,,27.9,30.3,6.4,14.5
cuckoo,50,MALE,충남,2인가구,7,10,7.6,10,7,2.2,,,2.2,,,34.2,34.2,8.4,17.4
cuckoo,50,MALE,충남,,1356,8.9,7.3,8.9,7.4,4,6.4,5.4,2.7,6.2,7.8,24.6,25.3,6.3,11.6
cuckoo,50,MALE,충남,중년_자녀동거,264,8.3,7.4,8.3,7.4,4.1,5.8,4.9,2.5,6,7.8,27.7,31,6.2,14.6
cuckoo,50,MALE,충남,중년_2인,112,7.4,7.5,7.4,7.4,3.4,6.6,0,2.8,5.2,,28.8,31.3,6.8,14.9
cuckoo,50,MALE,충남,키즈맘_초등생,43,8,7.4,8,7.2,3.7,6.4,0.1,2.9,5.7,,24.8,27.2,5.5,12.8
cuckoo,50,MALE,충북,중년_자녀동거,189,7.8,7.4,7.8,7.4,3.7,5.7,3.4,2.5,5,,25.8,29.5,5.7,13.9
cuckoo,50,MALE,충북,키즈맘_초등생,37,5,7.3,5,7.3,2.9,7.3,8,2,6.2,7.8,29.5,32.7,6.6,15.8
cuckoo,50,MALE,충북,2인가구,6,,7.9,,9.5,4.4,6.4,0,2.8,3.9,,32.6,34.7,8.2,16.1
cuckoo,50,MALE,충북,,921,8.7,7.5,8.7,7.9,3.5,6.5,4.1,2.6,3.8,8,27.2,27.7,7,12.6
cuckoo,50,MALE,충북,키즈맘_중학생,46,7.5,7.4,7.5,6.9,4.8,5.2,0.4,3.3,4.9,,27.9,32,6,15.3
cuckoo,50,MALE,충북,키즈맘_미취학,20,7.5,7.9,7.5,8,5.6,0,1.8,4.5,6.2,,27.5,29.9,6.5,14.1
cuckoo,50,MALE,충북,중년_1인,105,7.5,7.6,7.5,6,4.3,6.4,5.8,3,5.4,7.9,27.6,31.4,6,14.8
cuckoo,50,MALE,충북,중년_2인,78,9.6,7.6,9.6,7.3,4.5,5.9,2.7,2.2,5.7,,29.2,31.1,6.8,14.7
cuckoo,60,FEMALE,,키즈맘_미취학,265,6.8,8.2,6.8,6.6,3.5,8.3,1.8,2.6,6.2,,25.1,24.8,6.5,12.3
cuckoo,60,FEMALE,,중년_2인,702,7.5,8.2,7.5,6.8,3.3,7.5,4,2.8,5.5,8.3,27.7,27.9,7.1,13.8
cuckoo,60,FEMALE,,시니어,1696,6.7,8.2,6.7,6.8,2.4,6.9,5,2.3,6.4,8.3,11.6,11.7,2.9,5.9
cuckoo,60,FEMALE,,2인가구,1,,,,8,7.1,,,0.7,9.9,,40,40,10,19.7
cuckoo,60,FEMALE,,키즈맘_중학생,135,8.1,8.2,8.1,7.2,2.8,5.6,5.7,2.2,7,8.1,15.4,15.8,3.8,7.8
cuckoo,60,FEMALE,,중년_자녀동거,1544,7.7,8.2,7.7,6.8,2.9,7.3,4.5,2.5,6.4,8.1,22.4,22.6,5.7,11.2
cuckoo,60,FEMALE,,중년_1인,407,7.3,8.2,7.3,6.8,3.2,7.8,4.5,2.7,6.5,8.2,29,29.5,7.2,14.6
cuckoo,60,FEMALE,,,10407,7.9,8.2,7.9,6.7,2.9,7.4,3.1,2.5,5.9,8.2,20.9,20,5.6,9.9
cuckoo,60,FEMALE,,키즈맘_초등생,239,6.9,8.2,6.9,6.3,2.3,7.5,4.7,2.1,6.8,,17.6,17.5,4.5,8.6
cuckoo,60,FEMALE,,1인가구,1,,,,8,,,,,,,15.1,15.5,1.9,8.2
cuckoo,60,FEMALE,강원,키즈맘_중학생,13,7.5,8.1,7.5,7.3,2.8,8,0,2,8.5,,11,10.9,2.7,5.9
cuckoo,60,FEMALE,강원,중년_자녀동거,90,8.5,8.3,8.5,6.3,2.9,8,4.2,2.7,6.3,,20,20,5.1,10.2
cuckoo,60,FEMALE,강원,키즈맘_미취학,19,,8.3,,7.7,2.4,8,,1.8,7.8,,25.8,25.4,7,12.8
cuckoo,60,FEMALE,강원,시니어,85,8.6,8.2,8.6,6.6,1.4,8,2.8,1.2,4.4,,13.2,13.7,3.4,6.6
cuckoo,60,FEMALE,강원,중년_2인,39,4,8.2,4,7.4,3,6.1,0,1.6,5.6,8.1,26.4,26.3,6.7,12.9
cuckoo,60,FEMALE,강원,,540,6.3,8.2,6.3,7.2,3.2,8.5,8,2.6,6.3,,23.3,21.5,6.4,10.6
cuckoo,60,FEMALE,강원,중년_1인,18,3.7,8.2,3.7,6.4,1.9,8,,2.3,0.2,,31.8,31.5,8,15.4
cuckoo,60,FEMALE,강원,키즈맘_초등생,20,10,8.1,10,8,3.6,8,,2.8,7.8,,18,17.7,4.5,8.8
cuckoo,60,FEMALE,경기,중년_자녀동거,1254,6.9,8.2,6.9,6.8,3.3,8,4.2,2.4,5.6,8.2,22.7,22.7,5.8,11.3
cuckoo,60,FEMALE,경기,시니어,1015,6.8,8.2,6.8,6.7,2.8,7.7,4.5,2.2,6.3,8.1,12.6,12.7,3.1,6.3
cuckoo,60,FEMALE,경기,키즈맘_미취학,208,7.2,8.3,7.2,6.6,3.1,7.8,3.7,2.2,5.4,8.2,26.1,25.3,6.8,12.7
cuckoo,60,FEMALE,경기,,7005,7.8,8.2,7.8,6.9,3.4,7.9,3.4,2.4,5.3,8.2,19.7,18.4,5.4,9.2
cuckoo,60,FEMALE,경기,키즈맘_중학생,90,8.5,8.1,8.5,7,3,8,3,2.6,7.7,,16.1,15.8,4.3,8
cuckoo,60,FEMALE,경기,2인가구,1,,,,,,,,,,,38.5,38.2,9.4,17.8
cuckoo,60,FEMALE,경기,키즈맘_초등생,153,7.5,8.1,7.5,6.3,2.6,7.5,1.6,2.3,3.7,,20.4,20.2,5.3,9.9
cuckoo,60,FEMALE,경기,중년_2인,513,7.9,8.2,7.9,6.7,3.2,7.8,2.3,2.1,6.4,8,27.6,27.7,6.9,13.9
cuckoo,60,FEMALE,경기,중년_1인,343,8.2,8.3,8.2,6.6,3.7,7.6,5.6,2.5,5.3,8,28.9,29,7.4,14.3
cuckoo,60,FEMALE,경남,키즈맘_초등생,37,5,8.1,5,7,2.7,8,0,2,8.3,,20.7,20.2,5.5,10.4
cuckoo,60,FEMALE,경남,키즈맘_중학생,22,7.5,8.5,7.5,6.6,2.1,8,,2.8,7.8,,16.4,16.8,3.8,8.5
cuckoo,60,FEMALE,경남,키즈맘_미취학,23,10,8.2,10,7.1,3,8,0,4.7,,,30.3,30.1,7.7,14.7
cuckoo,60,FEMALE,경남,,1142,8.1,8.3,8.1,6.7,2.6,8.5,6.7,2.8,5.7,8.1,23.2,21.8,6.2,11
cuckoo,60,FEMALE,경남,중년_2인,93,8.2,8.2,8.2,6.5,3,8,8,2.7,6.9,8.2,28.5,28.5,7.2,14.1
cuckoo,60,FEMALE,경남,중년_1인,73,7.3,8.2,7.3,6.1,3.5,8,5.3,2.9,4,8.5,28.7,28.6,7.3,14.6
cuckoo,60,FEMALE,경남,시니어,181,6.8,8.3,6.8,6.2,1.8,7,3.1,2.1,6,,14,14.5,3.5,7.2
cuckoo,60,FEMALE,경남,중년_자녀동거,200,7.9,8.1,7.9,6.4,2.7,8,5.9,2,6.9,8.1,22.9,22.6,5.8,11.2
cuckoo,60,FEMALE,경북,키즈맘_초등생,33,6.7,8.5,6.7,6.1,3,6,,2.7,8.8,8.3,22.5,22.3,5.7,10.8
cuckoo,60,FEMALE,경북,중년_자녀동거,115,7,8.1,7,6.7,2.6,6.9,,2.2,6.1,,23.4,23.7,5.7,12
cuckoo,60,FEMALE,경북,시니어,149,8.3,8.1,8.3,6.7,2.3,8,2.7,2.3,6.1,8.1,13.8,14,3.3,7
cuckoo,60,FEMALE,경북,중년_1인,44,5.7,8.1,5.7,6.4,4.3,8.7,8,2.7,,8.2,28.4,28.6,6.9,14.5
cuckoo,60,FEMALE,경북,키즈맘_미취학,23,10,8.2,10,7.4,2.1,8,8,2.6,2.5,,27.1,27.1,7,13.1
cuckoo,60,FEMALE,경북,키즈맘_중학생,17,5,8.1,5,8.1,2.3,8,0,1,,,18.3,19.1,4.5,9.5
cuckoo,60,FEMALE,경북,중년_2인,69,8.1,8.1,8.1,7.9,4.1,8,8,2.7,6.1,8,25.9,26.8,6.4,13.3
cuckoo,60,FEMALE,경북,,838,4.9,8.4,4.9,6.7,2.5,8,0,1.5,5.3,8.2,24.4,23.3,6.7,11.4
cuckoo,60,FEMALE,광주,,569,2.9,8.1,2.9,7.7,2.6,5.9,,2,6.7,,23.5,22.2,6.5,10.7
cuckoo,60,FEMALE,광주,키즈맘_중학생,11,,8.1,,8.4,3.4,8,,3.5,3.5,9.1,15.4,15.5,4,7.6
cuckoo,60,FEMALE,광주,중년_2인,44,3.3,8.2,3.3,6.1,2.9,6,,3,7.8,8.1,26.9,27.8,6.6,13.7
cuckoo,60,FEMALE,광주,중년_1인,29,7.5,8.4,7.5,6.6,4.5,5.3,,2.6,6.2,,29.6,30.1,7.6,14.6
cuckoo,60,FEMALE,광주,키즈맘_초등생,17,10,8.3,10,6.6,4.8,8,1.8,4,9.1,,21.1,20.2,5.4,10.5
cuckoo,60,FEMALE,광주,시니어,70,8.6,8.2,8.6,7.1,2.8,6.8,8,2.2,4.4,8.1,11.6,11.4,3,5.9
cuckoo,60,FEMALE,광주,키즈맘_미취학,21,4.7,8.2,4.7,7,3.4,8,,3.3,6.1,,22,21,5.2,10.8
cuckoo,60,FEMALE,광주,중년_자녀동거,100,6.3,8.3,6.3,6.8,2.9,8,0,2.9,5.2,8.1,23.2,23,6,11
cuckoo,60,FEMALE,대구,중년_1인,39,8.7,8.1,8.7,6.8,2.9,8,8.1,3,4.1,8,28.4,28.8,7.1,14.5
cuckoo,60,FEMALE,대구,키즈맘_초등생,17,6,8.1,6,7.3,2,,,2.1,7.9,,23.1,22.7,6.1,11.6
cuckoo,60,FEMALE,대구,,814,7,8.2,7,6.9,2.1,8,3.3,2.2,8.5,8.5,24.2,22.9,6.6,11.2
cuckoo,60,FEMALE,대구,키즈맘_중학생,4,,8.3,,7.7,3.8,,,0.3,,,18.3,18.1,4.1,9.7
cuckoo,60,FEMALE,대구,시니어,126,5.6,8.1,5.6,7,2,8,2.1,2,4.2,8.1,12.2,12.5,3.1,6.1
cuckoo,60,FEMALE,대구,키즈맘_미취학,22,6.7,8.4,6.7,7.7,4.1,6.7,0,3,7.9,,25.6,25.9,6.7,13.6
cuckoo,60,FEMALE,대구,2인가구,1,,,,,0.5,,,1.1,,,19.2,16.5,7.1,7.8
cuckoo,60,FEMALE,대구,중년_2인,62,5.4,8.3,5.4,7.1,3.3,8,2.8,2.7,5.8,,28.4,28.6,7.1,14.2
cuckoo,60,FEMALE,대구,중년_자녀동거,154,6.1,8.1,6.1,7.2,3,8,8,2.1,6.4,8.5,22.4,22.1,5.8,11
cuckoo,60,FEMALE,대전,중년_자녀동거,164,7.5,8.2,7.5,7.2,3.3,7.3,3.8,2.5,6.9,8.2,23,22.7,5.8,11.5
cuckoo,60,FEMALE,대전,키즈맘_초등생,17,10,8.7,10,7.6,2.9,,4,3.6,9.5,,18.6,18.7,4.6,8.8
cuckoo,60,FEMALE,대전,키즈맘_중학생,13,9.5,8.1,9.5,7.9,2.7,8,,3.5,4.1,,13.2,13.4,3.2,7.1
cuckoo,60,FEMALE,대전,키즈맘_미취학,34,8.6,8.1,8.6,7.4,4.8,8,,4.4,6.5,8.8,25.4,24.3,6.6,12.2
cuckoo,60,FEMALE,대전,중년_2인,84,8.1,8.2,8.1,6.4,3.2,8,6.4,2.4,4.9,,28.6,28,7.5,14
cuckoo,60,FEMALE,대전,시니어,158,7.6,8.2,7.6,6.7,2.5,7.6,4.8,2.6,5.6,8.1,13.5,13.5,3.3,6.6
cuckoo,60,FEMALE,대전,,911,7.5,8.2,7.5,7,2.4,8,5.4,1.9,4.7,,24.9,23.9,6.6,11.8
cuckoo,60,FEMALE,대전,중년_1인,39,5.5,8.2,5.5,8.3,5,8,0,3.5,6.6,8.8,27.8,27.8,7.1,14.2
cuckoo,60,FEMALE,부산,,1882,7.8,8.3,7.8,6.5,3.3,8,4.3,2.7,5.9,8.3,22.7,21.3,6.2,10.4
cuckoo,60,FEMALE,부산,중년_2인,128,8.9,8.2,8.9,6.6,3.2,7.4,8.1,2.6,6.9,,28.2,28,7.1,14.1
cuckoo,60,FEMALE,부산,키즈맘_초등생,51,10,8.2,10,6.5,2.5,8.4,8,2.5,6,,21.7,21.5,5.5,10.5
cuckoo,60,FEMALE,부산,키즈맘_중학생,32,4,8.5,4,7.1,1.9,8,,1.9,5.5,,19.1,18.5,4.9,8.9
cuckoo,60,FEMALE,부산,중년_1인,65,5,8.1,5,7,3.2,8,5.3,2.1,5,8.1,27.3,27.5,6.9,13.8
cuckoo,60,FEMALE,부산,키즈맘_미취학,53,5.7,8.2,5.7,6.3,3,,8,3.4,7.3,,26.4,26.3,6.9,13.2
cuckoo,60,FEMALE,부산,시니어,346,7.7,8.2,7.7,6.8,2.8,7.4,4.9,2,5.4,8.4,12.2,12.2,3,6.1
cuckoo,60,FEMALE,부산,중년_자녀동거,364,7.5,8.2,7.5,6.7,3.2,8,3.6,2.6,6.1,8.2,24,23.8,6.1,11.7
cuckoo,60,FEMALE,서울,2인가구,1,,,,7.6,,,,,,,38.7,38.2,9.6,17.9
cuckoo,60,FEMALE,서울,키즈맘_중학생,48,8.8,8.3,8.8,5.9,2.5,8,0.1,2.3,8.4,,15.7,16.2,4,7.8
cuckoo,60,FEMALE,서울,,4766,7.8,8.2,7.8,6.8,3.3,8,4.2,2.3,5.7,8.2,19.5,18.4,5.3,9.1
cuckoo,60,FEMALE,서울,중년_1인,207,7.9,8.2,7.9,7,4.2,7.6,5.1,2.6,5.7,8.2,27.5,27.3,7,13.6
cuckoo,60,FEMALE,서울,키즈맘_초등생,52,6.4,8.3,6.4,7.6,4.3,8,0,2.1,8.1,,14.9,14.5,3.8,7.2
cuckoo,60,FEMALE,서울,중년_2인,322,7.5,8.2,7.5,6.9,4.1,7.4,2.5,3.1,5.9,8.1,28.2,28.3,7.2,14
cuckoo,60,FEMALE,서울,키즈맘_미취학,153,7.5,8.2,7.5,6.7,4.1,8,0.6,2.5,6.1,8.1,23.4,23.4,6,11.5
cuckoo,60,FEMALE,서울,시니어,738,6.9,8.2,6.9,7,2.7,7.6,4.8,2.1,5.7,8.1,12.5,12.5,3.1,6.3
cuckoo,60,FEMALE,서울,중년_자녀동거,872,6.6,8.3,6.6,6.9,3.4,7.5,4.6,2.4,6.5,8.2,23.6,23.6,5.9,11.7
cuckoo,60,FEMALE,세종,중년_1인,5,3.7,8.1,3.7,7.7,2.6,,,3.7,,,37.4,38.5,9.5,17.8
cuckoo,60,FEMALE,세종,중년_2인,9,7.5,8.2,7.5,7.5,2.6,8.5,,1.9,,8.1,32.4,32.3,8.2,16.6
cuckoo,60,FEMALE,세종,시니어,15,10,8.1,10,4.8,2.6,8,,0.8,,,14.1,13.9,3.4,7.3
cuckoo,60,FEMALE,세종,키즈맘_중학생,1,10,8.1,10,4,0.7,,,2.1,,,25.9,27.4,6,13.9
cuckoo,60,FEMALE,세종,중년_자녀동거,16,0,8.2,0,7.9,2.5,8.1,8,4.2,0.2,,24,24.4,6.2,12
cuckoo,60,FEMALE,세종,,107,9.4,8.1,9.4,5.8,5,8,,2.8,,,24.3,20.1,7.5,10.3
cuckoo,60,FEMALE,세종,키즈맘_초등생,1,,,,9.8,1.7,10,,1.8,,,0.3,0.3,0.1,0.1
cuckoo,60,FEMALE,울산,중년_1인,28,7.1,8.1,7.1,6.6,3.8,8.5,,1.2,5.2,,32,31.2,8.1,15.5
cuckoo,60,FEMALE,울산,키즈맘_미취학,14,5,8.1,5,7,3.6,9,,3.1,8.4,8.3,18.6,17,5.7,8.8
cuckoo,60,FEMALE,울산,키즈맘_초등생,11,10,8.2,10,7.2,3.7,8,,3.2,9.9,8.4,14.2,14,3.6,6.8
cuckoo,60,FEMALE,울산,시니어,79,7.3,8.2,7.3,6.5,2.4,8.5,4,2.2,5.7,,11.6,11.9,3,5.6
cuckoo,60,FEMALE,울산,중년_자녀동거,94,8,8.2,8,6.7,3.4,7.6,8,2.6,5.9,,22.3,22,5.7,11.1
cuckoo,60,FEMALE,울산,,501,7.3,8.1,7.3,6.9,2.8,8.5,4.3,2,5.3,,25,24.1,6.8,11.8
cuckoo,60,FEMALE,울산,키즈맘_중학생,10,,8.1,,5.6,3.6,8,0,1,8.1,,15.9,17.1,3.5,8.7
cuckoo,60,FEMALE,울산,중년_2인,49,6.3,8.4,6.3,7.2,3.2,8,8.9,2.4,5.4,8,25.5,25.5,6.5,12.7
cuckoo,60,FEMALE,인천,시니어,302,8,8.3,8,7.1,2.6,8,5.1,2.2,5.7,8.1,12.1,12.2,3.1,6.1
cuckoo,60,FEMALE,인천,중년_2인,177,7.7,8.1,7.7,7.1,3.3,8.2,3.2,2.5,4.6,8.3,29,29.2,7.3,14.4
cuckoo,60,FEMALE,인천,키즈맘_미취학,79,6.3,8.1,6.3,6.8,3.4,7.1,1.9,2.9,5.8,8.1,25.4,25.1,6.5,12.5
cuckoo,60,FEMALE,인천,중년_자녀동거,419,7.7,8.2,7.7,6.6,3.2,7.9,3.6,2.3,5.1,8,24,23.9,6.1,11.9
cuckoo,60,FEMALE,인천,키즈맘_중학생,23,10,8.2,10,5.9,2.1,6.4,0,1.9,8,,14.2,13.8,3.7,7
cuckoo,60,FEMALE,인천,,2163,7.8,8.3,7.8,6.5,3.2,8.1,3.7,3,6.9,8.1,23.5,21.7,6.4,10.7
cuckoo,60,FEMALE,인천,키즈맘_초등생,42,3.6,8.2,3.6,6.4,2.8,8,,2.5,7.9,,24.1,24.1,6,12
cuckoo,60,FEMALE,인천,중년_1인,80,7.5,8.1,7.5,6.2,3.4,8,2.5,2,5.7,8.1,27.8,28.3,6.9,14.1
cuckoo,60,FEMALE,전남,키즈맘_중학생,12,,8.1,,7.8,1.3,8,,1.1,,,10,10.9,2.3,5.6
cuckoo,60,FEMALE,전남,중년_2인,51,8.2,8.2,8.2,6.5,3.6,8,4,3.1,2.9,,27.9,27.2,7.1,14.2
cuckoo,60,FEMALE,전남,중년_1인,28,6,8.4,6,7,2.7,0,8,2,2,,25,24.7,6.3,12.6
cuckoo,60,FEMALE,전남,중년_자녀동거,86,6.1,8.3,6.1,6.8,2.6,8.3,8.4,2.3,4.5,8.1,23.5,23.4,5.8,11.8
cuckoo,60,FEMALE,전남,시니어,82,7.1,8.1,7.1,6.4,2.5,7,8,2.5,1.9,8.1,14.3,14.3,3.4,7.1
cuckoo,60,FEMALE,전남,키즈맘_미취학,13,10,,10,7.2,4.3,8,,4.3,6.5,,27.4,26.9,6.8,13.5
cuckoo,60,FEMALE,전남,키즈맘_초등생,6,,8.1,,6.8,1.7,8,,1.4,2.7,,24,23.5,6,11.8
cuckoo,60,FEMALE,전남,,477,6.7,8.2,6.7,6.3,4.7,8,0,4.6,5.5,,27.6,26.4,7.3,12.8
cuckoo,60,FEMALE,전북,중년_2인,60,6.7,8.2,6.7,7.1,2.9,8.6,8,2,6.6,,27.3,26.8,7,13.4
cuckoo,60,FEMALE,전북,키즈맘_미취학,19,10,8.3,10,7.2,4.4,8,,3,4,,23.7,23.2,5.9,12
cuckoo,60,FEMALE,전북,중년_1인,26,5,8.2,5,6.6,2.7,9,,3.3,10,,26.2,27.3,6.4,13.8
cuckoo,60,FEMALE,전북,키즈맘_중학생,17,0,8.3,0,5.4,1.6,,8,2.4,7.8,,15,14.9,3.7,7.6
cuckoo,60,FEMALE,전북,키즈맘_초등생,20,3.3,8.3,3.3,7.6,1.5,8,,0.6,7.9,,19.9,19.3,5.1,10
cuckoo,60,FEMALE,전북,시니어,143,6.4,8.3,6.4,7.1,2.3,8.4,2.7,2.5,7.6,8.1,12.1,11.8,3.1,5.9
cuckoo,60,FEMALE,전북,,804,6.4,8.5,6.4,6.5,2.5,7,6.7,2.3,5.1,,25.3,23.1,7,11.5
cuckoo,60,FEMALE,전북,중년_자녀동거,144,7.2,8.1,7.2,6.3,2.3,8,4,2.5,5.1,,22.6,22.6,5.6,11.2
cuckoo,60,FEMALE,제주,중년_2인,14,10,8.2,10,8.9,1.5,8,4,1.2,,,24.7,23,7,12
cuckoo,60,FEMALE,제주,키즈맘_미취학,12,7.4,8.1,7.4,6.1,2,8.5,,2,2.8,,26.7,27.7,6.7,14.4
cuckoo,60,FEMALE,제주,,205,10,8.2,10,8.3,3.3,8,8,1.4,,,26.4,23.3,7.7,12
cuckoo,60,FEMALE,제주,중년_자녀동거,47,9.2,8.3,9.2,6.7,2.7,6.9,2.7,1.6,2.5,8,24.5,24.3,6.3,12
cuckoo,60,FEMALE,제주,시니어,30,3.6,8.2,3.6,6.7,2.6,8,4,2,7.8,,9,8.5,2.3,4.6
cuckoo,60,FEMALE,제주,중년_1인,8,6.7,8.4,6.7,6.8,3.2,4,,3.9,6.3,8,29.5,30.7,7.3,15.9
cuckoo,60,FEMALE,제주,키즈맘_초등생,6,,8.3,,7.2,0.8,5.3,,0.9,,,20.9,21.8,4.6,11.1
cuckoo,60,FEMALE,제주,키즈맘_중학생,4,5,8.1,5,6.7,1,8,,1.3,,,15.9,15.2,3.5,7.9
cuckoo,60,FEMALE,충남,키즈맘_초등생,22,10,8.2,10,5.4,4.2,8,,2.8,,,24.5,24.4,6.2,12.1
cuckoo,60,FEMALE,충남,키즈맘_미취학,17,6.7,8.7,6.7,7.7,3.1,8,0,2.6,5.4,,25.7,23.6,7,12
cuckoo,60,FEMALE,충남,키즈맘_중학생,14,5,8.2,5,6.2,3.1,,,4,3.2,,14.6,14.7,3.5,7.7
cuckoo,60,FEMALE,충남,,922,8.8,8.2,8.8,5.9,2.8,8,2.8,2.1,7.8,8.1,23.3,21.9,6.4,11.1
cuckoo,60,FEMALE,충남,중년_자녀동거,129,5.9,8.2,5.9,6.6,2.9,7.8,1.6,2.6,5.5,8,23.6,22.9,5.9,11.7
cuckoo,60,FEMALE,충남,시니어,162,7.7,8.3,7.7,7.2,2.6,6.7,1,2.6,4.5,8,13,12.9,3.3,6.5
cuckoo,60,FEMALE,충남,중년_2인,70,6.7,8.1,6.7,6.5,3.2,8,4,2.5,7,,28.4,27.5,7.1,14.1
cuckoo,60,FEMALE,충남,중년_1인,74,9,8.1,9,7.2,3.7,7,8.3,2.7,7.2,,29.8,30,7.4,15.2
cuckoo,60,FEMALE,충북,중년_자녀동거,109,8.6,8.3,8.6,7.2,3,6.6,0,2.8,7.5,8.2,25.5,25.4,6.5,12.6
cuckoo,60,FEMALE,충북,중년_1인,25,10,8.2,10,6.5,4.2,8,,3.7,5.4,,30.5,30.3,7.8,15.2
cuckoo,60,FEMALE,충북,,690,5,8.3,5,6.9,2.9,8,4.3,1.8,3.5,8.1,19.6,18.7,5.3,9.4
cuckoo,60,FEMALE,충북,키즈맘_중학생,13,3.1,8.2,3.1,7.7,2.2,8,,2.6,6.9,,17.6,17.1,4.3,8.4
cuckoo,60,FEMALE,충북,키즈맘_미취학,18,10,8.1,10,8.1,3.4,8,5.4,2.2,,,32.2,31.9,8.1,15.7
cuckoo,60,FEMALE,충북,중년_2인,50,8.8,8.1,8.8,7.2,2.9,8.7,8.5,2.3,9.8,,24.4,25.2,6,13.2
cuckoo,60,FEMALE,충북,키즈맘_초등생,18,5,8.1,5,6.6,3.7,8,4.1,2.6,3.7,,18,17.7,4.5,9.2
cuckoo,60,FEMALE,충북,시니어,128,7.3,8.2,7.3,7.1,2.3,8,4.4,2.4,7.2,8,17.7,17.6,4.5,8.7
cuckoo,60,MALE,,중년_2인,685,6.9,8.1,6.9,7.3,3.3,5.8,3.5,1.7,6.8,8.2,24.4,27,5.6,12.5
cuckoo,60,MALE,,중년_1인,311,7.5,8.2,7.5,7.2,3.4,5.4,2.4,1.7,5.4,8.1,28.4,31.2,6.7,14.6
cuckoo,60,MALE,,키즈맘_초등생,78,8.6,8.1,8.6,7.2,1.9,6.5,4.7,1.3,6.3,,19.8,21.3,4.7,10
cuckoo,60,MALE,,키즈맘_중학생,52,8.9,8.2,8.9,7,1.9,3.2,0,1.9,4,8.2,20.9,23.6,4.7,10.7
cuckoo,60,MALE,,,7038,8,8.2,8,7.2,3,6.1,2.4,1.7,5.4,8.2,22.2,22.9,5.5,10.6
cuckoo,60,MALE,,키즈맘_미취학,158,6,8.2,6,7.4,3.5,5.5,4,2,5.9,8.1,22.3,24.4,5.1,11.1
cuckoo,60,MALE,,2인가구,1,,8.4,,7.4,,,,,,,35.8,37.3,9.3,17.1
cuckoo,60,MALE,,중년_자녀동거,1063,7.7,8.2,7.7,7.3,3,5.6,3.5,1.7,6,8.2,23.2,25.7,5.3,11.8
cuckoo,60,MALE,,시니어,986,6.8,8.2,6.8,7.2,2.6,6,3.6,1.6,5.8,8.2,10.9,12.3,2.4,5.8
cuckoo,60,MALE,강원,키즈맘_초등생,6,,,,4.5,0.7,3.2,,1.2,,,25.7,27.8,5.3,13.3
cuckoo,60,MALE,강원,,403,9.2,8.3,9.2,7.5,2.5,6.4,8,1.6,5.7,,23.5,24.6,5.6,11.3
cuckoo,60,MALE,강원,키즈맘_중학생,8,10,8.1,10,5.9,2.9,6.4,,4.1,,8.2,13.5,14.8,2.8,6.9
cuckoo,60,MALE,강원,중년_2인,55,10,8.2,10,7.6,2.6,6.4,0.2,1.5,7.7,,22.9,25,4.7,12
cuckoo,60,MALE,강원,시니어,61,7.5,8.2,7.5,7.1,3,6.4,4,2,6.8,8.2,10.7,11.6,2.4,5.4
cuckoo,60,MALE,강원,중년_자녀동거,72,7.5,8.3,7.5,7.5,2.6,6.8,2.2,1.8,5.2,8.2,23.2,25.6,5.3,11.5
cuckoo,60,MALE,강원,중년_1인,22,10,8.4,10,7.9,2.9,6.4,,2.3,5,,25.4,29.6,5.5,13.4
cuckoo,60,MALE,강원,키즈맘_미취학,9,10,8.4,10,8.4,0.8,6.4,0,0.8,,,7.7,10,1.3,4.6
cuckoo,60,MALE,경기,키즈맘_중학생,55,5.7,8.2,5.7,6.9,3.2,7.2,0,2,6.7,,16.9,19.9,3.6,9
cuckoo,60,MALE,경기,시니어,688,6.9,8.2,6.9,7.3,2.6,5.6,3.9,1.4,6.3,8.2,12.8,13.9,3,6.5
cuckoo,60,MALE,경기,중년_자녀동거,940,7.4,8.2,7.4,7.4,3.2,6.2,3.8,1.6,5.7,8.2,23.9,26.3,5.5,12.1
cuckoo,60,MALE,경기,키즈맘_초등생,64,6.6,8.1,6.6,6.6,2.6,6.5,,1.7,6.8,,21.3,21.8,5,10.4
cuckoo,60,MALE,경기,,5469,6.9,8.2,6.9,7.1,3.4,5.6,3.3,1.7,5.3,8.2,22.4,23,5.7,10.5
cuckoo,60,MALE,경기,키즈맘_미취학,146,9.3,8.2,9.3,7.1,3.4,5.9,4,2,7.1,8.1,23.8,25.9,5.5,11.8
cuckoo,60,MALE,경기,2인가구,1,1.6,8.3,1.6,9.8,2.2,,,,,,33,36.1,7.6,16.6
cuckoo,60,MALE,경기,중년_1인,320,7.5,8.3,7.5,6.9,3.4,6.1,2.8,1.5,5.9,8.8,28,30.5,6.4,14.1
cuckoo,60,MALE,경기,중년_2인,571,7.7,8.2,7.7,7.3,3.4,5.9,2.4,1.7,6.3,8.2,25,27.4,5.7,12.6
cuckoo,60,MALE,경남,키즈맘_초등생,12,7.5,8.2,7.5,7.1,2.2,0.8,,0.8,8.1,,18.2,19.9,5,8.7
cuckoo,60,MALE,경남,중년_자녀동거,158,7.4,8.2,7.4,7.1,3.1,6.5,6.5,2.2,5.8,8.1,23.7,26.7,5.3,12
cuckoo,60,MALE,경남,키즈맘_중학생,10,10,8.2,10,6.3,3,,,1.8,,,13,16.9,2.3,7.5
cuckoo,60,MALE,경남,,889,8,8.3,8,7.1,2.8,6.1,2.7,1.4,5.5,,24.4,25.5,6.1,11.8
cuckoo,60,MALE,경남,시니어,116,7.2,8.2,7.2,7,2.2,7.4,0,2,6.1,,12.2,13,2.8,6.2
cuckoo,60,MALE,경남,중년_2인,101,8.5,8.1,8.5,7.9,3,6.4,4.6,2,4.2,8.2,27.3,29.8,6.1,13.9
cuckoo,60,MALE,경남,2인가구,1,,,,,0.6,,,0.6,,,34.5,35.5,9.2,16.8
cuckoo,60,MALE,경남,키즈맘_미취학,27,10,8.2,10,7.9,2.1,4.3,4,1.3,4.1,,23.3,27,5.3,11.4
cuckoo,60,MALE,경남,중년_1인,42,4,8.5,4,7.7,2.5,6.4,8,1.5,0.3,8.2,27.7,31,6.1,14.6
cuckoo,60,MALE,경북,키즈맘_미취학,12,10,8.1,10,6.9,2,6.4,,1.4,,,25.6,26.1,6.6,12.2
cuckoo,60,MALE,경북,시니어,115,7,8.2,7,6.4,1.9,4.9,5.6,1.5,7.2,,12.7,14.3,2.8,6.8
cuckoo,60,MALE,경북,중년_자녀동거,99,8.4,8.2,8.4,6.6,2.3,5.6,2.7,1.8,5.2,8.8,22.2,24.6,4.8,11.4
cuckoo,60,MALE,경북,중년_1인,40,7.5,8.1,7.5,7.5,3,6.4,,1.5,7.8,,29.2,31.8,6.6,14.7
cuckoo,60,MALE,경북,중년_2인,70,6.9,8.2,6.9,7,2,4.9,5.4,1.2,2.8,,25.8,28.3,5.9,13.3
cuckoo,60,MALE,경북,키즈맘_중학생,6,0,8.2,0,8.1,3.3,0,,1.5,9.9,,11.4,16.7,1.2,7.5
cuckoo,60,MALE,경북,2인가구,1,10,,10,7.7,1.3,,,,,,29.6,32.7,8.2,13.8
cuckoo,60,MALE,경북,키즈맘_초등생,7,5,8.3,5,7.9,1.9,,,2.3,,,21,20.8,5.3,10.5
cuckoo,60,MALE,경북,,647,6.4,8.1,6.4,7.4,2.2,4.3,0,1.3,3.6,8.1,26.4,27,6.8,12.3
cuckoo,60,MALE,광주,키즈맘_미취학,11,3.4,8.3,3.4,7.1,2.9,6.4,0.1,0.5,8.3,,20.8,22.3,5.3,10.4
cuckoo,60,MALE,광주,,412,5,8.2,5,7,3.5,6.4,8,1,5.1,,25,25,6.2,11.6
cuckoo,60,MALE,광주,중년_1인,13,6.7,8.2,6.7,6.6,2.6,6.4,,0.4,3.4,,24,28.7,5.2,13.4
cuckoo,60,MALE,광주,중년_자녀동거,84,8.2,8.2,8.2,7.7,2.1,6.4,9.4,1.4,7.1,,22.7,25.2,5.3,11.6
cuckoo,60,MALE,광주,키즈맘_중학생,4,10,8.2,10,4.7,8.8,6.4,,3.6,,,28.2,34.3,5.8,15.2
cuckoo,60,MALE,광주,키즈맘_초등생,7,0.6,9.2,0.6,9.1,1.4,,,1.5,,,12.6,17,2,6.8
cuckoo,60,MALE,광주,중년_2인,45,7.1,8.1,7.1,7.5,2.5,6.4,0.1,1.2,8.9,,26.6,29.3,6.3,13.9
cuckoo,60,MALE,광주,시니어,55,7.8,8.2,7.8,6.7,2.3,7.6,4,2,5.7,,9.8,10.6,2.3,5
cuckoo,60,MALE,대구,키즈맘_중학생,1,,8,,,,,,,,,17.6,28.6,0.4,16.6
cuckoo,60,MALE,대구,키즈맘_초등생,6,,8.2,,6.3,1.3,6.4,,4.3,8,,15.8,20.2,4.4,8.7
cuckoo,60,MALE,대구,중년_1인,19,5,8.5,5,6.8,4.4,,0,2.5,5.1,,29.2,31,6.9,14.7
cuckoo,60,MALE,대구,중년_2인,60,7.3,8.3,7.3,7.6,3.2,4.6,,2,4.6,8.2,25,27.4,5.7,12.7
cuckoo,60,MALE,대구,키즈맘_미취학,18,0,8.1,0,6.7,3.7,,0,2.5,0.2,8.5,27.7,30.4,6.3,13.8
cuckoo,60,MALE,대구,중년_자녀동거,77,6.7,8.2,6.7,6.9,1.8,5.3,8.6,1.5,7.3,,23.5,25.5,5.4,11.7
cuckoo,60,MALE,대구,시니어,83,6.9,8.2,6.9,7.3,1.9,3.5,4.8,1.8,7,,11.7,12.6,2.7,5.9
cuckoo,60,MALE,대구,,547,7.1,8.2,7.1,6.3,3.3,5.1,0,1.8,3.2,8.1,23.6,24.6,5.9,11.1
cuckoo,60,MALE,대전,중년_1인,45,8.8,8.2,8.8,7.3,1.9,6.4,5.3,1.8,6.3,,29.6,31.9,6.7,14.9
cuckoo,60,MALE,대전,시니어,87,8.1,8.1,8.1,7.4,2.8,3.8,0,2.2,7.1,,13.4,15.8,2.7,7.4
cuckoo,60,MALE,대전,키즈맘_미취학,13,,8.2,,7.1,2.1,6.4,0,0.9,7.8,,21.6,25,4.3,11.7
cuckoo,60,MALE,대전,중년_2인,71,6.7,8.3,6.7,7.1,2.7,6.6,1.7,1.7,4.7,,25.1,27.3,5.8,13
cuckoo,60,MALE,대전,중년_자녀동거,125,7.4,8.2,7.4,7.2,3.3,6.4,2,1.8,6.5,,24.5,27,5.6,12.2
cuckoo,60,MALE,대전,,643,6,8.2,6,7.4,3.1,5.5,2.7,1.4,5.4,,25,25.7,6.3,11.8
cuckoo,60,MALE,대전,키즈맘_중학생,10,3.3,8.1,3.3,8.2,2.4,6.4,8,2,0.4,,24.1,26,5.5,11.8
cuckoo,60,MALE,대전,키즈맘_초등생,13,5,8.2,5,6.7,1,6.4,,0.5,,,18.7,22.2,4.4,9.5
cuckoo,60,MALE,부산,중년_자녀동거,228,8.4,8.2,8.4,7.1,2.9,5.5,5.5,1.5,6.9,8.2,23.3,25.3,5.5,11.8
cuckoo,60,MALE,부산,키즈맘_초등생,13,10,8.1,10,8.3,0.9,,,1.2,,,21.9,24.9,4.6,11.3
cuckoo,60,MALE,부산,키즈맘_미취학,44,8.4,8.2,8.4,7.7,2.4,6.4,0,1.8,7.8,8.1,19.9,22.2,4.3,9.8
cuckoo,60,MALE,부산,,1119,4.8,8.2,4.8,7.6,2.9,6.1,1.1,1.9,6.6,8.3,28.9,29.4,7.3,13.6
cuckoo,60,MALE,부산,시니어,139,8.3,8.2,8.3,7.2,2.2,5,3.2,1.6,6.2,,10.8,11.8,2.5,5.5
cuckoo,60,MALE,부산,중년_2인,121,6.7,8.3,6.7,6.9,3.1,6.8,8.6,1.5,5.8,8.2,23.6,26.6,5.3,12
cuckoo,60,MALE,부산,키즈맘_중학생,11,10,8,10,6.1,2.3,,,0.9,5,,20.3,24.2,4.1,10.8
cuckoo,60,MALE,부산,2인가구,1,,9.2,,9.8,6.4,,0,0.6,,,38.5,37.6,9.3,18.4
cuckoo,60,MALE,부산,중년_1인,59,6.7,8.4,6.7,7.5,2.9,8.2,0,1.7,5,8.2,30.6,33.3,7.2,15.6
cuckoo,60,MALE,서울,중년_1인,142,7.9,8.2,7.9,7.5,3.5,6.8,2.3,1.8,6.4,8.1,28.4,31.1,6.6,14.3
cuckoo,60,MALE,서울,중년_자녀동거,584,8.2,8.2,8.2,7.1,3.4,6.2,2.2,1.8,6.2,8.2,23.3,25.6,5.3,12
cuckoo,60,MALE,서울,키즈맘_미취학,87,6.7,8.2,6.7,7.7,4,7.7,4.2,2.2,6.7,,24.3,26.4,5.8,12
cuckoo,60,MALE,서울,시니어,432,6.7,8.2,6.7,7.3,3,6.4,4.5,2.2,5.5,8.1,12.8,13.9,2.9,6.6
cuckoo,60,MALE,서울,,3274,7.3,8.2,7.3,7.1,3.3,6.5,4.6,1.9,5,8.2,21,21.9,5.2,10
cuckoo,60,MALE,서울,키즈맘_중학생,30,8.4,8.2,8.4,7.6,3.8,7.7,8,2.4,0.2,,20.6,22.9,5.2,9.9
cuckoo,60,MALE,서울,중년_2인,305,7.4,8.2,7.4,7.3,3.8,6,2,1.9,5.1,8.2,24.2,26.6,5.5,12.4
cuckoo,60,MALE,서울,2인가구,2,,,,8.6,1.1,8.2,0,0.6,4.6,8.6,30.2,35,6.7,15
cuckoo,60,MALE,서울,키즈맘_초등생,27,6,8.2,6,7,3.9,4.8,0,1,7.9,,16.3,18.2,3.6,8.5
cuckoo,60,MALE,세종,중년_1인,10,10,8.1,10,7.5,3.3,6.4,,2.3,7.8,,34.7,35,8.9,16.7
cuckoo,60,MALE,세종,시니어,10,,8.1,,7.1,1.1,6.4,,1,9.8,,9,10.5,1.7,5.3
cuckoo,60,MALE,세종,중년_2인,10,5,8.1,5,7.3,5.5,6.4,,0.8,,,30.5,32.1,6.8,15.4
cuckoo,60,MALE,세종,키즈맘_미취학,1,10,,10,9.9,9.3,,,0.1,,,38.8,38.8,9.7,17.8
cuckoo,60,MALE,세종,,84,10,8,10,6.9,1.8,7.2,,1.7,,,24.2,23.5,6.3,10.7
cuckoo,60,MALE,세종,중년_자녀동거,12,,8,,6.8,2,,,1.9,0.3,,23.5,26.9,4.6,12.5
cuckoo,60,MALE,울산,시니어,57,10,8.1,10,7.1,1.9,6.8,0,1.5,5.9,8.2,12.1,13.3,2.7,6.4
cuckoo,60,MALE,울산,키즈맘_미취학,18,6.7,8.5,6.7,7.7,2.2,6.4,0,1.7,0.2,,22.1,24.4,5.1,10.7
cuckoo,60,MALE,울산,키즈맘_중학생,5,10,8.2,10,7.1,1.5,6.4,8,0.6,5.1,,22.6,22.5,5.7,11.3
cuckoo,60,MALE,울산,,474,6.3,8.1,6.3,7.3,3.6,6.5,0.4,1,,,21.9,22.9,5.5,10.5
cuckoo,60,MALE,울산,키즈맘_초등생,8,10,8.2,10,7.4,4,,,0.6,9.8,,18.7,18.6,4.6,9.1
cuckoo,60,MALE,울산,중년_2인,65,6.5,8.2,6.5,6.7,3.4,5.1,0,1.4,4.8,,27.2,29.8,6.3,13.9
cuckoo,60,MALE,울산,중년_자녀동거,77,8.3,8.2,8.3,7.1,3.2,5.5,4.1,2.2,4.6,,21.9,24.6,4.8,11.6
cuckoo,60,MALE,울산,중년_1인,15,0,8.2,0,8.4,2.5,6.4,0,1.1,,,29.6,31.3,6.7,15.1
cuckoo,60,MALE,인천,중년_1인,86,6.9,8.2,6.9,7.5,2.8,5.9,4.5,1.9,8.4,8.2,29.5,31.8,6.7,14.8
cuckoo,60,MALE,인천,중년_2인,152,4.8,8.2,4.8,7.3,3.6,6.1,1.3,1.7,5.6,,24.4,27.1,5.5,12.5
cuckoo,60,MALE,인천,키즈맘_미취학,52,7.5,8.2,7.5,7.1,2.7,6.4,,1.3,6.8,,22.4,24.7,5.1,11.6
cuckoo,60,MALE,인천,시니어,182,7.1,8.1,7.1,7.3,3,4.9,3.2,1.6,2.8,8.1,12,13.2,2.7,6
cuckoo,60,MALE,인천,중년_자녀동거,253,7.4,8.1,7.4,7.3,3,6.4,4.8,1.7,7,8.1,23.8,25.7,5.5,11.9
cuckoo,60,MALE,인천,,1515,7.7,8.2,7.7,7,3.5,6.1,6.9,1.8,5.2,8.2,21.7,22.7,5.4,10.3
cuckoo,60,MALE,인천,키즈맘_초등생,21,10,8.3,10,7.2,4.8,5.5,,2.8,1.8,,20.4,21.3,4.6,10
cuckoo,60,MALE,인천,키즈맘_중학생,21,10,8.2,10,6.6,2.4,3.2,8,1.1,6.7,,24,27,5.4,12
cuckoo,60,MALE,전남,시니어,53,7.4,8.2,7.4,6.6,1.8,0.5,9.4,1.7,6,,12,12.9,2.6,6.3
cuckoo,60,MALE,전남,키즈맘_미취학,11,,8.1,,6.6,3,6.4,,2.4,7.8,,19.9,21.9,4.8,10.4
cuckoo,60,MALE,전남,키즈맘_초등생,5,10,8.2,10,8,1.5,,8,1,,,21.9,24.3,5.8,10.1
cuckoo,60,MALE,전남,중년_2인,51,10,8.3,10,7,2.8,6.9,2.7,2,8,,26.3,29.4,5.9,14
cuckoo,60,MALE,전남,키즈맘_중학생,4,0,8.3,0,4.3,1.1,6.4,,0.5,,,20.5,22.4,4.7,10.4
cuckoo,60,MALE,전남,중년_자녀동거,75,7.5,8.3,7.5,7,1.8,6.6,3.7,1.2,4.6,8.1,23.9,26.4,5.4,12.2
cuckoo,60,MALE,전남,,412,8.2,8.2,8.2,7.1,1.9,6.4,4,2.5,6.1,8.2,22,22.7,5.4,10
cuckoo,60,MALE,전남,중년_1인,23,5,8.1,5,7.5,3.4,5.1,,1.4,7.9,,29.7,32.6,7.3,15.1
cuckoo,60,MALE,전북,키즈맘_미취학,16,5,8.2,5,6.9,2.7,,,3.1,3.2,,21.3,23.5,4.8,10.6
cuckoo,60,MALE,전북,중년_2인,69,6,8.2,6,6.9,2.7,5.2,0.4,1.9,7,,26.7,29.1,5.9,13.5
cuckoo,60,MALE,전북,시니어,79,6.8,8.1,6.8,7.1,2.5,5.3,5.3,2,8.1,,15.1,16.6,3.3,7.7
cuckoo,60,MALE,전북,2인가구,1,,,,0,8.3,,,0.4,,,28.8,32.9,7.5,15.3
cuckoo,60,MALE,전북,키즈맘_중학생,5,0,8.4,0,9.4,1.6,,,0.5,,,18.1,20.4,4,9
cuckoo,60,MALE,전북,중년_1인,33,8.6,8.2,8.6,7.3,3.4,3.9,0,1.3,0.7,,29.5,32.4,6.4,15.6
cuckoo,60,MALE,전북,,595,8,8.1,8,7,2.8,5,8,1.8,4.2,,23.9,24.6,5.9,11.5
cuckoo,60,MALE,전북,중년_자녀동거,96,5.4,8.2,5.4,7.7,3.2,7.1,0,2.4,4.2,8.1,23,25.1,5.5,11.6
cuckoo,60,MALE,전북,키즈맘_초등생,6,5,8.2,5,8.8,5.6,7.2,0,1,9.3,,20.8,22.1,4.8,10
cuckoo,60,MALE,제주,키즈맘_미취학,3,,,,8.9,2.4,,,0.3,,,27.8,32.7,5.2,13.9
cuckoo,60,MALE,제주,중년_2인,25,7.5,8.2,7.5,7.5,2.8,6.4,0,1.3,3.6,,25.9,28.3,6,13.3
cuckoo,60,MALE,제주,중년_자녀동거,23,7.5,8.2,7.5,7.5,2.4,7.7,0,1.9,6.9,,23.8,27.3,5.4,12.8
cuckoo,60,MALE,제주,키즈맘_중학생,2,,8.2,,5.6,0.4,,,0.2,7.8,,8.3,8.8,2.7,2.7
cuckoo,60,MALE,제주,중년_1인,8,10,8.5,10,6.9,2.4,,,1,,,35.1,34.9,8.6,16.7
cuckoo,60,MALE,제주,시니어,20,0,8.5,0,6.5,1,4.1,8.5,0.9,2.8,,8,10.2,1.6,4.7
cuckoo,60,MALE,제주,키즈맘_초등생,5,,,,4.9,0.8,,,0.9,,,20.5,24.6,4.6,11.4
cuckoo,60,MALE,제주,,157,2.4,8.2,2.4,8.6,1.5,6.4,,1,7.8,8.1,29.3,30.3,7.6,13.5
cuckoo,60,MALE,충남,중년_2인,72,10,8.2,10,7.4,2.7,6.4,8,1.8,6.1,,26.6,28.3,6.4,13.2
cuckoo,60,MALE,충남,키즈맘_중학생,13,5,8.1,5,7.2,2.3,6.4,,1.1,6.2,,22.2,24.1,4.7,11.7
cuckoo,60,MALE,충남,시니어,110,7.1,8.3,7.1,7.8,2.6,4.8,6,1.6,6.4,8.1,12.4,14.1,2.6,6.5
cuckoo,60,MALE,충남,키즈맘_미취학,21,8.6,8.4,8.6,6,4.4,6.9,2.7,1.8,0.3,,27,29.9,5.9,14.7
cuckoo,60,MALE,충남,키즈맘_초등생,9,10,8.3,10,6.3,2.4,6.4,,0.7,2.8,,11.3,11.9,2.3,5.6
cuckoo,60,MALE,충남,,745,8.1,8.1,8.1,7.3,2.5,6.3,0,1.6,8,,20.6,21.4,5.1,10.1
cuckoo,60,MALE,충남,중년_자녀동거,124,8.2,8.1,8.2,7.5,2.9,6.2,2.7,2.7,5.3,8.2,25.3,27.4,5.6,12.9
cuckoo,60,MALE,충남,중년_1인,42,8.7,8.3,8.7,7,3.3,5.6,8,1.4,3.5,8.1,27.9,31.8,6.3,15
cuckoo,60,MALE,충북,키즈맘_미취학,12,5,8.1,5,8.5,1.9,,,0.8,,,25.7,26.3,6,12.4
cuckoo,60,MALE,충북,시니어,93,5.3,8.2,5.3,7.4,2.4,6.9,0,1.3,5.3,,12.9,13.9,2.9,6.6
cuckoo,60,MALE,충북,키즈맘_중학생,6,5,8,5,7,2,,,0.4,,,13.3,15,2.9,7
cuckoo,60,MALE,충북,중년_자녀동거,82,7.3,8.2,7.3,7.9,2.8,5.5,0.4,1.3,6.7,,24.7,26.4,5.9,12.2
cuckoo,60,MALE,충북,키즈맘_초등생,9,10,,10,8.1,0.8,6.4,,0.6,7.9,,12.5,13.9,3.1,6.5
cuckoo,60,MALE,충북,중년_1인,42,4.3,8.3,4.3,6.8,2.7,5.4,4.7,1.5,4.1,,26.5,29.6,5.7,14
cuckoo,60,MALE,충북,,531,7,8.2,7,7.4,2.2,6.7,5.1,1.5,2.8,,24,25,5.7,11.7
cuckoo,60,MALE,충북,중년_2인,58,6.9,8.1,6.9,7.7,2.4,6,8,1.6,8.9,,21.1,23.9,4.3,11.2
cuckoo,70,FEMALE,,키즈맘_미취학,44,10,9.1,10,7.1,1.4,8,5.8,2.6,1.8,,0,0,0,0
cuckoo,70,FEMALE,,중년_자녀동거,630,7,9,7,6.5,2.1,7.6,4.3,3,5.1,8.7,0,0,0,0
cuckoo,70,FEMALE,,,5505,6.9,9,6.9,6.4,2,7.6,2.7,2.6,6.2,8.6,0,0,0,0
cuckoo,70,FEMALE,,중년_2인,6,10,,10,6.2,1,,,1.7,,,0,0,0,0
cuckoo,70,FEMALE,,키즈맘_중학생,146,8.6,9,8.6,6.7,1.8,10,8.2,2.7,6.9,8.6,0.1,0.1,0,0.1
cuckoo,70,FEMALE,,키즈맘_초등생,129,8.6,9.1,8.6,6.4,2.1,9,4.7,2.9,6.9,8.7,0,0,0,0
cuckoo,70,FEMALE,,시니어,1957,6.6,9,6.6,6.6,2.1,7.2,4.6,2.9,6.5,8.7,0,0,0,0
cuckoo,70,FEMALE,강원,중년_자녀동거,31,7.2,8.9,7.2,7.1,1.8,8,,1.5,9.8,,0,0,0,0
cuckoo,70,FEMALE,강원,시니어,93,8.1,8.9,8.1,6.6,1.3,9,6,3.2,3.9,,0,0,0,0
cuckoo,70,FEMALE,강원,키즈맘_중학생,6,0,9.2,0,7.7,0.8,,,1.2,,,0,0,0,0
cuckoo,70,FEMALE,강원,키즈맘_미취학,1,10,,10,8,6.2,,,3.6,8.2,,0,0,0,0
cuckoo,70,FEMALE,강원,,230,10,9.2,10,5.1,1.8,8,,2.4,3.7,,0,0,0,0
cuckoo,70,FEMALE,강원,키즈맘_초등생,4,0,8.7,0,6.7,0.7,,,1.6,10,,0,0,0,0
cuckoo,70,FEMALE,경기,키즈맘_미취학,29,10,8.7,10,7.2,2.3,8,8,2.2,0.3,,0,0,0,0
cuckoo,70,FEMALE,경기,중년_2인,2,,,,5.6,1.8,,,3.1,,,0,0,0,0
cuckoo,70,FEMALE,경기,시니어,994,6.3,9,6.3,6.8,2.1,7.7,5.1,2.7,6.8,8.7,0,0,0,0
cuckoo,70,FEMALE,경기,중년_자녀동거,412,6.6,9,6.6,6.5,2.1,7,6.9,2.5,5.6,8.7,0,0,0,0
cuckoo,70,FEMALE,경기,,2829,7,8.9,7,6.6,2.1,6.8,3.1,2.7,6.7,8.6,0,0,0,0
cuckoo,70,FEMALE,경기,키즈맘_중학생,82,7.2,8.9,7.2,6.8,1.9,8.4,4,2.7,3.1,8.7,0,0,0,0
cuckoo,70,FEMALE,경기,키즈맘_초등생,55,8.6,9,8.6,6.5,1.8,8,0,2.4,3.5,,0,0,0,0
cuckoo,70,FEMALE,경남,키즈맘_미취학,5,,9.1,,8.5,2,,,0.3,,,0,0,0,0
cuckoo,70,FEMALE,경남,시니어,156,6.4,9.1,6.4,6.4,1.6,8.3,8.9,2.7,6.8,,0,0,0,0
cuckoo,70,FEMALE,경남,키즈맘_중학생,17,10,8.9,10,6.4,1.2,,,1.8,,,0,0,0,0
cuckoo,70,FEMALE,경남,,472,3.5,9.1,3.5,6.4,1.4,,3.1,2.9,8.8,,0,0,0,0
cuckoo,70,FEMALE,경남,중년_자녀동거,69,8.8,8.9,8.8,6.9,3.4,8,0,3.7,9.9,8.6,0,0,0,0
cuckoo,70,FEMALE,경남,키즈맘_초등생,13,5,9.2,5,7.1,1.4,8,,3.4,8.3,,0,0,0,0
cuckoo,70,FEMALE,경북,시니어,148,6.8,9,6.8,6.7,1.9,7.2,8.7,3.3,4.9,8.6,0,0,0,0
cuckoo,70,FEMALE,경북,키즈맘_초등생,6,10,9,10,6.3,9.3,8,,1.4,,,0,0,0,0
cuckoo,70,FEMALE,경북,키즈맘_미취학,5,,,,4,1.1,,,1.4,,,0,0,0,0
cuckoo,70,FEMALE,경북,키즈맘_중학생,6,,8.7,,7.2,3,,,4,,,0,0,0,0
cuckoo,70,FEMALE,경북,,373,8.6,9,8.6,6.8,2.8,4,8,3.5,8.3,,0,0,0,0
cuckoo,70,FEMALE,경북,중년_자녀동거,43,6.3,9,6.3,6.8,1.8,,8.3,2.4,6.5,8.6,0,0,0,0
cuckoo,70,FEMALE,광주,키즈맘_초등생,4,0,9.2,0,7.4,1.9,,,4.6,,,0,0,0,0
cuckoo,70,FEMALE,광주,,250,,9.2,,6.7,0.8,8,,2.2,,,0,0,0,0
cuckoo,70,FEMALE,광주,키즈맘_미취학,3,,,,5.3,0.5,,,,,,0,0,0,0
cuckoo,70,FEMALE,광주,중년_자녀동거,36,2.5,8.9,2.5,7.2,1.9,,,3,,8.7,0,0,0,0
cuckoo,70,FEMALE,광주,키즈맘_중학생,8,10,,10,6.6,5.2,,,5.1,0.4,,0,0,0,0
cuckoo,70,FEMALE,광주,시니어,101,5.7,9,5.7,6.5,2.2,7,4.6,2.7,8,,0,0,0,0
cuckoo,70,FEMALE,대구,키즈맘_초등생,7,5,9.2,5,9.2,2.4,,,,,,0,0,0,0
cuckoo,70,FEMALE,대구,시니어,152,8.5,9,8.5,6.6,1.7,6.4,0.1,2.4,6.4,,0,0,0,0
cuckoo,70,FEMALE,대구,키즈맘_중학생,11,10,8.8,10,6.8,1.2,,,2,8.9,,0,0,0,0
cuckoo,70,FEMALE,대구,,394,8.5,9.1,8.5,6,2.1,8,0.6,3,7,8.6,0,0,0,0
cuckoo,70,FEMALE,대구,키즈맘_미취학,6,10,9.1,10,7.7,3.3,,,0.8,,,0,0,0,0
cuckoo,70,FEMALE,대구,중년_자녀동거,45,8.3,9,8.3,7,2.1,,9.1,2.7,6.8,,0,0,0,0
cuckoo,70,FEMALE,대전,키즈맘_중학생,12,,,,6.7,1.7,,,3.3,9.9,,0,0,0,0
cuckoo,70,FEMALE,대전,중년_자녀동거,64,8.2,9.1,8.2,7.1,2.2,6.9,5,2.5,5.6,,0,0,0,0
cuckoo,70,FEMALE,대전,,423,6.7,8.8,6.7,7.9,1.6,,,1.3,,,0,0,0,0
cuckoo,70,FEMALE,대전,키즈맘_미취학,7,,8.7,,7.3,2,8.7,,1.8,,,0,0,0,0
cuckoo,70,FEMALE,대전,키즈맘_초등생,13,5,9.1,5,6.8,0.7,8,,2.5,,,0,0,0,0
cuckoo,70,FEMALE,대전,시니어,169,8,9.1,8,6.8,2.6,6.9,1.2,3.5,7.5,8.7,0,0,0,0
cuckoo,70,FEMALE,부산,키즈맘_초등생,33,7.5,9.2,7.5,6.6,1.9,8,,2.6,7.8,,0,0,0,0
cuckoo,70,FEMALE,부산,키즈맘_중학생,26,5,9.2,5,5.5,2.7,9.1,0,3.3,2.5,,0,0,0,0
cuckoo,70,FEMALE,부산,중년_자녀동거,141,7.2,9,7.2,6.9,2.1,8,4.1,3.2,7.2,,0,0,0,0
cuckoo,70,FEMALE,부산,키즈맘_미취학,9,5,9.2,5,7.2,2.4,,,3.7,,,0,0,0,0
cuckoo,70,FEMALE,부산,시니어,344,7,9,7,6.8,2.2,7.7,3.9,3.1,5.7,8.6,0,0,0,0
cuckoo,70,FEMALE,부산,,910,8.3,9,8.3,6.9,2.8,8,8.6,3.1,6.2,8.7,0,0,0,0
cuckoo,70,FEMALE,부산,중년_2인,1,,,,,,,,0.9,,,0,0,0,0
cuckoo,70,FEMALE,서울,시니어,851,7.4,9,7.4,6.7,2.3,7.3,4.6,2.6,6.5,8.6,0,0,0,0
cuckoo,70,FEMALE,서울,중년_2인,1,,,,,1.1,,,,,,0,0,0,0
cuckoo,70,FEMALE,서울,키즈맘_초등생,36,8.3,9,8.3,6.8,1.6,,4,2.2,6.7,,0,0,0,0
cuckoo,70,FEMALE,서울,키즈맘_미취학,32,3.3,9.1,3.3,6.4,1.1,8,,2.4,1.9,,0,0,0,0
cuckoo,70,FEMALE,서울,키즈맘_중학생,67,7.8,8.9,7.8,7.2,2.9,8,8,2.4,2.3,,0,0,0,0
cuckoo,70,FEMALE,서울,중년_자녀동거,306,6.3,9,6.3,6.5,2.2,7,2.3,2.9,7.2,8.6,0,0,0,0
cuckoo,70,FEMALE,서울,,2373,7,9,7,6.8,2.3,7.4,5.4,2.7,3.9,8.7,0,0,0,0
cuckoo,70,FEMALE,세종,중년_자녀동거,5,10,9.2,10,7.7,2.8,,8,3.9,,,0,0,0,0
cuckoo,70,FEMALE,세종,키즈맘_초등생,1,,,,7.9,,,,,,,0,0,0,0
cuckoo,70,FEMALE,세종,,51,0,,0,,1.2,,,3.9,,,0,0,0,0
cuckoo,70,FEMALE,세종,키즈맘_중학생,1,,8.7,,9.8,2.3,,,0.3,,,0,0,0,0
cuckoo,70,FEMALE,세종,키즈맘_미취학,1,,,,,9.3,,,,,,0,0,0,0
cuckoo,70,FEMALE,세종,시니어,15,6.3,9.1,6.3,6.5,1.7,8,,2.9,8.9,,0,0,0,0
cuckoo,70,FEMALE,울산,키즈맘_초등생,10,10,9,10,5.8,2.2,,,2.6,8.3,,0,0,0,0
cuckoo,70,FEMALE,울산,중년_자녀동거,31,7.5,8.9,7.5,4.9,2.7,8,0,4.3,8.2,,0,0,0,0
cuckoo,70,FEMALE,울산,키즈맘_중학생,8,10,,10,8.2,2.4,,,5.2,6.6,,0,0,0,0
cuckoo,70,FEMALE,울산,시니어,76,8.5,9.1,8.5,6.4,1.7,8,8,2.6,6.6,,0,0,0,0
cuckoo,70,FEMALE,울산,,213,,,,6,2.2,9.8,,2.2,,8.7,0,0,0,0
cuckoo,70,FEMALE,울산,중년_2인,1,,,,,0.5,,,,,,0,0,0,0
cuckoo,70,FEMALE,울산,키즈맘_미취학,1,,,,8,,,,,,,0,0,0,0
cuckoo,70,FEMALE,인천,중년_2인,3,,8.8,,8,3.5,,,5.1,8.2,8.6,0,0,0,0
cuckoo,70,FEMALE,인천,시니어,306,6.5,9,6.5,6.7,2.2,7.1,3.9,2.8,6.4,,0,0,0,0
cuckoo,70,FEMALE,인천,중년_자녀동거,128,6.5,9,6.5,7,2.1,6.9,3.3,3,5.1,,0,0,0,0
cuckoo,70,FEMALE,인천,키즈맘_초등생,26,8,9.1,8,8,2.2,,9.2,2.4,6.4,,0,0,0,0
cuckoo,70,FEMALE,인천,,913,8.2,9.1,8.2,7,3,8,0.1,3.3,5.6,8.7,0,0,0,0
cuckoo,70,FEMALE,인천,키즈맘_미취학,14,0,9.1,0,7.1,1,8,,1.7,10,,0,0,0,0
cuckoo,70,FEMALE,인천,키즈맘_중학생,30,10,8.7,10,6.5,2.4,8,2,2.7,7.1,,0,0,0,0
cuckoo,70,FEMALE,전남,중년_자녀동거,21,,9,,6,1.2,8,0,3.3,6.7,,0,0,0,0
cuckoo,70,FEMALE,전남,키즈맘_초등생,7,10,,10,6.4,0.9,8,,5.1,3.7,,0,0,0,0
cuckoo,70,FEMALE,전남,키즈맘_미취학,1,,,,,,,,,,,0,0,0,0
cuckoo,70,FEMALE,전남,시니어,87,4.4,9.1,4.4,6.5,1.8,8,9.1,2.6,,8.7,0,0,0,0
cuckoo,70,FEMALE,전남,,197,,8.7,,7.2,3.7,,,3.7,,,0,0,0,0
cuckoo,70,FEMALE,전남,키즈맘_중학생,4,,9.1,,4.3,1.6,8,,4.5,,,0,0,0,0
cuckoo,70,FEMALE,전북,키즈맘_중학생,24,3.3,8.9,3.3,6.3,3,8,,3.8,3.7,,0,0,0,0
cuckoo,70,FEMALE,전북,키즈맘_초등생,14,0,8.7,0,3.1,1.2,8,0,1.9,,,0,0,0,0
cuckoo,70,FEMALE,전북,,391,3.3,,3.3,7,1.7,,0,3.3,,,0,0,0,0
cuckoo,70,FEMALE,전북,키즈맘_미취학,2,10,,10,9.9,2.2,8,,0.8,,,0,0,0,0
cuckoo,70,FEMALE,전북,시니어,131,6.7,9.1,6.7,7.4,2.1,5.5,0,3.7,5.7,8.6,0,0,0,0
cuckoo,70,FEMALE,전북,중년_자녀동거,58,7.1,9,7.1,6.5,2.1,9,8.3,2.7,8.2,,0,0,0,0
cuckoo,70,FEMALE,제주,중년_자녀동거,13,,8.7,,6.9,3.1,,,3.6,,,0,0,0,0
cuckoo,70,FEMALE,제주,키즈맘_중학생,4,,,,5.2,0.7,,,1.4,,,0,0,0,0
cuckoo,70,FEMALE,제주,,78,0,,0,9.4,2.3,,,1.2,,,0,0,0,0
cuckoo,70,FEMALE,제주,키즈맘_미취학,1,,,,9.5,,,,,,,0,0,0,0
cuckoo,70,FEMALE,제주,시니어,22,3.3,,3.3,7.6,1.6,,0.3,2.5,9.7,,0,0,0,0
cuckoo,70,FEMALE,제주,키즈맘_초등생,1,0,,0,7.6,0.6,,,,,,0,0,0,0
cuckoo,70,FEMALE,충남,키즈맘_중학생,11,10,9.2,10,7.1,0.7,8,8.3,2.6,,,0,0,0,0
cuckoo,70,FEMALE,충남,키즈맘_초등생,19,10,8.9,10,7.9,2.1,8,0,4,,,0,0,0,0
cuckoo,70,FEMALE,충남,중년_2인,1,10,,10,,,,,2.5,,,0,0,0,0
cuckoo,70,FEMALE,충남,시니어,182,7.7,9.1,7.7,6.7,1.9,8,2.7,2.7,6.5,8.6,0,0,0,0
cuckoo,70,FEMALE,충남,,404,6,9.1,6,7.5,2.8,8,8.1,3.1,5.1,,0,0,0,0
cuckoo,70,FEMALE,충남,중년_자녀동거,51,6.7,9.1,6.7,5.7,2.1,,8,3.5,8.2,8.7,0,0,0,0
cuckoo,70,FEMALE,충북,키즈맘_초등생,6,10,8.9,10,6.2,1.3,8,,0.7,8.3,,0,0,0,0
cuckoo,70,FEMALE,충북,키즈맘_미취학,3,10,9.1,10,8.3,0.7,8,,2.6,3.2,,0,0,0,0
cuckoo,70,FEMALE,충북,키즈맘_중학생,7,5,8.7,5,9.2,0.4,8,,0.6,,,0,0,0,0
cuckoo,70,FEMALE,충북,중년_자녀동거,44,,9,,5.9,2.6,8,,3.3,3.9,,0,0,0,0
cuckoo,70,FEMALE,충북,,301,10,9.2,10,5.7,3.8,,,5.7,8.2,8.7,0,0,0,0
cuckoo,70,FEMALE,충북,시니어,138,7,9.1,7,7,2.2,6,3.1,3.5,7.3,,0,0,0,0
cuckoo,70,MALE,,,3405,5.1,9,5.1,6.6,1.9,5.7,2.7,2.5,7.7,8.7,0,0,0,0
cuckoo,70,MALE,,키즈맘_미취학,24,6.7,9,6.7,7.3,1.8,5.5,,2.4,,,0,0,0,0
cuckoo,70,MALE,,중년_자녀동거,368,6.5,9,6.5,7.1,1.8,6.3,2.7,1.9,6.6,8.7,0,0,0,0
cuckoo,70,MALE,,키즈맘_초등생,65,2.5,8.8,2.5,6.3,2.3,6.4,0,1.8,,,0,0,0,0
cuckoo,70,MALE,,키즈맘_중학생,56,6.3,9,6.3,7.2,1.9,7.2,8,2.1,8.3,8.6,0,0,0,0
cuckoo,70,MALE,,시니어,1280,7,9,7,6.9,2,6,4.7,2.3,5.8,8.6,0,0,0,0
cuckoo,70,MALE,,중년_2인,2,,9.2,,5.8,1.6,,,,,,0,0,0,0
cuckoo,70,MALE,강원,,171,5,8.8,5,7.4,0.8,6.4,8,1.6,,,0,0,0,0
cuckoo,70,MALE,강원,시니어,75,7.3,9.1,7.3,7.3,2.2,4.8,4,3.4,8.5,,0,0,0,0
cuckoo,70,MALE,강원,키즈맘_미취학,1,,,,,0.6,,,,,,0,0,0,0
cuckoo,70,MALE,강원,키즈맘_중학생,4,10,,10,4,2.8,,,3.1,,,0,0,0,0
cuckoo,70,MALE,강원,중년_자녀동거,14,10,8.7,10,6.6,1.1,,0,1.7,,,0,0,0,0
cuckoo,70,MALE,강원,키즈맘_초등생,4,0,8.9,0,6.9,1,,,1.9,,,0,0,0,0
cuckoo,70,MALE,경기,중년_자녀동거,240,7.6,9,7.6,7.1,2.7,6,3.2,2.4,6.6,8.6,0,0,0,0
cuckoo,70,MALE,경기,키즈맘_초등생,43,2,9.1,2,6.3,1.6,6.4,0,2,9,,0,0,0,0
cuckoo,70,MALE,경기,키즈맘_미취학,22,0,9.2,0,6,1.4,6.9,0.1,1.5,6.1,,0,0,0,0
cuckoo,70,MALE,경기,키즈맘_중학생,45,6,8.9,6,6.9,1.8,6.4,8,1.7,8.2,,0,0,0,0
cuckoo,70,MALE,경기,시니어,774,6.7,9,6.7,6.8,2.3,6,4.2,2.1,5.8,8.6,0,0,0,0
cuckoo,70,MALE,경기,,1956,6.6,9,6.6,7,2.3,5.9,5.4,1.8,6.6,8.6,0,0,0,0
cuckoo,70,MALE,경남,,313,8,8.9,8,7.2,3.1,8.2,4,3.2,3.4,,0,0,0,0
cuckoo,70,MALE,경남,중년_2인,2,,,,7.8,2.7,,,2.5,8.3,,0,0,0,0
cuckoo,70,MALE,경남,중년_자녀동거,35,10,9,10,7.1,2.1,6.9,0,2.4,,8.6,0,0,0,0
cuckoo,70,MALE,경남,키즈맘_초등생,9,2,8.9,2,7.4,2.9,,,2.6,,,0,0,0,0
cuckoo,70,MALE,경남,키즈맘_중학생,5,5,9.2,5,9.8,3.4,,,1.1,5.5,,0,0,0,0
cuckoo,70,MALE,경남,키즈맘_미취학,4,,9.2,,9,1,,,3.3,,,0,0,0,0
cuckoo,70,MALE,경남,시니어,114,7.2,9.1,7.2,7.5,2.5,6.1,1.5,2.9,2.8,,0,0,0,0
cuckoo,70,MALE,경북,중년_자녀동거,26,6.7,9.1,6.7,7.5,0.9,0.1,8,1.5,8.5,,0,0,0,0
cuckoo,70,MALE,경북,키즈맘_초등생,8,10,,10,5.7,1.8,,,4.6,,,0,0,0,0
cuckoo,70,MALE,경북,시니어,112,7.6,8.9,7.6,7.2,2.1,7.6,3.1,2.8,5.3,,0,0,0,0
cuckoo,70,MALE,경북,키즈맘_미취학,1,,,,9.9,9.4,,,9.2,8.4,,0,0,0,0
cuckoo,70,MALE,경북,,249,0,9,0,6.9,3.4,,0.1,2.2,0.2,,0,0,0,0
cuckoo,70,MALE,경북,키즈맘_중학생,6,10,8.7,10,7.3,2.2,,4.9,0.8,,,0,0,0,0
cuckoo,70,MALE,광주,중년_자녀동거,29,8,8.9,8,7.7,3.5,6.4,3.3,2.7,10,,0,0,0,0
cuckoo,70,MALE,광주,,164,5,,5,6.3,1.6,,,1.9,,,0,0,0,0
cuckoo,70,MALE,광주,키즈맘_중학생,3,10,9.2,10,8.8,2.3,,,0.5,,,0,0,0,0
cuckoo,70,MALE,광주,시니어,57,6.2,9,6.2,6.9,2.7,7.1,2.7,2.3,5.5,,0,0,0,0
cuckoo,70,MALE,광주,키즈맘_미취학,1,,,,,,6.4,,2.8,,,0,0,0,0
cuckoo,70,MALE,광주,키즈맘_초등생,4,10,9.2,10,7.7,1.9,1,,0.3,,,0,0,0,0
cuckoo,70,MALE,대구,키즈맘_초등생,4,,9.1,,7.5,1,,,1,,,0,0,0,0
cuckoo,70,MALE,대구,중년_자녀동거,27,8,8.9,8,6.5,2.3,6.4,,1.6,,,0,0,0,0
cuckoo,70,MALE,대구,시니어,94,6.9,9,6.9,6.6,1.7,6.4,4.6,2.1,6.1,,0,0,0,0
cuckoo,70,MALE,대구,,225,0.1,9.1,0.1,4.5,1,10,,3.5,,,0,0,0,0
cuckoo,70,MALE,대구,키즈맘_중학생,5,,,,6.8,1.5,,8,,,,0,0,0,0
cuckoo,70,MALE,대구,키즈맘_미취학,3,10,8.7,10,7.3,,,,,8.3,,0,0,0,0
cuckoo,70,MALE,대전,,269,5,9,5,6.2,3.5,6.4,,4.2,5.9,,0,0,0,0
cuckoo,70,MALE,대전,키즈맘_중학생,9,,9,,7,3,6.4,,1.4,,,0,0,0,0
cuckoo,70,MALE,대전,키즈맘_초등생,8,,9.2,,6.3,0.6,,,2.7,,,0,0,0,0
cuckoo,70,MALE,대전,중년_자녀동거,38,8.2,9,8.2,7.4,2.2,6.4,,1.9,5.5,8.7,0,0,0,0
cuckoo,70,MALE,대전,시니어,114,8.4,9,8.4,6.6,1.7,7.4,4,2.1,4.3,,0,0,0,0
cuckoo,70,MALE,대전,키즈맘_미취학,2,,,,8.7,7.5,,,2.3,,,0,0,0,0
cuckoo,70,MALE,부산,키즈맘_중학생,14,10,8.9,10,7.1,3.8,,0.2,4,2.9,,0,0,0,0
cuckoo,70,MALE,부산,키즈맘_초등생,19,7.5,8.9,7.5,6.6,2.5,6.4,0.1,1.4,9.2,,0,0,0,0
cuckoo,70,MALE,부산,시니어,246,7.4,9,7.4,7.3,2,4.8,2.7,1.9,6.4,8.6,0,0,0,0
cuckoo,70,MALE,부산,,639,6.7,9,6.7,7.5,2.7,6.4,0.4,2.7,4,,0,0,0,0
cuckoo,70,MALE,부산,중년_자녀동거,75,7.8,9.1,7.8,6.7,2,6.4,0,2.1,5.3,,0,0,0,0
cuckoo,70,MALE,부산,키즈맘_미취학,11,10,8.7,10,6.8,2.6,,,0.7,8.2,,0,0,0,0
cuckoo,70,MALE,서울,키즈맘_미취학,16,4.4,9,4.4,5.4,1,6.4,0,0.6,,,0,0,0,0
cuckoo,70,MALE,서울,,1491,7,8.9,7,6.8,1.7,5.3,4.1,2.4,4,,0,0,0,0
cuckoo,70,MALE,서울,키즈맘_초등생,20,9.1,9,9.1,7.9,2.2,5.1,,2.2,5.6,,0,0,0,0
cuckoo,70,MALE,서울,중년_자녀동거,178,7.7,9,7.7,6.6,2.2,5.9,4.3,2.3,6.2,,0,0,0,0
cuckoo,70,MALE,서울,시니어,575,7.5,9,7.5,7,2.3,5.7,3.5,2.3,7.2,8.6,0,0,0,0
cuckoo,70,MALE,서울,키즈맘_중학생,21,10,9,10,7.2,2.7,,,3.2,8.2,,0,0,0,0
cuckoo,70,MALE,서울,중년_2인,2,,,,7.5,,6.4,,2,,,0,0,0,0
cuckoo,70,MALE,세종,시니어,15,,,,7,0.6,,,1.9,8.5,,0,0,0,0
cuckoo,70,MALE,세종,,36,,,,2,0.6,,,,,,0,0,0,0
cuckoo,70,MALE,세종,키즈맘_중학생,2,10,,10,2,,,,,,,0,0,0,0
cuckoo,70,MALE,세종,중년_자녀동거,4,,,,7.9,0.9,,,,,,0,0,0,0
cuckoo,70,MALE,울산,시니어,55,6.3,8.9,6.3,6.3,1.6,4.7,8,0.9,,,0,0,0,0
cuckoo,70,MALE,울산,키즈맘_초등생,1,,,,5.6,1.6,,,,,,0,0,0,0
cuckoo,70,MALE,울산,,152,10,8.9,10,4.5,1.9,6.4,,1.4,,8.7,0,0,0,0
cuckoo,70,MALE,울산,키즈맘_중학생,6,,8.9,,5.9,2.8,,,5,8.7,,0,0,0,0
cuckoo,70,MALE,울산,중년_자녀동거,22,5,9.1,5,5.6,1.5,,8,1.3,8.9,,0,0,0,0
cuckoo,70,MALE,인천,시니어,227,7.6,9,7.6,6.8,2.1,5.4,4,2,6.7,8.6,0,0,0,0
cuckoo,70,MALE,인천,키즈맘_미취학,10,10,8.9,10,9.2,1.9,,8,0.9,9.3,,0,0,0,0
cuckoo,70,MALE,인천,중년_자녀동거,77,6.5,9,6.5,6.6,1.6,6.4,4.8,1.3,7.9,8.6,0,0,0,0
cuckoo,70,MALE,인천,중년_2인,2,,,,5,,,0,,8.3,,0,0,0,0
cuckoo,70,MALE,인천,,586,5,9,5,7.3,2,4.8,0.1,1.8,9.3,,0,0,0,0
cuckoo,70,MALE,인천,키즈맘_초등생,15,2.7,8.9,2.7,7.2,1.4,3.8,,1.6,,,0,0,0,0
cuckoo,70,MALE,인천,키즈맘_중학생,3,,,,0,0.8,,,1.1,,,0,0,0,0
cuckoo,70,MALE,전남,키즈맘_초등생,6,10,,10,6.8,1.3,,0,1.2,,,0,0,0,0
cuckoo,70,MALE,전남,중년_자녀동거,13,,8.8,,6.2,1.1,6.4,,1.5,8.3,,0,0,0,0
cuckoo,70,MALE,전남,시니어,72,4.6,8.9,4.6,6.6,1.6,6,8,1.8,6.7,,0,0,0,0
cuckoo,70,MALE,전남,키즈맘_중학생,3,10,8.7,10,8.9,0.5,,,3.3,8.7,,0,0,0,0
cuckoo,70,MALE,전남,키즈맘_미취학,2,,,,7.7,0.6,,,,,,0,0,0,0
cuckoo,70,MALE,전남,,158,5,,5,6.8,2.4,,0,3.2,2.8,,0,0,0,0
cuckoo,70,MALE,전북,시니어,118,7.4,9,7.4,6.9,1.1,4.4,3.7,1.8,,8.7,0,0,0,0
cuckoo,70,MALE,전북,중년_자녀동거,21,2.5,9,2.5,7.9,1.1,6.4,0.2,1.6,,,0,0,0,0
cuckoo,70,MALE,전북,키즈맘_초등생,4,,,,8.9,2.7,,8,9.5,,,0,0,0,0
cuckoo,70,MALE,전북,키즈맘_중학생,7,,9,,6.1,8.8,6.4,,4.4,4.3,,0,0,0,0
cuckoo,70,MALE,전북,,264,10,9,10,6.5,1.5,3.2,,1.1,,,0,0,0,0
cuckoo,70,MALE,전북,키즈맘_미취학,1,,9.1,,6.4,0.7,,,2,,,0,0,0,0
cuckoo,70,MALE,제주,키즈맘_미취학,1,,9.2,,6.4,1.2,,,,,,0,0,0,0
cuckoo,70,MALE,제주,중년_자녀동거,5,0,9.2,0,4.7,0.7,,,0.4,,,0,0,0,0
cuckoo,70,MALE,제주,,49,10,9.1,10,7.7,2.4,,,,9.2,,0,0,0,0
cuckoo,70,MALE,제주,시니어,18,6.7,9.2,6.7,7.4,0.8,3.2,,1.6,,8.6,0,0,0,0
cuckoo,70,MALE,충남,키즈맘_미취학,2,,,,9.2,0.8,,,1.7,,,0,0,0,0
cuckoo,70,MALE,충남,,277,10,9.1,10,6.6,1.6,3.2,,1.3,8.5,,0,0,0,0
cuckoo,70,MALE,충남,키즈맘_초등생,4,,,,8.7,3.5,8.4,,5.6,,,0,0,0,0
cuckoo,70,MALE,충남,중년_자녀동거,23,8,8.7,8,8.1,2.3,2.5,4,0.6,,8.7,0,0,0,0
cuckoo,70,MALE,충남,시니어,120,8.8,9,8.8,6.6,1.7,7,9.2,2.1,6.3,,0,0,0,0
cuckoo,70,MALE,충남,키즈맘_중학생,4,,,,7.9,1.5,9.9,,,,,0,0,0,0
cuckoo,70,MALE,충북,중년_자녀동거,31,3.4,9.1,3.4,6.9,2.2,4.8,0.1,1.6,,,0,0,0,0
cuckoo,70,MALE,충북,키즈맘_초등생,3,,,,7.6,1,,,3.1,,,0,0,0,0
cuckoo,70,MALE,충북,키즈맘_중학생,4,,,,6.3,0.7,6.4,,1.7,4.4,,0,0,0,0
cuckoo,70,MALE,충북,시니어,83,7.9,9,7.9,6.6,2.1,5.4,0.1,2.1,5.2,8.6,0,0,0,0
cuckoo,70,MALE,충북,키즈맘_미취학,2,,,,5.8,,,,,,,0,0,0,0
cuckoo,70,MALE,충북,,193,10,,10,7,2.5,6.4,,1,,,0,0,0,0
cuckoo,80,FEMALE,,키즈맘_초등생,6,,9.1,,7.9,5.9,,,,,,0,0,0,0
cuckoo,80,FEMALE,,시니어,314,7.7,9,7.7,6.3,1.9,7.2,6,2.8,7.1,,0,0,0,0
cuckoo,80,FEMALE,,키즈맘_중학생,12,0,9.1,0,4.7,2.9,,,4,,,0,0,0,0
cuckoo,80,FEMALE,,중년_자녀동거,149,6.1,9.2,6.1,6.5,2.1,8.4,0,2.9,7.3,,0,0,0,0
cuckoo,80,FEMALE,,키즈맘_미취학,8,10,9.2,10,7.5,1.6,,,3.4,,,0,0,0,0
cuckoo,80,FEMALE,,중년_2인,2,10,,10,5.7,0.5,,,,,,0,0,0,0
cuckoo,80,FEMALE,,,902,9,9.1,9,6.8,2,8,,2.6,8.3,,0,0,0,0
cuckoo,80,FEMALE,강원,키즈맘_초등생,3,,8.9,,9.8,1,0.3,,1.7,,,0,0,0,0
cuckoo,80,FEMALE,강원,중년_자녀동거,1,10,,10,,,,,,,,0,0,0,0
cuckoo,80,FEMALE,강원,,37,,,,,,,,,,,,,,
cuckoo,80,FEMALE,강원,키즈맘_미취학,1,10,,10,2.4,3.6,,,0.5,,,0,0,0,0
cuckoo,80,FEMALE,강원,시니어,13,7.5,,7.5,6.8,2.5,8,,2.9,9.6,,0,0,0,0
cuckoo,80,FEMALE,경기,중년_자녀동거,92,6.9,9,6.9,6.9,2.7,7.1,5.5,2.7,7.5,,0,0,0,0
cuckoo,80,FEMALE,경기,키즈맘_중학생,12,,9,,7.9,3.8,,9.4,3.8,,,0,0,0,0
cuckoo,80,FEMALE,경기,키즈맘_초등생,9,10,8.9,10,8.6,4,,,1.3,,8.7,0,0,0,0
cuckoo,80,FEMALE,경기,키즈맘_미취학,9,3.3,8.7,3.3,7.9,1.5,,,2.8,,,0,0,0,0
cuckoo,80,FEMALE,경기,중년_2인,1,,,,9.4,8.5,,,8.4,,,0,0,0,0
cuckoo,80,FEMALE,경기,시니어,188,6.9,9,6.9,6.9,1.8,8,2.9,2.9,5.5,8.7,0,0,0,0
cuckoo,80,FEMALE,경기,,533,6.7,9,6.7,7.1,3,,0,3.6,,,0,0,0,0
cuckoo,80,FEMALE,경남,키즈맘_초등생,2,,,,7.9,0.5,,,,,,0,0,0,0
cuckoo,80,FEMALE,경남,,60,,,,4.3,0.8,,,0.8,,,0,0,0,0
cuckoo,80,FEMALE,경남,중년_자녀동거,7,10,8.8,10,7.1,0.7,,,2.1,,,0,0,0,0
cuckoo,80,FEMALE,경남,시니어,23,7.1,8.9,7.1,6.2,0.8,8,4.7,3.9,,,0,0,0,0
cuckoo,80,FEMALE,경북,키즈맘_초등생,1,,8.7,,,0.8,,,1.5,,,0,0,0,0
cuckoo,80,FEMALE,경북,,48,,,,,,,,,,,,,,
cuckoo,80,FEMALE,경북,시니어,19,8.6,8.9,8.6,6.6,1,,,1.5,,,0,0,0,0
cuckoo,80,FEMALE,경북,중년_자녀동거,8,6.7,,6.7,6.9,0.7,,,1.8,,,0,0,0,0
cuckoo,80,FEMALE,광주,시니어,16,10,,10,6.3,1.6,,0.6,2,9.2,,0,0,0,0
cuckoo,80,FEMALE,광주,키즈맘_초등생,2,,8.8,,0,0.4,,,,,,0,0,0,0
cuckoo,80,FEMALE,광주,키즈맘_미취학,1,10,8.7,10,8,9.3,,,9.8,8.1,,0,0,0,0
cuckoo,80,FEMALE,광주,중년_자녀동거,7,0,,0,4,0.7,,,3.7,,,0,0,0,0
cuckoo,80,FEMALE,광주,,43,,,,7.9,0.9,,,0.2,,,0,0,0,0
cuckoo,80,FEMALE,광주,키즈맘_중학생,3,10,8.9,10,8.7,6.2,,,4.3,,,0,0,0,0
cuckoo,80,FEMALE,대구,중년_자녀동거,12,10,8.8,10,6.4,4.9,8,,3.7,,,0,0,0,0
cuckoo,80,FEMALE,대구,키즈맘_미취학,1,,,,5.9,1.5,,,0.7,,,0,0,0,0
cuckoo,80,FEMALE,대구,시니어,28,10,,10,8.3,1.8,,2.8,2.9,6.6,,0,0,0,0
cuckoo,80,FEMALE,대구,,63,0,9.1,0,,6.8,,,,,,0,0,0,0
cuckoo,80,FEMALE,대구,키즈맘_초등생,2,,,,,,,,,,,0,0,0,0
cuckoo,80,FEMALE,대구,키즈맘_중학생,1,,,,,,,,,,,0,0,0,0
cuckoo,80,FEMALE,대전,,61,10,,10,8.1,0.8,,,2.6,,,0,0,0,0
cuckoo,80,FEMALE,대전,중년_자녀동거,7,,9.1,,7.5,1.9,,,3.8,,,0,0,0,0
cuckoo,80,FEMALE,대전,키즈맘_미취학,2,,,,8,0.6,,,,,,0,0,0,0
cuckoo,80,FEMALE,대전,키즈맘_중학생,2,10,9.2,10,6.6,9.6,,,8.9,,,0,0,0,0
cuckoo,80,FEMALE,대전,시니어,21,0,,0,7.4,1.1,,0,3.1,4.7,,0,0,0,0
cuckoo,80,FEMALE,부산,키즈맘_초등생,1,,,,8,,,,,,,0,0,0,0
cuckoo,80,FEMALE,부산,키즈맘_미취학,3,,,,2.4,,,,,,,0,0,0,0
cuckoo,80,FEMALE,부산,중년_자녀동거,29,,8.9,,6.7,2,8,,3.3,8.2,8.6,0,0,0,0
cuckoo,80,FEMALE,부산,키즈맘_중학생,3,,9.1,,9.7,0.4,8,,1.4,,,0,0,0,0
cuckoo,80,FEMALE,부산,,155,,9.1,,5.2,5.5,8,,1.1,,8.6,0,0,0,0
cuckoo,80,FEMALE,부산,시니어,62,8.1,8.7,8.1,7.2,2.6,8.5,5.8,3.9,1.8,,0,0,0,0
cuckoo,80,FEMALE,서울,키즈맘_중학생,10,,9.2,,6.3,3.4,8,,4.1,,,0,0,0,0
cuckoo,80,FEMALE,서울,,422,3.3,9.2,3.3,6.2,2.4,8,,2.4,4.7,8.7,0,0,0,0
cuckoo,80,FEMALE,서울,키즈맘_미취학,4,10,,10,8,1.8,,,1.8,,,0,0,0,0
cuckoo,80,FEMALE,서울,중년_2인,2,,,,,1.2,,,3,,,0,0,0,0
cuckoo,80,FEMALE,서울,키즈맘_초등생,5,,9,,5.9,5.9,,,3.6,8.3,,0,0,0,0
cuckoo,80,FEMALE,서울,중년_자녀동거,69,5.1,8.8,5.1,6.8,1.9,4,,2.3,5.7,8.6,0,0,0,0
cuckoo,80,FEMALE,서울,시니어,133,7.7,9,7.7,6,1.4,8,6.2,2,9.9,8.7,0,0,0,0
cuckoo,80,FEMALE,세종,시니어,2,,9.2,,8.1,0.8,,,,,,0,0,0,0
cuckoo,80,FEMALE,세종,중년_자녀동거,2,,9.2,,8.1,0.7,,,2.6,,,0,0,0,0
cuckoo,80,FEMALE,세종,,6,,,,,,,,,,,,,,
cuckoo,80,FEMALE,울산,중년_자녀동거,2,,9.2,,6.3,0.5,,,1.8,,,0,0,0,0
cuckoo,80,FEMALE,울산,,19,0,,0,7.9,0.9,,,2.3,,,0,0,0,0
cuckoo,80,FEMALE,울산,키즈맘_초등생,1,,,,,,,,,,,0,0,0,0
cuckoo,80,FEMALE,울산,시니어,7,10,9.1,10,7.3,0.8,,,2.1,,,0,0,0,0
cuckoo,80,FEMALE,인천,키즈맘_중학생,6,10,8.7,10,5.9,0.6,,,4.1,,,0,0,0,0
cuckoo,80,FEMALE,인천,중년_자녀동거,20,5.3,9.1,5.3,6,1.5,8,,1.7,,,0,0,0,0
cuckoo,80,FEMALE,인천,,150,7,8.9,7,8.3,2.8,,8,2.2,4.3,8.6,0,0,0,0
cuckoo,80,FEMALE,인천,시니어,48,10,9,10,7.1,1.8,8,,3.6,8.2,,0,0,0,0
cuckoo,80,FEMALE,인천,키즈맘_미취학,5,,8.9,,8.3,5.4,,,4.6,,,0,0,0,0
cuckoo,80,FEMALE,전남,중년_자녀동거,5,10,9.2,10,7.9,2.1,,,3.8,,,0,0,0,0
cuckoo,80,FEMALE,전남,,38,,,,6.4,0.8,,,,3.2,,0,0,0,0
cuckoo,80,FEMALE,전남,시니어,18,5,9.1,5,7.1,1.7,,,3.6,,,0,0,0,0
cuckoo,80,FEMALE,전북,키즈맘_초등생,1,,,,,,,,,,,0,0,0,0
cuckoo,80,FEMALE,전북,중년_자녀동거,9,10,8.9,10,5,3.4,,0,4.2,,,0,0,0,0
cuckoo,80,FEMALE,전북,시니어,20,10,9.1,10,6.8,2.3,,,2.3,9.1,,0,0,0,0
cuckoo,80,FEMALE,전북,,58,,,,,,,,,,,,,,
cuckoo,80,FEMALE,제주,중년_자녀동거,4,,9.2,,6.3,1,,,4.4,9.9,,0,0,0,0
cuckoo,80,FEMALE,제주,시니어,4,,9,,9.7,,8,,0.5,,,0,0,0,0
cuckoo,80,FEMALE,제주,,16,,,,,6.1,,,8,,,0,0,0,0
cuckoo,80,FEMALE,충남,중년_자녀동거,13,10,8.8,10,5,0.7,8,,3.5,8.2,,0,0,0,0
cuckoo,80,FEMALE,충남,키즈맘_중학생,2,,,,,,,,2.3,,,0,0,0,0
cuckoo,80,FEMALE,충남,시니어,23,10,8.7,10,7.8,1.4,,,2,9.2,8.7,0,0,0,0
cuckoo,80,FEMALE,충남,,58,,,,5,0.5,,,,,,0,0,0,0
cuckoo,80,FEMALE,충북,중년_자녀동거,7,,9.1,,6.5,2.1,,,0.5,,,0,0,0,0
cuckoo,80,FEMALE,충북,키즈맘_중학생,3,,9.2,,5.4,4.9,,,2,,,0,0,0,0
cuckoo,80,FEMALE,충북,,53,,,,,,,,,,,0,0,0,0
cuckoo,80,FEMALE,충북,시니어,23,10,9,10,7.1,2.1,,8,3.5,4.3,,0,0,0,0
cuckoo,80,MALE,,키즈맘_중학생,6,10,9.2,10,6.4,1.1,,,0.9,,,0,0,0,0
cuckoo,80,MALE,,,771,7.3,8.8,7.3,6.3,2.1,7.2,8,1.9,8.6,,0,0,0,0
cuckoo,80,MALE,,키즈맘_미취학,4,10,,10,5.3,0.8,6.4,,1,8.3,,0,0,0,0
cuckoo,80,MALE,,중년_자녀동거,74,7.2,8.9,7.2,7.5,1.8,6.4,8.9,2,6.5,,0,0,0,0
cuckoo,80,MALE,,시니어,305,8.3,9,8.3,6.8,1.7,5.3,6.3,2,8,,0,0,0,0
cuckoo,80,MALE,,키즈맘_초등생,11,10,9.1,10,6,5.2,6.4,,5.8,8.3,,0,0,0,0
cuckoo,80,MALE,강원,,37,,,,6.4,2.1,,,,,,0,0,0,0
cuckoo,80,MALE,강원,중년_자녀동거,4,10,,10,4,3,,,1.2,,,0,0,0,0
cuckoo,80,MALE,강원,시니어,14,0,,0,7.1,0.8,9.8,,2.3,,,0,0,0,0
cuckoo,80,MALE,경기,,410,10,,10,6.7,0.9,6.4,0.2,1.6,,,0,0,0,0
cuckoo,80,MALE,경기,키즈맘_중학생,10,10,8.9,10,8.1,4.4,8.2,8,2.8,7.3,,0,0,0,0
cuckoo,80,MALE,경기,키즈맘_초등생,11,10,9,10,7.5,4.4,6.4,,2.6,8.2,,0,0,0,0
cuckoo,80,MALE,경기,키즈맘_미취학,2,10,,10,9.8,1.7,,,1.3,,,0,0,0,0
cuckoo,80,MALE,경기,시니어,162,4.8,9.1,4.8,6.7,1.8,5.5,3,2.7,9.4,8.6,0,0,0,0
cuckoo,80,MALE,경기,중년_자녀동거,38,5,9.2,5,6.5,1.7,6.4,,1.8,10,,0,0,0,0
cuckoo,80,MALE,경남,키즈맘_미취학,1,,,,,,,,,,,0,0,0,0
cuckoo,80,MALE,경남,중년_자녀동거,6,,,,6.2,2.3,7.7,,0.8,3.7,,0,0,0,0
cuckoo,80,MALE,경남,시니어,22,6.7,8.7,6.7,6.6,1.3,6.4,8,1,,,0,0,0,0
cuckoo,80,MALE,경남,키즈맘_중학생,1,,9,,9.7,2.4,6.4,,1.5,,,0,0,0,0
cuckoo,80,MALE,경남,,55,,,,6.6,0.8,,,,,,0,0,0,0
cuckoo,80,MALE,경북,,51,,,,8.9,1.7,,,0.1,,,0,0,0,0
cuckoo,80,MALE,경북,시니어,26,4.4,9,4.4,7.6,2.5,0.1,4,2.4,6,,0,0,0,0
cuckoo,80,MALE,경북,중년_자녀동거,3,,8.7,,8,4.5,,,0.6,,,0,0,0,0
cuckoo,80,MALE,광주,키즈맘_초등생,1,,,,9.4,,,,,,,0,0,0,0
cuckoo,80,MALE,광주,시니어,15,10,,10,7.3,1.1,,1.4,2.2,,,0,0,0,0
cuckoo,80,MALE,광주,중년_자녀동거,7,10,8.8,10,6.6,4,,,9.2,,,0,0,0,0
cuckoo,80,MALE,광주,,42,,,,,,,,,,,,,,
cuckoo,80,MALE,광주,키즈맘_미취학,2,,,,8.6,1.2,,,1.1,,,0,0,0,0
cuckoo,80,MALE,광주,키즈맘_중학생,3,,9.1,,2,2.2,,,1.9,,,0,0,0,0
cuckoo,80,MALE,대구,키즈맘_미취학,1,10,,10,,,,,,,,0,0,0,0
cuckoo,80,MALE,대구,시니어,26,5,9.1,5,6.5,1.9,4.8,,0.9,1.4,,0,0,0,0
cuckoo,80,MALE,대구,중년_자녀동거,6,5,9.4,5,6.9,0.9,,0,1.2,,,0,0,0,0
cuckoo,80,MALE,대구,키즈맘_중학생,2,10,,10,8,8.8,,,2.4,,,0,0,0,0
cuckoo,80,MALE,대구,,55,,,,2,0.6,,,,,,0,0,0,0
cuckoo,80,MALE,대전,,50,,,,,,,,,,,,,,
cuckoo,80,MALE,대전,시니어,23,10,9,10,5.8,1.8,6.4,4,1.6,8.3,,0,0,0,0
cuckoo,80,MALE,대전,중년_자녀동거,6,,,,5.7,1.2,,,1,,,0,0,0,0
cuckoo,80,MALE,대전,키즈맘_미취학,1,,,,,0.8,,,0.9,,,0,0,0,0
cuckoo,80,MALE,대전,키즈맘_중학생,1,,,,9.9,0.6,,,,,,0,0,0,0
cuckoo,80,MALE,부산,키즈맘_중학생,2,,,,8.4,3.7,,,3.8,,,0,0,0,0
cuckoo,80,MALE,부산,키즈맘_초등생,4,,,,5.3,0.9,,,0.2,,,0,0,0,0
cuckoo,80,MALE,부산,중년_자녀동거,18,10,8.9,10,7.7,2,4.8,0,2.1,6.7,,0,0,0,0
cuckoo,80,MALE,부산,,132,10,9.1,10,7.4,4.6,,,0.9,,,0,0,0,0
cuckoo,80,MALE,부산,시니어,49,7.5,9.3,7.5,7.4,2,,2.7,2.8,5.2,,0,0,0,0
cuckoo,80,MALE,부산,키즈맘_미취학,1,,,,7.9,0.4,,,2.9,,,0,0,0,0
cuckoo,80,MALE,서울,시니어,169,6.4,9,6.4,6.7,1.7,6,3.4,2.1,5.7,8.7,0,0,0,0
cuckoo,80,MALE,서울,,398,6.7,,6.7,5.5,1.8,6.4,8,2.9,,,0,0,0,0
cuckoo,80,MALE,서울,키즈맘_미취학,3,0,8.8,0,7.8,6.7,6.4,,0.1,,,0,0,0,0
cuckoo,80,MALE,서울,키즈맘_초등생,3,,9.2,,2,1.2,,,3.3,,,0,0,0,0
cuckoo,80,MALE,서울,중년_자녀동거,56,7.5,9,7.5,6.7,2.4,4.8,,2.2,5.2,,0,0,0,0
cuckoo,80,MALE,서울,키즈맘_중학생,7,10,,10,5.7,0.7,,,1.9,2.8,,0,0,0,0
cuckoo,80,MALE,세종,중년_자녀동거,1,,9.2,,5.4,,8.2,,1.1,,,0,0,0,0
cuckoo,80,MALE,세종,,6,,,,,,,,,,,,,,
cuckoo,80,MALE,세종,시니어,2,10,9.1,10,8.6,1.4,,8,2.3,,,0,0,0,0
cuckoo,80,MALE,울산,중년_자녀동거,2,10,,10,8.9,1.5,,,0.1,,,0,0,0,0
cuckoo,80,MALE,울산,,22,,,,9.8,0.5,,8,0.6,,,0,0,0,0
cuckoo,80,MALE,울산,시니어,9,10,,10,7.6,1.3,,,1.8,4.7,,0,0,0,0
cuckoo,80,MALE,인천,시니어,46,6.6,8.7,6.6,7,1.7,10,8,2.1,8.5,8.6,0,0,0,0
cuckoo,80,MALE,인천,중년_자녀동거,15,10,,10,6.8,1,,,0.8,2.8,,0,0,0,0
cuckoo,80,MALE,인천,중년_2인,1,,,,6.3,0.6,,,1.1,,,0,0,0,0
cuckoo,80,MALE,인천,,133,5.4,8.7,5.4,8,1.2,9.8,,1.6,,,0,0,0,0
cuckoo,80,MALE,인천,키즈맘_초등생,4,,9.1,,7.6,1.4,0,0,2.4,,,0,0,0,0
cuckoo,80,MALE,인천,키즈맘_미취학,2,10,9.2,10,8.3,0.8,6.4,,1.5,,,0,0,0,0
cuckoo,80,MALE,인천,키즈맘_중학생,3,,9.2,,8.8,1.4,7.4,,1.1,,,0,0,0,0
cuckoo,80,MALE,전남,키즈맘_중학생,1,,8.8,,8,0.5,,,,,,0,0,0,0
cuckoo,80,MALE,전남,,30,,,,,,,,,,,,,,
cuckoo,80,MALE,전남,시니어,11,10,9.1,10,6.5,1.2,,,3.7,4.2,,0,0,0,0
cuckoo,80,MALE,전남,중년_자녀동거,5,10,9,10,8.2,1.3,,,1.7,,,0,0,0,0
cuckoo,80,MALE,전북,중년_자녀동거,6,,,,6,3.9,,9.4,1.4,,,0,0,0,0
cuckoo,80,MALE,전북,키즈맘_중학생,3,,,,7.7,1.2,,,0.6,,,0,0,0,0
cuckoo,80,MALE,전북,시니어,14,5.8,8.7,5.8,6.3,2.9,,,4.4,6,,0,0,0,0
cuckoo,80,MALE,전북,,45,,,,7.6,0.6,,,,,,0,0,0,0
cuckoo,80,MALE,제주,시니어,4,,,,1.5,0.6,2.7,,,,,0,0,0,0
cuckoo,80,MALE,제주,,7,,,,,,6.4,,0.7,,,0,0,0,0
cuckoo,80,MALE,충남,키즈맘_중학생,1,,,,7.8,8.2,,,2.4,,,0,0,0,0
cuckoo,80,MALE,충남,중년_자녀동거,10,0,9.1,0,7.7,1.8,,,0.2,,,0,0,0,0
cuckoo,80,MALE,충남,시니어,32,7.4,9.1,7.4,6.6,1.7,,9.4,2.5,,8.6,0,0,0,0
cuckoo,80,MALE,충남,키즈맘_초등생,1,,,,,,,,,,,0,0,0,0
cuckoo,80,MALE,충남,,66,,,,,,,,,,,,,,
cuckoo,80,MALE,충북,키즈맘_미취학,1,,,,0,0.7,,,,,,0,0,0,0
cuckoo,80,MALE,충북,,34,,,,,,,,,,,,,,
cuckoo,80,MALE,충북,중년_자녀동거,3,,,,7.9,0.8,0.3,,1,,,0,0,0,0
cuckoo,80,MALE,충북,시니어,11,3.4,9.2,3.4,6.8,0.8,10,,0.4,0.2,8.7,0,0,0,0
cuckoo,90,FEMALE,,시니어,34,8,8.8,8,6.7,2,8,8,2.2,8.2,,0,0,0,0
cuckoo,90,FEMALE,,,67,,,,6.6,2.9,,,0.5,,,0,0,0,0
cuckoo,90,FEMALE,,키즈맘_초등생,1,,9.1,,5.6,0.5,,,,,,0,0,0,0
cuckoo,90,FEMALE,,키즈맘_미취학,1,10,,10,7.5,6.9,,,4.6,,,0,0,0,0
cuckoo,90,FEMALE,,중년_자녀동거,7,,,,4.8,6.3,,,1.2,,,0,0,0,0
cuckoo,90,FEMALE,강원,,2,,,,,,,,,,,,,,
cuckoo,90,FEMALE,경기,키즈맘_초등생,1,,,,,,,,,,,0,0,0,0
cuckoo,90,FEMALE,경기,키즈맘_중학생,1,10,9.5,10,9.2,1.4,,0,0.4,,,0,0,0,0
cuckoo,90,FEMALE,경기,,42,,9.2,,7.3,4.3,,,8,,,0,0,0,0
cuckoo,90,FEMALE,경기,키즈맘_미취학,1,10,,10,8,0.5,,,,,,0,0,0,0
cuckoo,90,FEMALE,경기,중년_자녀동거,4,7.5,9.2,7.5,6.8,4.2,,,8.1,8.9,,0,0,0,0
cuckoo,90,FEMALE,경기,시니어,18,5,9,5,7.3,4.6,,0,4.5,10,,0,0,0,0
cuckoo,90,FEMALE,경남,,1,,,,,,,,,3.2,,0,0,0,0
cuckoo,90,FEMALE,경북,,4,,,,,,,,,,,,,,
cuckoo,90,FEMALE,경북,시니어,1,,,,9.6,2.1,,,0.1,,,0,0,0,0
cuckoo,90,FEMALE,경북,키즈맘_중학생,1,,8.7,,9.8,9.7,,,0.2,,,0,0,0,0
cuckoo,90,FEMALE,광주,,2,,,,,,,,,,,,,,
cuckoo,90,FEMALE,광주,중년_자녀동거,1,,,,,,,,,8.4,,0,0,0,0
cuckoo,90,FEMALE,대구,,7,,,,,,,,,,,,,,
cuckoo,90,FEMALE,대구,시니어,7,6.7,,6.7,6.4,1.4,,,2,,,0,0,0,0
cuckoo,90,FEMALE,대전,시니어,1,,9.1,,,1.6,,,0.2,,,0,0,0,0
cuckoo,90,FEMALE,대전,키즈맘_초등생,1,,8.7,,8,9.1,,,7.4,8.4,,0,0,0,0
cuckoo,90,FEMALE,대전,,6,,,,,,,,,,,,,,
cuckoo,90,FEMALE,대전,중년_자녀동거,2,,,,7.9,2.2,8,,3.3,,,0,0,0,0
cuckoo,90,FEMALE,부산,,7,,,,,,,,,,,,,,
cuckoo,90,FEMALE,부산,키즈맘_중학생,1,,,,9.7,,,,,,,0,0,0,0
cuckoo,90,FEMALE,부산,시니어,2,,9.2,,8,5.1,,,9,,,0,0,0,0
cuckoo,90,FEMALE,부산,중년_자녀동거,1,,,,,,,,,,,0,0,0,0
cuckoo,90,FEMALE,부산,키즈맘_미취학,1,,,,,,,,,,,0,0,0,0
cuckoo,90,FEMALE,서울,,26,0,,0,7,1.1,8,,3.2,,,0,0,0,0
cuckoo,90,FEMALE,서울,키즈맘_미취학,2,,,,,2.4,,,,,,0,0,0,0
cuckoo,90,FEMALE,서울,시니어,8,6.7,9.1,6.7,7,3.4,,8,2.3,9,,0,0,0,0
cuckoo,90,FEMALE,서울,중년_자녀동거,3,0,,0,6.1,4.3,,,0.3,,,0,0,0,0
cuckoo,90,FEMALE,울산,중년_자녀동거,2,7.4,,7.4,9.6,6,,,6.3,,,0,0,0,0
cuckoo,90,FEMALE,울산,시니어,2,,,,8.6,9.5,,,9.9,,,0,0,0,0
cuckoo,90,FEMALE,울산,,3,,,,,,,,,,,,,,
cuckoo,90,FEMALE,인천,중년_2인,1,,,,2.4,1.1,,,,,,0,0,0,0
cuckoo,90,FEMALE,인천,,11,10,,10,7.2,4.4,,,0.1,,,0,0,0,0
cuckoo,90,FEMALE,인천,시니어,4,5,9.1,5,8.7,1.5,,,1.8,3.2,8.7,0,0,0,0
cuckoo,90,FEMALE,인천,중년_자녀동거,1,,,,9.7,,9.1,,,8.9,,0,0,0,0
cuckoo,90,FEMALE,전남,시니어,1,,8.8,,8,0.7,,,,,,0,0,0,0
cuckoo,90,FEMALE,전남,,2,,,,,,,,,,,,,,
cuckoo,90,FEMALE,전북,시니어,1,,,,,,,,,,,0,0,0,0
cuckoo,90,FEMALE,전북,,6,,,,6.4,0.5,,,,,,0,0,0,0
cuckoo,90,FEMALE,전북,중년_자녀동거,1,,,,9.6,1.5,,,2.6,,,0,0,0,0
cuckoo,90,FEMALE,제주,시니어,1,,,,2.4,0.7,,,3,,,0,0,0,0
cuckoo,90,FEMALE,제주,중년_자녀동거,1,,,,,1.6,,,4.6,,,0,0,0,0
cuckoo,90,FEMALE,제주,,3,,,,,,,,,,,,,,
cuckoo,90,FEMALE,충남,키즈맘_중학생,1,,,,,,,,,,,0,0,0,0
cuckoo,90,FEMALE,충남,시니어,1,,,,0,,,,,,,0,0,0,0
cuckoo,90,FEMALE,충남,,4,,,,,,,,,,,,,,
cuckoo,90,FEMALE,충북,,4,,,,,,,,,,,,,,
cuckoo,90,FEMALE,충북,시니어,1,10,,10,8,,,,,,,0,0,0,0
cuckoo,90,MALE,,중년_자녀동거,3,,,,8.1,2.3,,,0.7,,,0,0,0,0
cuckoo,90,MALE,,시니어,20,8.3,9.1,8.3,7.5,4.2,8.5,4,3.2,9.5,,0,0,0,0
cuckoo,90,MALE,,,49,0,,0,5.5,0.4,,,,,,0,0,0,0
cuckoo,90,MALE,경기,,24,,,,6.9,,,,,,,0,0,0,0
cuckoo,90,MALE,경기,키즈맘_초등생,2,10,9.4,10,8.9,2.1,,8.9,1.5,,,0,0,0,0
cuckoo,90,MALE,경기,중년_자녀동거,3,10,,10,4.6,0.9,,,1.7,,,0,0,0,0
cuckoo,90,MALE,경기,시니어,5,,,,2.6,0.6,,,,,,0,0,0,0
cuckoo,90,MALE,경남,중년_자녀동거,2,10,9.1,10,5.9,2.8,,,1.5,9.3,,0,0,0,0
cuckoo,90,MALE,경남,,4,,,,,,,,,,,,,,
cuckoo,90,MALE,경남,시니어,1,,,,8,,,,,,,0,0,0,0
cuckoo,90,MALE,경북,,2,,,,,,,,,,,,,,
cuckoo,90,MALE,경북,시니어,1,,,,0,,,,,,,0,0,0,0
cuckoo,90,MALE,광주,시니어,2,,,,,0.6,,,,,,0,0,0,0
cuckoo,90,MALE,광주,,3,,,,,,,,,,,,,,
cuckoo,90,MALE,대구,중년_자녀동거,1,,,,7.9,,,,,,,0,0,0,0
cuckoo,90,MALE,대구,시니어,2,10,,10,7.7,3,,,,,,0,0,0,0
cuckoo,90,MALE,대구,,3,,,,,,,,,,,,,,
cuckoo,90,MALE,대전,,3,,,,,,,,,,,,,,
cuckoo,90,MALE,대전,시니어,2,,,,8,0.8,,,1.6,,,0,0,0,0
cuckoo,90,MALE,부산,중년_자녀동거,1,,9.2,,2,1.1,,,0.2,3.7,,0,0,0,0
cuckoo,90,MALE,부산,,7,,,,,,,,,,,,,,
cuckoo,90,MALE,부산,시니어,3,,,,5.5,0.7,,,0.6,,,0,0,0,0
cuckoo,90,MALE,서울,중년_자녀동거,4,,,,5,0.6,,,1.9,,,0,0,0,0
cuckoo,90,MALE,서울,키즈맘_미취학,1,,9.1,,2,,,,,,,0,0,0,0
cuckoo,90,MALE,서울,키즈맘_초등생,1,,8.8,,9.9,5.4,,,0.8,,,0,0,0,0
cuckoo,90,MALE,서울,시니어,9,,,,7.8,1.5,,,1.3,,,0,0,0,0
cuckoo,90,MALE,서울,,23,10,,10,8.1,2.6,,,0.1,,,0,0,0,0
cuckoo,90,MALE,인천,시니어,4,10,8.9,10,7.7,4.3,,,0.8,,,0,0,0,0
cuckoo,90,MALE,인천,,9,,8.9,,4,9.4,,,0.3,,,0,0,0,0
cuckoo,90,MALE,전남,중년_자녀동거,1,,,,2.1,3.1,,,1.1,,,0,0,0,0
cuckoo,90,MALE,전남,키즈맘_중학생,1,,8.9,,7.8,9.6,,,10,9.9,,0,0,0,0
cuckoo,90,MALE,전남,시니어,2,,,,6.1,1.7,,,0.1,,,0,0,0,0
cuckoo,90,MALE,전남,,4,,,,,,,,,,,,,,
cuckoo,90,MALE,전북,,2,,,,,,,,,,,,,,
cuckoo,90,MALE,충남,키즈맘_미취학,1,,,,9.6,,,,,,,0,0,0,0
cuckoo,90,MALE,충남,,3,,,,,,,,,,,,,,
cuckoo,90,MALE,충남,시니어,1,,,,2,,,,,,,0,0,0,0
cuckoo,90,MALE,충북,,3,,,,,,,,,,,,,,
cuckoo,90,MALE,충북,중년_자녀동거,1,10,,10,,,,,,,,0,0,0,0
cuckoo,90,MALE,충북,시니어,2,,,,7.9,,,,,5.2,,0,0,0,0
haier,,,경기,,3,,,,,,,,,,,,,,
haier,,,서울,,2,,,,,,,,,,,,,,
haier,,,인천,,1,,,,,,,,,,,,,,
haier,00,MALE,,,1,,,,,,,,,,,,,,
haier,10,FEMALE,,,1,,,,,,,,,,,,,,
haier,10,FEMALE,,키즈맘_중학생,1,,7.5,,0,0.4,,,,,,0,0,0,0
haier,10,MALE,,,2,,,,,,,,,,,,,,
haier,10,MALE,경남,,1,0,7.9,0,9.9,6.4,,,,,,0,0,0,0
haier,10,MALE,부산,,1,,,,,,,,,,,,,,
haier,10,MALE,부산,중년_자녀동거,1,,7.5,,0,5.1,,,8.3,,,15.4,21.4,0.6,13
haier,10,MALE,울산,키즈맘_중학생,1,,,,2.4,1.2,,,,,,0,0,0,0
haier,10,MALE,울산,,1,,,,,,,,,,,,,,
haier,20,FEMALE,,키즈맘_중학생,1,,7.6,,6.1,,,,,,,38.4,37.7,9.6,19.1
haier,20,FEMALE,,중년_자녀동거,3,5,6.7,5,7.7,6.5,8,,5.4,,,23.2,21.1,6.9,12.1
haier,20,FEMALE,,,19,7.4,7.1,7.4,5.8,4.8,,,4.6,,,32.8,30.5,9.2,15.9
haier,20,FEMALE,,키즈맘_미취학,1,,,,8,9.8,,,10,8,7.8,12.1,12.8,0.3,13.6
haier,20,FEMALE,,2인가구,2,,7.4,,6.2,6.8,8,,9.4,,,32.2,36,8.8,15.1
haier,20,FEMALE,강원,,2,,8,,8,9.7,,,8.5,,,23,8.9,9,5.7
haier,20,FEMALE,경기,1인가구,2,,7.5,,8,9.2,,,9.8,,,26,23.3,8.1,14.5
haier,20,FEMALE,경기,중년_자녀동거,2,,7.9,,4.5,5.5,,,9.4,,,26.2,26.7,5,14.7
haier,20,FEMALE,경기,,9,,6.3,,,9,,0.1,9,,,19.8,13.3,6.8,7.3
haier,20,FEMALE,경남,,3,,,,,,,,,,,,,,
haier,20,FEMALE,경남,키즈맘_중학생,1,,6.4,,,,,,,,,11.7,7.9,1.4,9.3
haier,20,FEMALE,경남,중년_자녀동거,1,0,7.4,0,9.7,9.9,,,9.6,,,33.6,34.2,8.2,9.8
haier,20,FEMALE,경북,,2,,,,,,,,,,,,,,
haier,20,FEMALE,경북,중년_자녀동거,1,,6.4,,,1.8,,,0,,7.5,17.8,13.1,4.1,7.4
haier,20,FEMALE,대전,,1,,,,,4.6,,,8.1,,,13.9,7.4,6.3,7.8
haier,20,FEMALE,부산,,2,,,,,,,,,,,,,,
haier,20,FEMALE,부산,중년_자녀동거,1,10,8.5,10,8,9.6,,8.6,9.9,,,13.1,8.3,1.4,10.2
haier,20,FEMALE,서울,,5,10,7.8,10,7.8,9.8,,,9.9,,,29.1,29.2,7.5,14.3
haier,20,FEMALE,서울,중년_자녀동거,1,,6.4,,8,2.5,,,,,,12.4,15.5,1.3,10.1
haier,20,FEMALE,울산,,1,,,,,,,,,,,,,,
haier,20,FEMALE,인천,,5,,6.4,,,9.5,,,9.8,,,18.3,8.1,9.1,4.7
haier,20,FEMALE,인천,2인가구,1,,6.4,,0,8,,,8.5,,,18.5,18.2,4.8,9.8
haier,20,FEMALE,전남,,1,,,,,,,,,,,,,,
haier,20,FEMALE,전북,,1,,,,,,,,,,,,,,
haier,20,FEMALE,전북,중년_자녀동거,1,,6.4,,9.8,9.7,,,10,,,13.3,12,2.4,10.4
haier,20,FEMALE,제주,,1,,,,,,,,,,,,,,
haier,20,FEMALE,제주,키즈맘_중학생,1,10,,10,,5.7,,,4,8,,18.3,18.2,4.8,9.6
haier,20,FEMALE,충남,,1,,,,,,,,,,,,,,
haier,20,FEMALE,충남,중년_자녀동거,1,,6.4,,,9.5,,,9.8,,,12.7,14.8,1.1,10
haier,20,FEMALE,충북,1인가구,1,,6.4,,8,0.7,,,8.5,,,17.7,18,4.6,9.5
haier,20,FEMALE,충북,,3,,,,,,,,,,,,,,
haier,20,MALE,,중년_자녀동거,4,3.6,7.1,3.6,7.2,5.3,,,9.5,,,26,27.9,5.8,13.5
haier,20,MALE,,,24,0,7.8,0,7.6,8.5,,,1.1,5.6,7.9,21.6,24.5,4.8,11.6
haier,20,MALE,,2인가구,1,10,,10,,5.8,,,0.3,,,14.9,26,0.8,10.9
haier,20,MALE,강원,,1,,,,,,,,,,,,,,
haier,20,MALE,경기,중년_자녀동거,6,8.6,7.3,8.6,8.2,6.5,,,5.1,8.8,7.5,27.4,28.5,7,13.1
haier,20,MALE,경기,키즈맘_미취학,1,10,,10,6.3,9.9,,,9.9,9.3,,17.2,17.1,4.3,8.9
haier,20,MALE,경기,1인가구,1,,,,5.3,6.1,,,0.7,,,29.9,35,7.4,16.1
haier,20,MALE,경기,키즈맘_초등생,1,,,,,,,,,,,17.8,26.2,1.6,10
haier,20,MALE,경기,,15,10,7.9,10,8.6,4.2,,0,4.4,5.5,,30.6,28.9,9,12.3
haier,20,MALE,경남,,1,,,,8,2.4,,,,,,24.6,16,7.9,11
haier,20,MALE,경북,1인가구,1,,6.4,,8,0.8,,,,,,21.6,27.5,3.4,10
haier,20,MALE,경북,,6,10,7.5,10,5.7,9.5,,,9.8,,,17.1,17.1,4.4,8.8
haier,20,MALE,경북,중년_자녀동거,2,,7.5,,7.2,3.3,,,0.7,,,19.7,19.5,4.9,9.3
haier,20,MALE,광주,,1,,,,,,,,,,,,,,
haier,20,MALE,대구,,3,10,,10,8.9,8.7,,,5.2,,,26.9,21.4,8.7,8.2
haier,20,MALE,대전,,1,,,,,,,,,,,,,,
haier,20,MALE,부산,,2,10,7.5,10,,9.8,,,9.7,,,0,0,0,0
haier,20,MALE,부산,1인가구,1,,,,6.2,7.7,,,,,,17.4,17.3,4.6,9
haier,20,MALE,서울,,7,5.8,6.9,5.8,6.3,8.5,,,7.3,,,29.4,27.1,8.1,12.7
haier,20,MALE,서울,1인가구,1,6,9,6,7.9,0.5,,,,,,17.8,17.7,4.3,9.2
haier,20,MALE,세종,,1,,,,,,,,,,,,,,
haier,20,MALE,인천,,6,,7.6,,0.6,2.5,,,0.8,,,37,36.9,8.9,18.9
haier,20,MALE,인천,중년_자녀동거,4,,7.5,,8.4,9.3,,,4.9,7.1,,17.1,20.9,3,10.3
haier,20,MALE,전남,,1,,,,,,,,,,,,,,
haier,20,MALE,전남,1인가구,1,,7.6,,8.2,8.7,,,,,,35.4,34.5,9.5,13.2
haier,20,MALE,전북,1인가구,1,10,,10,8,0.7,,,,,,18.4,15.4,5.1,10.2
haier,20,MALE,전북,,3,,,,,,,,,,,,,,
haier,20,MALE,충남,중년_자녀동거,2,,7,,8.5,0.9,,,4.5,,,26.1,26.2,6.6,13.5
haier,20,MALE,충남,,5,,,,,,,,,,,,,,
haier,20,MALE,충남,키즈맘_미취학,2,,6.4,,8,2.3,,,4.7,,,17.7,22.9,2.8,10.7
haier,20,MALE,충북,,2,,7.6,,9,1.9,,,1.9,8,,17.5,17.4,4.4,9
haier,30,FEMALE,,,28,5,6.9,5,6.5,7.8,8,0,6.8,,8.3,17.5,15.4,3.7,10.9
haier,30,FEMALE,,1인가구,4,10,6.9,10,8.2,9.7,,,9.6,,,18.6,15.5,4.5,11.2
haier,30,FEMALE,,중년_자녀동거,3,0,7.4,0,4.6,7.8,,,5.5,,7.4,29.9,28.2,7.1,15.9
haier,30,FEMALE,,키즈맘_미취학,1,,6.3,,,8.7,,,9.2,,,14.6,12.9,1.4,12.1
haier,30,FEMALE,,2인가구,2,10,6.3,10,8.9,9.9,,,10,,,5.6,2.9,2,1.9
haier,30,FEMALE,강원,1인가구,1,10,6.9,10,8,1.4,,8,,,,23,13.7,8.1,8.8
haier,30,FEMALE,강원,,1,,,,,,,,,,,,,,
haier,30,FEMALE,경기,,22,10,7.1,10,8,3.8,,,5.1,9.9,,17.2,13.7,5.5,7.7
haier,30,FEMALE,경기,중년_자녀동거,3,,7.5,,7.4,1.3,0,,0.2,,,23,23.8,6.2,11.2
haier,30,FEMALE,경기,1인가구,4,0.1,7,0.1,5.4,7.3,,,4.8,,,16.7,17.8,5,8.8
haier,30,FEMALE,경기,2인가구,1,10,,10,8,9.5,,,8.4,,,21.6,13.9,6.1,8.8
haier,30,FEMALE,경기,키즈맘_초등생,1,,,,7.4,1.4,,,7.5,,,17.3,17.1,4.5,8.9
haier,30,FEMALE,경남,2인가구,1,,,,,0.5,,,,,,17.6,17.4,4.6,9.1
haier,30,FEMALE,경남,,3,10,7.4,10,8,3.1,,,0.1,,,22.6,11.1,9.3,7.2
haier,30,FEMALE,경북,중년_자녀동거,1,0,,0,8,9.3,,,8.8,,,9.1,7.6,2.4,5.5
haier,30,FEMALE,경북,1인가구,1,,7.7,,6.2,6.2,,,8,,,36.8,37.2,9.1,16.4
haier,30,FEMALE,경북,,4,,7.4,,6.9,9.7,,,10,,,37,38.4,8.5,19.5
haier,30,FEMALE,대구,2인가구,1,,7.8,,9,7.2,,,1.7,,,37.9,36.4,9.5,16.8
haier,30,FEMALE,대구,,3,10,6.3,10,8.8,9.9,,,9.8,,,17,10.7,5.1,7.9
haier,30,FEMALE,대전,중년_자녀동거,1,10,,10,9.7,9.7,,,9.9,,,18.1,18.2,4.8,9.6
haier,30,FEMALE,대전,2인가구,1,,7.8,,6.2,6.2,,,2.3,,,31.6,34.8,7.1,13.6
haier,30,FEMALE,대전,,3,,,,,,,,,,,,,,
haier,30,FEMALE,부산,키즈맘_초등생,1,10,6.4,10,9.8,9.8,,,10,,,17.3,9.4,5,11.1
haier,30,FEMALE,부산,,2,,,,,,,,,,,,,,
haier,30,FEMALE,서울,,16,,7.4,,1.5,6.8,,,8.3,,,13.3,11.4,2.9,6.7
haier,30,FEMALE,서울,키즈맘_미취학,3,0,7.3,0,6.5,9.3,,,7.1,7.8,,29.1,27.4,9,13.4
haier,30,FEMALE,서울,중년_자녀동거,1,,6.3,,8,9.8,,,9.9,,,23.5,20.6,7.1,10.8
haier,30,FEMALE,울산,,1,,,,,,,,,,,,,,
haier,30,FEMALE,인천,,8,10,6.3,10,5.5,9.7,,,8.5,8.4,,18.8,8.4,5.4,6.7
haier,30,FEMALE,인천,2인가구,1,10,7.4,10,7.6,6.6,,,0.2,,,35.9,38,8.9,17
haier,30,FEMALE,인천,키즈맘_초등생,1,,7.4,,9.7,9.9,,,9.9,,,14.4,13,1.8,7.9
haier,30,FEMALE,인천,1인가구,2,10,7.5,10,8.3,1.1,,,7.3,,,20.6,20.1,5.9,10.5
haier,30,FEMALE,전남,,1,,7.5,,8.6,2.2,,,3.5,,,0,0,0,0
haier,30,FEMALE,전북,,1,,,,,,,,,,,,,,
haier,30,FEMALE,충남,1인가구,1,,7.4,,8,8.2,,,,,,17.7,17.6,4.4,9.1
haier,30,FEMALE,충남,,5,6.1,,6.1,0.1,5.4,,,8.6,,,21.9,8.5,9,5.3
haier,30,FEMALE,충북,,2,,,,,,,,,,,,,,
haier,30,FEMALE,충북,1인가구,1,,6.4,,8,9.6,8,,10,,,14.2,8.5,3.4,10.1
haier,30,MALE,,중년_자녀동거,3,0.1,7,0.1,8.7,4.7,,,2.8,,,21.9,23.5,6.2,9.5
haier,30,MALE,,키즈맘_초등생,1,,6.2,,8,5.9,,,0.6,,,24.1,23.8,1.4,11.8
haier,30,MALE,,키즈맘_미취학,3,10,7.1,10,9.7,9.8,6.4,,8,9.9,,20,20.7,3.8,9.2
haier,30,MALE,,,49,10,6.9,10,7.8,7,6.4,0.4,8,8.4,,22.7,22.7,5,11.5
haier,30,MALE,,1인가구,5,6,6.9,6,7.6,8.6,,,3.7,,7.4,26.2,26.7,5.6,12.8
haier,30,MALE,강원,,2,,,,,,,,,,,,,,
haier,30,MALE,강원,중년_자녀동거,1,,,,4.4,1.1,,,,,,38.2,38.3,9.3,18.8
haier,30,MALE,경기,2인가구,2,,8.8,,8.2,5.2,,0,9.9,7.9,8.1,24.9,30.8,4.7,14.1
haier,30,MALE,경기,1인가구,3,10,7.9,10,6.5,6.2,,,1.1,,,7.2,8.9,1.3,4.3
haier,30,MALE,경기,중년_자녀동거,4,10,7.4,10,9.1,9.1,,,4.4,7.8,8,25.6,26.5,4.3,11.8
haier,30,MALE,경기,,39,5.4,7.4,5.4,8,4.4,,4,3.9,7.7,7.6,19.6,18.4,4.9,9.4
haier,30,MALE,경기,키즈맘_미취학,4,10,6.6,10,8.3,5.4,0,,7.6,7.7,7.2,21.3,20.7,5.2,9.8
haier,30,MALE,경남,중년_자녀동거,1,,7.5,,7.6,0.7,,,,,,30.9,29.4,7.1,14.2
haier,30,MALE,경남,키즈맘_미취학,1,10,,10,9.8,9.5,,,9.6,,,17.7,17.4,4.5,8.9
haier,30,MALE,경남,,6,,6.3,,7.3,4.6,,,,,,33.1,29.3,8.5,14.2
haier,30,MALE,경북,,3,,,,,,,,,,,,,,
haier,30,MALE,경북,키즈맘_미취학,1,10,7.9,10,4.6,1.2,,,,,,36.6,36.6,8.7,17
haier,30,MALE,경북,중년_자녀동거,2,10,8.8,10,7.1,5.5,,8,9.9,,,32.1,27.9,5.6,15.6
haier,30,MALE,광주,,2,,,,,6.3,,,5.1,,,14.2,16.2,2.2,5.9
haier,30,MALE,대구,2인가구,1,,7.4,,7.5,8.9,,,1.3,,,32.2,35.8,8,14.3
haier,30,MALE,대구,키즈맘_초등생,1,,7.5,,8.1,9.2,,,1.9,,,35.2,35.3,9,17.8
haier,30,MALE,대구,,5,10,6.9,10,7.9,5.1,,,1.7,7.9,,30.8,25.8,8.4,11.6
haier,30,MALE,대전,키즈맘_미취학,3,2.4,7.6,2.4,7.9,4.5,,,4.9,,,30.1,30.4,7.6,15.1
haier,30,MALE,대전,,8,,8.3,,8.4,6.3,,8.9,2.3,,7.9,27.8,30.7,6.2,14
haier,30,MALE,대전,2인가구,1,,,,0,1,,,4.1,,,9.8,15.3,1.1,8
haier,30,MALE,부산,1인가구,2,,6.3,,4.4,1.5,,,1.7,,,27.6,30.3,5.3,15.4
haier,30,MALE,부산,,13,0.1,7.9,0.1,7.6,8.9,,,0.7,,,37.3,36.3,8.5,18.7
haier,30,MALE,부산,키즈맘_미취학,3,,7.9,,4.9,6.4,,,6.1,,,24.8,26.2,3.2,11.8
haier,30,MALE,서울,,28,,7.3,,8.8,5.2,,8,6.1,,,20.2,22,4.8,10.3
haier,30,MALE,서울,중년_자녀동거,2,,7.5,,9.5,9.2,,,7.6,,,34,36.7,8.2,14.4
haier,30,MALE,서울,1인가구,3,10,7,10,7.7,8.6,1.9,,3.6,,,22.6,21.8,5,11.1
haier,30,MALE,서울,키즈맘_미취학,2,10,6.8,10,8,9.2,,,9.1,,,20.4,19.9,3.5,9.7
haier,30,MALE,세종,,1,,,,,,,,,,,,,,
haier,30,MALE,세종,1인가구,1,,,,9.7,1.5,,,,,,33.3,37.5,8.7,16.1
haier,30,MALE,울산,,2,,,,,,,,,,,,,,
haier,30,MALE,울산,중년_자녀동거,2,,7.6,,8.9,4.7,6.4,,2.6,,,27.5,27.7,6.8,13.2
haier,30,MALE,인천,중년_자녀동거,2,,8.2,,8,5.5,,,7.9,,,27.8,27.9,7.1,12.6
haier,30,MALE,인천,2인가구,1,,,,8,,,,,,,0,0,0,0
haier,30,MALE,인천,키즈맘_초등생,1,10,7.5,10,6.7,3.4,,,1.3,,,34.8,38,9.1,18.9
haier,30,MALE,인천,1인가구,2,10,6.2,10,8.9,9.6,,,0.4,,7.2,9.9,6.5,1.9,4.5
haier,30,MALE,인천,,11,2.8,7.4,2.8,7.7,9.1,10,,3.4,,,29.4,26.6,7.9,14
haier,30,MALE,전남,,1,,,,,,,,,,,,,,
haier,30,MALE,전북,1인가구,2,6.5,7.5,6.5,7.1,1,,,1,7.8,,27.1,27.6,6.6,13.8
haier,30,MALE,전북,,7,0,6.4,0,8,4.9,,,5.3,,8.5,27.7,22.5,7,11.3
haier,30,MALE,제주,,1,,,,,,,,,,,,,,
haier,30,MALE,제주,키즈맘_미취학,1,,7.4,,6.2,1.7,,,2.7,,,35.4,37.7,9.1,16.9
haier,30,MALE,충남,,3,,,,,1,,,,,,36.1,34.6,8.7,16.4
haier,30,MALE,충북,키즈맘_미취학,1,10,,10,7.8,9.6,,,9.2,,,37.7,38.1,9.5,16.6
haier,30,MALE,충북,,5,,,,,,,,,,,,,,
haier,40,FEMALE,,,10,,,,5.7,7.2,,,4.4,,7.5,23.4,17.3,6.4,11.2
haier,40,FEMALE,,중년_자녀동거,2,,9.8,,9.4,0.8,8,9.1,1,,,30.1,25.8,7.6,14.2
haier,40,FEMALE,,1인가구,2,,,,8.5,1.7,,,0.1,7.8,,28.4,27.3,6.9,13.6
haier,40,FEMALE,,키즈맘_초등생,1,0.1,7.3,0.1,9.7,9.9,,,9.8,,,39.7,39.7,9.9,19.9
haier,40,FEMALE,강원,키즈맘_중학생,1,,,,6.5,8.4,8,,1.5,,,39.3,39.5,9.8,17.9
haier,40,FEMALE,강원,,2,,,,,,,,,,,,,,
haier,40,FEMALE,강원,키즈맘_초등생,1,,,,0,,,,,,,15.8,16.4,2.8,8.6
haier,40,FEMALE,경기,중년_자녀동거,3,,7,,9.1,8,8,0.1,4,,,19.4,16.5,6.3,9.5
haier,40,FEMALE,경기,2인가구,1,,,,8,1.2,,,,,,17.5,17.5,4.4,8.8
haier,40,FEMALE,경기,키즈맘_중학생,2,,7.1,,8.7,8.1,8,,5.2,,,26.1,27.4,5.3,16.1
haier,40,FEMALE,경기,,17,,,,4,6.5,,,1.1,,,12.4,12.8,3.2,6.2
haier,40,FEMALE,경남,,1,,,,,,,,,,,,,,
haier,40,FEMALE,경북,키즈맘_중학생,1,,7.3,,8.4,7.5,,,0.8,7.7,,19.3,13.4,5.7,7.8
haier,40,FEMALE,경북,,2,,,,,,,,,,,,,,
haier,40,FEMALE,대구,,1,,,,,,,,,,,,,,
haier,40,FEMALE,대구,키즈맘_초등생,1,,,,8,1,,,1.9,,,12.7,10.9,0.5,12.2
haier,40,FEMALE,대전,,3,,7.3,,8,8.7,,,8,,,23.6,18.1,9.2,7.7
haier,40,FEMALE,대전,중년_자녀동거,1,,7.5,,9.2,0.6,,,2.4,,,37.9,38.6,9.1,19.4
haier,40,FEMALE,대전,키즈맘_중학생,1,,7.5,,7.6,4.5,,,8.4,,,38.6,39.1,9.7,18.6
haier,40,FEMALE,서울,,10,,,,9.9,9.7,,,0.3,,,19.3,8.7,9.2,4.7
haier,40,FEMALE,서울,중년_자녀동거,2,10,6.3,10,8,9.5,1.5,,2.3,,,28.8,26.1,8.5,14.3
haier,40,FEMALE,서울,1인가구,3,,7.8,,9.7,4.6,,,3.6,7.6,,26.9,24.1,6.2,14.4
haier,40,FEMALE,서울,키즈맘_중학생,2,,7.5,,9.2,8.7,,,6.7,,,8.5,8.5,2.2,4.4
haier,40,FEMALE,울산,,1,,,,3.4,0.6,,,4.5,,,38.6,38.6,9.4,19.2
haier,40,FEMALE,인천,,4,,6.2,,0,9.8,8,,8.5,,,19.2,9.2,8,8.3
haier,40,FEMALE,인천,중년_자녀동거,1,,7.4,,3.4,1,,,1.5,,,38.1,38.1,9.6,17.4
haier,40,FEMALE,전북,키즈맘_초등생,1,,7.6,,7.1,0.5,,,,,,34.8,36.6,9,17.3
haier,40,FEMALE,전북,,3,10,,10,9.9,9.7,,,9.9,,,39,38,9.6,18.2
haier,40,FEMALE,충남,키즈맘_초등생,2,7,6.2,7,7.5,7.5,8,,6.8,,,24.7,22.7,8.5,12.2
haier,40,FEMALE,충남,,2,,,,,,,,,,,,,,
haier,40,FEMALE,충북,키즈맘_초등생,1,,7.4,,,5,,,,,,36.6,35.7,9.4,16
haier,40,FEMALE,충북,중년_자녀동거,1,,,,,0.8,,,4,,,29,22.4,9.3,12.2
haier,40,FEMALE,충북,,3,,,,,,,,,,,,,,
haier,40,FEMALE,충북,키즈맘_중학생,1,,,,8,10,,,10,,,17.5,12.1,6,8
haier,40,MALE,,,36,10,6.5,10,6.1,3.5,6.4,8,2.5,,,23.1,22.7,6,10.1
haier,40,MALE,,키즈맘_중학생,2,,6.1,,,6.5,,,0.3,,,28.5,33.9,5.1,17.2
haier,40,MALE,,키즈맘_미취학,1,,,,,0.7,,,5.2,,,37.4,38.7,9.6,18.3
haier,40,MALE,,키즈맘_초등생,5,10,7.6,10,6.5,4.2,,9.2,0.9,8,,15.5,23.8,1.9,9.8
haier,40,MALE,,2인가구,2,,,,2.8,5,,,2.3,,,36.5,37.4,9.1,18
haier,40,MALE,,1인가구,1,,,,9.3,8.5,,,1.8,1.9,,32.7,34.1,8.5,13.4
haier,40,MALE,,중년_자녀동거,6,10,6.6,10,8.4,4.5,,0,3.9,7.6,8.3,30.8,30.8,7.8,13.8
haier,40,MALE,강원,2인가구,1,,7.3,,9.8,3.3,,,,,,38.1,37.3,8.8,17.5
haier,40,MALE,강원,,4,,,,,,,,,,,,,,
haier,40,MALE,강원,키즈맘_중학생,1,,,,8,9.9,,,2.6,2.9,,36.7,37.6,9.1,18.9
haier,40,MALE,경기,2인가구,2,10,6.7,10,3.5,1.1,,0.3,3.9,,,15.9,18.5,4.4,7.7
haier,40,MALE,경기,키즈맘_미취학,1,,,,9.4,9.6,,,2.3,,,24.8,29.7,6.5,11
haier,40,MALE,경기,,43,10,7.8,10,8.2,5.8,7.7,4.5,2.7,8.9,7.8,16.6,16.8,4.4,7.4
haier,40,MALE,경기,키즈맘_중학생,3,,7.1,,8.4,7.7,,,5.6,,,18.3,26.8,2.8,11.9
haier,40,MALE,경기,중년_자녀동거,4,,7,,7.3,5.4,,,5.1,,,21.7,25.4,3.3,11.1
haier,40,MALE,경기,키즈맘_초등생,4,10,7.2,10,6.8,5.1,,,1.2,,,30.4,30.4,7.1,15.3
haier,40,MALE,경남,1인가구,1,,,,6.7,7.7,0.5,,0.7,,,34.9,37.4,8.8,18.2
haier,40,MALE,경남,중년_자녀동거,1,,6.2,,8.6,,,,,,,0.3,0.4,0.1,0.2
haier,40,MALE,경남,키즈맘_미취학,1,,,,8,1.3,,,0.7,,,26.4,31.9,8.3,14
haier,40,MALE,경남,키즈맘_중학생,2,,7.8,,8.9,9.9,,,4.6,,,32.8,36.4,8.6,17.5
haier,40,MALE,경남,,6,,,,,,,,,,,,,,
haier,40,MALE,경북,,1,,,,,,,,,,,,,,
haier,40,MALE,경북,키즈맘_초등생,1,,6.1,,10,1.1,,,0.1,,,17.8,17.7,4.4,9.2
haier,40,MALE,광주,키즈맘_초등생,1,,8.9,,8,8.7,,,0.8,,,35,37.7,9.2,17.5
haier,40,MALE,광주,2인가구,1,,6.2,,0,8.4,,,0.7,,,18.6,31.3,1.7,13.9
haier,40,MALE,광주,,6,,7.9,,10,9.9,,,9.7,,,24,17.3,8.7,6.9
haier,40,MALE,광주,중년_자녀동거,1,,6.2,,9.8,9.7,,,10,9.5,,26.2,27.1,7.3,11.6
haier,40,MALE,대구,,4,,7.7,,8,3.6,,,0.9,,,33.6,23.2,9.8,17.9
haier,40,MALE,대구,중년_자녀동거,1,,7,,9.9,8.2,,,0.7,7.7,,17.7,29.2,2.3,14.8
haier,40,MALE,대구,1인가구,1,,7.7,,7.7,0.8,,,2.1,,,38.4,37.5,9.8,19.2
haier,40,MALE,대전,,6,10,6.3,10,9.6,9.7,,,4.1,,,24.1,15.1,8.1,9.5
haier,40,MALE,대전,중년_자녀동거,2,10,6.9,10,7.9,8.1,,,0.8,,,18.4,18.8,4.7,8.6
haier,40,MALE,대전,1인가구,1,,7.8,,9.3,9.8,,,3.3,,,34.7,35.6,9,17.4
haier,40,MALE,부산,키즈맘_미취학,1,10,,10,9.5,5.1,,0.7,0.4,,,18.3,18.2,4.8,9.5
haier,40,MALE,부산,중년_자녀동거,2,10,7.5,10,7.5,8.1,,,4.9,,,31.7,34.1,6.5,14.5
haier,40,MALE,부산,키즈맘_중학생,1,,7.3,,2.8,0.8,,,2.3,,,36.9,37.3,9.5,19.3
haier,40,MALE,부산,,7,,,,,,,,,,,,,,
haier,40,MALE,부산,키즈맘_초등생,1,0,6.2,0,0,1.8,1,,3.3,,,18,22.4,1.4,11.9
haier,40,MALE,서울,키즈맘_중학생,2,10,8,10,9.1,9.8,,0,2.1,,,31.1,36.3,8.9,15.5
haier,40,MALE,서울,,24,6.6,7,6.6,7.2,4.2,6.4,,2.8,8.8,,19.7,19,5.1,8.9
haier,40,MALE,서울,중년_자녀동거,3,10,8.3,10,9,8.1,,,3.2,,,30.3,29.7,7.3,13.6
haier,40,MALE,서울,2인가구,2,,6.7,,7.9,1,,,0.9,,,22.7,31.7,4.5,14.5
haier,40,MALE,서울,1인가구,1,,7.2,,9.7,8.3,,,,,,18,32.2,1.5,15.2
haier,40,MALE,울산,1인가구,1,,6.2,,8,8.6,,,3,,,17.8,17.7,4.4,9.2
haier,40,MALE,울산,,2,10,7.4,10,10,9.7,,,0.6,,,39.9,39.9,10,19.6
haier,40,MALE,인천,,10,10,,10,9.8,9.5,,,9.9,,,18.7,18.5,5.1,9.6
haier,40,MALE,인천,1인가구,5,10,6.6,10,6.8,4.5,6.4,,0.9,,8.1,24.6,30.2,4.3,16
haier,40,MALE,인천,키즈맘_중학생,1,,,,7.9,9.8,,9.4,8.7,,,33.8,37.5,8.4,15.1
haier,40,MALE,인천,중년_자녀동거,1,10,6.6,10,10,8.9,,,1.5,,,26.1,25.9,6.3,11.9
haier,40,MALE,전남,1인가구,1,,6.1,,,0.5,,,,,,13.1,20.8,1.9,10.9
haier,40,MALE,전남,,4,,,,,,,,,,,,,,
haier,40,MALE,전남,중년_자녀동거,1,,,,4.7,0.7,,,1.2,,,35.7,33.9,8.6,19.4
haier,40,MALE,전남,키즈맘_중학생,1,,,,8,9.2,,,3.9,,,19,31,3.1,14.8
haier,40,MALE,전북,키즈맘_중학생,1,,7.8,,8.6,2.5,,,,,,38.8,39,9.8,19.5
haier,40,MALE,전북,,3,,,,,,,,,,,,,,
haier,40,MALE,전북,키즈맘_초등생,1,0,7.5,0,9.8,9.5,,,9.8,,,17.8,28.7,2.1,12.7
haier,40,MALE,제주,,2,,,,,,,,,,,,,,
haier,40,MALE,제주,중년_자녀동거,2,,,,0,1.6,,,0.7,9.7,,27.3,28.6,7.9,14.4
haier,40,MALE,충남,,3,,,,,,,,,,,,,,
haier,40,MALE,충북,,11,10,7,10,8.4,8.9,10,,3.5,,,13.7,12.7,4.4,5.6
haier,40,MALE,충북,중년_자녀동거,4,10,7.6,10,6.3,6.6,,,9.8,7.6,,29.6,34.1,5.9,14.5
haier,40,MALE,충북,1인가구,1,,,,9.2,0.7,,,2.5,,,21.2,29.5,2.7,13.2
haier,50,FEMALE,,중년_자녀동거,2,10,7.7,10,7.5,4.9,,,,,,33.3,28.1,9.3,15.2
haier,50,FEMALE,,,9,,7.7,,8.2,5.8,,,4.7,2.7,7.8,36.4,34,9.2,16.8
haier,50,FEMALE,,중년_1인,1,10,6.8,10,8,9,,,0.2,,,24.6,13.9,9.4,8.8
haier,50,FEMALE,경기,,13,10,,10,8,3.2,,,,,,19.7,17.3,5.1,8.4
haier,50,FEMALE,경기,키즈맘_중학생,1,,7.5,,0,0.6,,,,,,23.2,19.5,6.3,9.2
haier,50,FEMALE,경기,중년_자녀동거,3,0,7.7,0,8,4.4,8,,4.6,,,32,32.9,8,15.3
haier,50,FEMALE,경기,중년_1인,2,,,,4.5,3.4,,,2.7,,,31.2,26.6,6.3,14.1
haier,50,FEMALE,경기,중년_2인,1,,,,7.9,8.1,,,,,,39.6,39.4,9.9,19.4
haier,50,FEMALE,경남,중년_자녀동거,1,,,,,4.8,,,2.3,,,34.6,37.6,8.3,17
haier,50,FEMALE,경남,,1,,,,,,,,,,,,,,
haier,50,FEMALE,경북,,1,,,,,,,,,,,,,,
haier,50,FEMALE,경북,중년_자녀동거,1,0,,0,9.1,9.1,8,,0.6,,,13.1,21.7,0.4,16.1
haier,50,FEMALE,광주,,1,,,,,,,,,,,,,,
haier,50,FEMALE,대구,,2,,,,,,,,,,,,,,
haier,50,FEMALE,대구,중년_자녀동거,1,,,,2.9,0.6,,,,,,38,38.3,9.7,18.2
haier,50,FEMALE,대전,,1,,,,,,,,,,,,,,
haier,50,FEMALE,부산,,4,,,,,,,,,,,,,,
haier,50,FEMALE,부산,중년_자녀동거,1,,,,9.9,6.5,,,0.7,,,15.5,25.2,1.2,17.3
haier,50,FEMALE,부산,중년_1인,1,,,,8,3,,,1.6,,,16.8,16.8,2.2,12.6
haier,50,FEMALE,서울,,8,,,,0,0.7,8,,2.1,,,9.3,9.2,2.5,4.9
haier,50,FEMALE,서울,중년_자녀동거,2,,,,8,4.4,8,,1.3,,,21.2,17.7,5,11.6
haier,50,FEMALE,서울,키즈맘_미취학,1,10,,10,7.9,9.8,,,0.2,,,17.2,17.1,4.6,8.8
haier,50,FEMALE,세종,,1,,,,,,,,,,,,,,
haier,50,FEMALE,세종,중년_자녀동거,1,,,,8,8.1,,,,,,16.8,15.5,3,9
haier,50,FEMALE,인천,,6,,,,8,8.2,,,1.5,,,12.3,15.2,0.3,14.3
haier,50,FEMALE,인천,중년_1인,1,,8.9,,2.9,9.6,,,9.5,,,29.1,33.9,7.6,13.8
haier,50,FEMALE,인천,중년_자녀동거,3,,7.8,,7,3.7,,9.7,4.6,2.7,,31.4,30,8.2,15.1
haier,50,FEMALE,전북,,1,,,,,,,,,,,,,,
haier,50,FEMALE,충남,,1,,,,,,,,,,,0,0,0,0
haier,50,FEMALE,충북,,1,,,,,,,,,,,,,,
haier,50,FEMALE,충북,중년_1인,1,,,,8,3.8,8,,9,,,38.2,37.9,9.6,18.7
haier,50,MALE,,중년_1인,2,,6.7,,8.9,0.8,,,1.5,,,28.2,33.9,5.1,15.9
haier,50,MALE,,키즈맘_중학생,1,10,8.5,10,8,8.5,,0,0.1,,,17.4,29.4,0.8,13.6
haier,50,MALE,,,23,0,6.6,0,4.9,5.7,,,2.2,,,19.9,21,4.7,9.6
haier,50,MALE,,중년_2인,4,10,,10,5.9,7.1,,,,,,28,30.3,7.3,15.2
haier,50,MALE,,중년_자녀동거,8,10,7.6,10,8.3,4.6,10,0,6.4,7.7,,23.2,30.8,3.9,14.7
haier,50,MALE,경기,중년_1인,1,,,,7.9,,,,3.7,,,20,32.1,1.2,14.2
haier,50,MALE,경기,키즈맘_미취학,1,,,,0.1,0.8,,,,,,0.3,0.4,0.1,0.1
haier,50,MALE,경기,중년_2인,3,,7.7,,7.3,6.6,,,2.6,,,35.1,36.3,9.3,16.9
haier,50,MALE,경기,중년_자녀동거,2,,7.6,,7,2.9,,,0,,,0.4,0.5,0.1,0.2
haier,50,MALE,경기,,25,10,8.1,10,8,4.9,6.4,8.9,2.4,5.2,,30.2,30.5,8.4,14.5
haier,50,MALE,경기,키즈맘_중학생,1,10,8.5,10,9.9,9.9,,8,1.3,,,17.6,24,3.9,8.9
haier,50,MALE,경남,,8,,7.6,,8.3,4.6,6.4,,1.1,,,36.1,37.2,8.7,18.7
haier,50,MALE,경남,중년_2인,1,,,,,3.8,,,,,,20.5,29.6,3.7,10.2
haier,50,MALE,경남,중년_자녀동거,2,,,,7.1,0.5,,,2,,,24.8,31.2,5.4,13.2
haier,50,MALE,경북,,1,0,7.9,0,6.6,9.7,,,9.9,,,38.4,38.1,9.7,19.2
haier,50,MALE,광주,,1,,,,,,,,,,,,,,
haier,50,MALE,광주,키즈맘_중학생,1,,6.7,,8,1,,,0.6,,,14.8,25.4,0.8,11.2
haier,50,MALE,대구,중년_2인,1,,7.5,,7.6,0.7,,,,,,36,35.8,9.2,18.1
haier,50,MALE,대구,,3,,7.9,,6.6,7,,,0.5,,,36.6,37.3,9.1,18.1
haier,50,MALE,대구,중년_자녀동거,1,,,,8.6,4.1,,,0.3,,,33.6,37.2,8.6,17.4
haier,50,MALE,대전,중년_1인,1,,,,5.9,,10,,0.1,,,37.6,38.3,9,18.1
haier,50,MALE,대전,,3,,,,,,,,,,,,,,
haier,50,MALE,대전,중년_자녀동거,1,,7.8,,,0.7,,,,,,32.8,32.4,8,15.6
haier,50,MALE,부산,중년_자녀동거,3,,7.7,,10,7.5,,,4.8,,,21.4,20.9,4,8.9
haier,50,MALE,부산,,4,,,,,,,,,,,,,,
haier,50,MALE,서울,키즈맘_중학생,1,,6.7,,0,,,,,,,13.3,15.9,2.5,7.9
haier,50,MALE,서울,,15,10,7.8,10,8.8,9.7,,0,1.6,,,37,36.7,9.3,18.5
haier,50,MALE,서울,중년_1인,2,,7.7,,10,0.6,,,1.3,,,19.4,19.5,4.7,9.7
haier,50,MALE,서울,중년_2인,1,,6.6,,8.9,0.7,,,,,,19.4,30.4,3.2,10.7
haier,50,MALE,서울,중년_자녀동거,7,8.2,7,8.2,7.3,7.3,,0.1,1.3,7.7,,19.2,23.1,3.4,9.7
haier,50,MALE,세종,,1,,,,,,,,,,,,,,
haier,50,MALE,울산,,1,,7.4,,0,0.8,,,0.5,,,27.8,25,8.4,8
haier,50,MALE,인천,키즈맘_초등생,1,,,,3.4,5.3,,,1.8,,,36.4,36.7,9.2,17.9
haier,50,MALE,인천,중년_2인,1,,,,,,6.4,,0.8,,,0.5,0.5,0.1,0.2
haier,50,MALE,인천,,8,,,,,,,,,,,,,,
haier,50,MALE,인천,중년_1인,2,,6.8,,8,9.9,,,6.4,,,33,34.6,7.5,16.7
haier,50,MALE,인천,중년_자녀동거,3,,7.9,,8,0.7,6.4,,0.7,,,24.9,32.7,4,16.3
haier,50,MALE,인천,키즈맘_중학생,1,,6.6,,8,8.5,,,0.2,,,15.9,21.6,2.9,10.9
haier,50,MALE,전남,,4,,,,,2.7,,,1.9,,,31.9,32.1,9.4,10.9
haier,50,MALE,전남,중년_자녀동거,2,,6.7,,8,9.4,,,9.4,,,23.4,28.4,5.7,10.4
haier,50,MALE,충남,중년_2인,1,,,,8,0.7,,,,,,13.1,21.9,1.4,8.9
haier,50,MALE,충남,중년_1인,1,,7.6,,9.8,0.4,,,,2,,35.8,35.5,9.2,16.3
haier,50,MALE,충남,,4,,,,5.9,0.9,,,,,,34.6,34.8,9.2,17.6
haier,50,MALE,충북,,5,,,,7.9,,,,1.9,,,0,0,0,0
haier,50,MALE,충북,중년_자녀동거,1,0,7.8,0,7.9,0.8,,,1.1,,,13.2,20.2,0.5,10
haier,60,FEMALE,,,3,,,,,,,,,,,,,,
haier,60,FEMALE,,중년_자녀동거,2,,,,5.7,0.5,,,1,,,25.4,28.7,5.2,15.5
haier,60,FEMALE,,시니어,1,,8.1,,7.9,9.9,,,9.9,,,0,0,0,0
haier,60,FEMALE,강원,,1,,,,,,,,,,,,,,
haier,60,FEMALE,경기,키즈맘_미취학,1,10,8.1,10,,7.6,,,,3.5,,16.9,16.9,4.3,8.6
haier,60,FEMALE,경기,,9,,8.4,,,6.4,,,2.4,,,39.4,38.6,9.7,18.7
haier,60,FEMALE,경기,중년_1인,1,10,8.3,10,7.5,9.9,,,9.5,,,38.6,38.1,9.8,18.5
haier,60,FEMALE,경기,중년_자녀동거,4,,8.3,,9.9,3.2,,0,0.6,3.3,,28,27.7,7.1,14.3
haier,60,FEMALE,경남,,3,,,,,,,,,,,,,,
haier,60,FEMALE,경남,중년_자녀동거,1,,9.5,,9,0.3,,,1.5,,,17,16.9,4.2,8.7
haier,60,FEMALE,경북,중년_2인,1,,,,2.3,0.6,,,,3.2,,38.2,38.7,9.6,19.2
haier,60,FEMALE,경북,,1,,,,,,,,,,,,,,
haier,60,FEMALE,대구,,1,,,,,,,,,,,,,,
haier,60,FEMALE,대구,중년_2인,1,0,,0,8,7.7,,0,0,,,11.9,11.6,1.9,8.9
haier,60,FEMALE,부산,,1,,,,,,,,,,,,,,
haier,60,FEMALE,서울,,6,,,,8.6,9.6,,,9.9,,,22.9,19.6,9.1,9.6
haier,60,FEMALE,서울,중년_자녀동거,2,10,8.2,10,7.9,,,,2.4,,,6.3,8.3,0.2,5.9
haier,60,FEMALE,인천,,1,,,,,,,,,,,,,,
haier,60,FEMALE,인천,중년_자녀동거,1,,,,8,4,,,0.6,,8.3,19.4,16,6.3,7
haier,60,FEMALE,전북,,1,,,,,,,,,,,,,,
haier,60,MALE,,중년_1인,2,,,,5.9,,,,,,,18.7,17.7,4.8,9.8
haier,60,MALE,,시니어,2,,8,,1.9,0.9,,,0.2,,,18.1,17.6,4.6,8.9
haier,60,MALE,,,9,,,,,,,,,,,,,,
haier,60,MALE,,중년_자녀동거,3,,8,,7.5,1.5,,,1,,,28.2,28.7,7.1,13.5
haier,60,MALE,경기,시니어,1,,,,,2.6,,,0.3,,,17.7,29.4,0.5,15.7
haier,60,MALE,경기,중년_자녀동거,2,,,,10,1.7,,,1.8,,,18,24.2,2.9,9.6
haier,60,MALE,경기,,8,,,,,,,,,,,,,,
haier,60,MALE,경기,중년_1인,1,,8,,8,0.6,,,,,,37.9,37.9,9.5,18.3
haier,60,MALE,경북,,1,,,,,,,,,,,,,,
haier,60,MALE,경북,시니어,1,,,,8,0.8,,,0.5,,,0,0,0,0
haier,60,MALE,광주,중년_2인,1,,,,7.9,,,,,,,21.1,27.9,2.4,11.2
haier,60,MALE,광주,,2,,,,,,,,,,,,,,
haier,60,MALE,대구,,1,,,,,,,,,,,,,,
haier,60,MALE,대전,,2,10,,10,9.2,0.7,,,1.8,,,37.2,38.3,9,18.3
haier,60,MALE,대전,중년_자녀동거,1,,,,8,,,,,,,20.8,26.3,4.7,7.6
haier,60,MALE,부산,,1,,,,,,,,,,,,,,
haier,60,MALE,서울,키즈맘_중학생,1,,,,5.8,0.6,,,1.1,,,32.6,36.2,9,18
haier,60,MALE,서울,시니어,1,,,,,,,,,,,16.5,28.2,1.1,10.5
haier,60,MALE,서울,중년_1인,2,,8.1,,5.8,9.2,,,2.2,9.6,,24.1,31.3,4.5,13.6
haier,60,MALE,서울,중년_2인,1,,,,7.8,1.6,,,2.1,,,39.2,39.1,9.8,19.2
haier,60,MALE,서울,중년_자녀동거,3,0,8.1,0,8,4.6,6.4,,1.4,,,23.4,30.3,3.8,13.9
haier,60,MALE,서울,키즈맘_미취학,1,,,,7.6,6.5,,,,,,38.5,37.9,9.7,18.2
haier,60,MALE,서울,,12,,,,,,,,,,,,,,
haier,60,MALE,인천,,4,,,,,,,,,,,,,,
haier,60,MALE,인천,중년_자녀동거,1,,8,,8,2.3,,,,,,19.5,28.9,3.1,10.6
haier,60,MALE,전남,중년_1인,1,,,,8,9.2,,,,,,25.3,32.6,9.4,12.9
haier,60,MALE,전남,,2,,,,,,,,,,,,,,
haier,60,MALE,충남,,1,,,,,,,,,,,,,,
haier,70,FEMALE,,,4,,,,,,,,,,,,,,
haier,70,FEMALE,,시니어,2,,,,7.8,0.7,8,,1.5,,,0,0,0,0
haier,70,FEMALE,,중년_자녀동거,1,,,,8,7.8,,,2.2,,,0,0,0,0
haier,70,FEMALE,광주,,1,,,,,,,,,,,,,,
haier,70,FEMALE,광주,중년_자녀동거,1,,,,8,0.5,,,,,,0,0,0,0
haier,70,FEMALE,인천,키즈맘_중학생,1,,,,,0.5,,,,,,0,0,0,0
haier,70,FEMALE,인천,,2,,,,,,,,,,,,,,
haier,70,FEMALE,인천,시니어,1,,,,0,,,,,,,0,0,0,0
haier,70,FEMALE,충남,중년_2인,1,,,,,,,,,,,0,0,0,0
haier,70,FEMALE,충남,,1,,,,,,,,,,,,,,
haier,70,MALE,,시니어,1,,,,9.8,,,,,,,0,0,0,0
haier,70,MALE,,,3,,,,,,,,,,,,,,
haier,70,MALE,경기,,1,,,,,,,,,,,,,,
haier,70,MALE,대전,,1,,,,,1,,,,,,0,0,0,0
haier,70,MALE,서울,,2,,,,,,,,,,,,,,
haier,70,MALE,서울,시니어,1,,,,,,,,,,,0,0,0,0
haier,70,MALE,전북,시니어,1,,,,,,,,,,,0,0,0,0
haier,70,MALE,전북,,1,,,,,,,,,,,,,,
haier,80,MALE,경기,시니어,1,,,,,,,,1.7,,,0,0,0,0
haier,80,MALE,경기,,1,,,,,,,,,,,,,,
haier,80,MALE,충남,,1,,,,,,,,,,,,,,
haier,80,MALE,충남,시니어,1,,,,8,0.3,,,,,,0,0,0,0
himart,,,,,182,10,5.3,10,6.2,2.7,,,5.3,,,0,0,0,0
himart,,,강원,,5,,,,,,,,,,,,,,
himart,,,경기,,238,,,,,,,,,,,,,,
himart,,,경남,,9,,,,,,,,,,,,,,
himart,,,경북,,11,,,,,,,,,,,,,,
himart,,,광주,,5,,,,,,,,,,,,,,
himart,,,대구,,12,,,,,,,,,,,,,,
himart,,,대전,,8,,,,,,,,,,,,,,
himart,,,부산,,126,,,,,,,,,,,,,,
himart,,,서울,,731,10,9.2,10,3.3,,,,,,,0,0,0,0
himart,,,울산,,8,,,,,,,,,,,,,,
himart,,,인천,,33,,,,,,,,,,,,,,
himart,,,전남,,10,,,,,,,,,,,,,,
himart,,,전북,,9,,,,,,,,,,,,,,
himart,,,제주,,2,,,,,,,,,,,,,,
himart,,,충남,,13,,,,,,,,,,,,,,
himart,,,충북,,21,,,,,,,,,,,,,,
himart,00,FEMALE,,,41,,,,,,,,,,,0,0,0,0
himart,00,FEMALE,,키즈맘_초등생,15,10,9.9,10,8,1.5,,0,3,,,0,0,0,0
himart,00,FEMALE,,키즈맘_중학생,1,,,,,,,,,,,0,0,0,0
himart,00,FEMALE,경기,,3,,9.9,,,,,,,,,0,0,0,0
himart,00,FEMALE,경남,,2,,,,,,,,,,,,,,
himart,00,FEMALE,경남,키즈맘_미취학,1,,,,,1.3,,,,,,0,0,0,0
himart,00,FEMALE,부산,,1,,9.9,,0,0.6,,,,,,0,0,0,0
himart,00,FEMALE,울산,,1,,,,,,,,,,,,,,
himart,00,FEMALE,전남,,1,,,,,,,,,,,,,,
himart,00,MALE,,키즈맘_초등생,9,10,9.9,10,7.3,1.9,,,0.6,,,0,0,0,0
himart,00,MALE,,,51,,,,,,,,,,,,,,
himart,00,MALE,,키즈맘_중학생,2,,9.9,,,4.2,6.4,,2,,,0,0,0,0
himart,00,MALE,,키즈맘_미취학,1,,,,,2,,,0.2,,,0,0,0,0
himart,00,MALE,경기,키즈맘_중학생,1,,9.9,,,1.4,,,,,,0,0,0,0
himart,00,MALE,경기,,6,,,,,,,,,,,0,0,0,0
himart,00,MALE,경기,키즈맘_초등생,1,,9.9,,,,,,,,,0,0,0,0
himart,00,MALE,경남,,1,,,,,,,,,,,,,,
himart,00,MALE,부산,키즈맘_중학생,1,,9.9,,9.5,0.7,,,2.2,,,0,0,0,0
himart,00,MALE,부산,,1,,,,,,,,,,,,,,
himart,00,MALE,서울,,1,,,,,,,,,,,,,,
himart,00,MALE,서울,키즈맘_초등생,1,,9.9,,8,3.6,,,,10,,0,0,0,0
himart,00,MALE,인천,키즈맘_초등생,1,10,9.9,10,,,,8,,,,0,0,0,0
himart,00,MALE,인천,,2,,,,,,,,,,,,,,
himart,00,MALE,충남,,1,,,,,,,,,,,,,,
himart,10,FEMALE,,키즈맘_초등생,23,10,7.8,10,6.8,3.5,,2.1,4.3,,,0,0,0,0
himart,10,FEMALE,,,256,5.4,7.7,5.4,6.9,4.5,,8,7.4,,,13,11.4,3.5,6
himart,10,FEMALE,,중년_자녀동거,34,5,8,5,6.1,1.9,,4.1,5.3,,9.2,12,12.1,3.3,5.8
himart,10,FEMALE,,키즈맘_중학생,49,8.5,8.3,8.5,6.7,3.3,2.5,5.6,5.1,3,,3.7,3.6,0.8,1.8
himart,10,FEMALE,강원,,17,,,,,,,,,,,0,0,0,0
himart,10,FEMALE,강원,중년_자녀동거,2,,7.6,,8,0.4,,,,,,6.5,9.1,0.2,7.2
himart,10,FEMALE,강원,키즈맘_중학생,4,10,7.7,10,9.7,0.4,,,,,,3.1,2.4,0.9,2.1
himart,10,FEMALE,강원,키즈맘_초등생,1,,8.4,,6.9,1.5,,0.1,7.5,,,35.9,34.6,9.3,17.8
himart,10,FEMALE,경기,,147,6.6,7.9,6.6,5.7,1.3,,4,2.3,,,8.7,7.7,2.4,3.7
himart,10,FEMALE,경기,키즈맘_중학생,41,6.2,7.9,6.2,4.6,0.9,,0.9,1.9,3.1,,0.8,0.7,0.1,0.7
himart,10,FEMALE,경기,키즈맘_초등생,13,8,7.8,8,5.1,1.7,,3.6,2.1,,,0,0,0,0
himart,10,FEMALE,경기,중년_자녀동거,24,5.6,7.9,5.6,6.6,1.7,,8,3.6,9.6,,22.2,22.5,5.5,10.6
himart,10,FEMALE,경남,키즈맘_중학생,7,10,8.1,10,5.8,1,,4,2.2,,,10.9,10.8,2.6,4.7
himart,10,FEMALE,경남,,28,,7.8,,6.8,0.4,,,,,,0,0,0,0
himart,10,FEMALE,경남,키즈맘_초등생,5,,7.7,,5.8,0.2,,,4.6,,,0,0,0,0
himart,10,FEMALE,경남,중년_자녀동거,4,10,8.4,10,7.9,0.4,,0,,,,16.3,16,4.6,7.8
himart,10,FEMALE,경북,키즈맘_중학생,3,0,7.8,0,7.6,1.3,,,0.9,,,0,0,0,0
himart,10,FEMALE,경북,키즈맘_초등생,4,,7.5,,6.3,8.3,,,3.9,,,0,0,0,0
himart,10,FEMALE,경북,,21,,7.7,,2.2,7.1,,,5.8,,,18,18.6,4.7,9.2
himart,10,FEMALE,광주,키즈맘_중학생,7,10,7.9,10,4.5,0.8,,1.6,7.5,,,5.6,5.6,1.4,2.6
himart,10,FEMALE,광주,,18,,,,8,0.4,,,,,,0,0,0,0
himart,10,FEMALE,광주,중년_자녀동거,2,10,7.8,10,7.6,5.6,,,8.3,,,39,39.2,9.7,17.2
himart,10,FEMALE,대구,,12,,7.6,,,1.4,,,,,,0,0,0,0
himart,10,FEMALE,대구,키즈맘_중학생,1,,,,,,,,,,,0,0,0,0
himart,10,FEMALE,대구,중년_자녀동거,2,,7.5,,3.5,7.1,,0.1,9.7,,,0,0,0,0
himart,10,FEMALE,대구,키즈맘_초등생,3,,7.9,,4.3,0.4,,,,,,12.5,12.6,3,6.4
himart,10,FEMALE,대전,키즈맘_초등생,2,10,,10,7.8,1.3,,,0.9,,,0,0,0,0
himart,10,FEMALE,대전,키즈맘_중학생,4,,7.9,,7.8,4,0,,4,9.8,,0,0,0,0
himart,10,FEMALE,대전,,26,,,,,,,,,,,,,,
himart,10,FEMALE,대전,중년_자녀동거,7,10,8.2,10,8.2,5.1,8,8.6,6,,,19.8,20.2,4.3,10.7
himart,10,FEMALE,부산,키즈맘_초등생,3,,,,,,,,,,,0,0,0,0
himart,10,FEMALE,부산,키즈맘_중학생,13,7.4,8.1,7.4,5.6,4.3,,8,5.6,,,0,0,0,0
himart,10,FEMALE,부산,,34,,,,,,,,,,,0,0,0,0
himart,10,FEMALE,부산,중년_자녀동거,5,0,7.8,0,6.6,3.1,,,0.7,,,28.4,29.3,7.2,10.6
himart,10,FEMALE,서울,키즈맘_중학생,4,10,7.8,10,,4.9,,,9.7,,,0,0,0,0
himart,10,FEMALE,서울,키즈맘_초등생,5,6.6,7.7,6.6,6.9,1.7,,8,6,,,0,0,0,0
himart,10,FEMALE,서울,중년_자녀동거,12,10,7.8,10,7.2,2.4,,0.1,4,,,19.7,20.4,5,9.3
himart,10,FEMALE,서울,,58,,8.3,,5.3,2.7,,,8.5,,,9,9.3,2.1,4.5
himart,10,FEMALE,세종,,1,,,,,,,,,,,,,,
himart,10,FEMALE,울산,중년_자녀동거,4,,7.8,,7.1,0.8,,8,1.7,,,11.8,14.1,1.9,7.9
himart,10,FEMALE,울산,키즈맘_중학생,2,,,,0,,,,,,,0,0,0,0
himart,10,FEMALE,울산,키즈맘_초등생,1,2.6,9.5,2.6,7.9,1.4,,,1,,,0,0,0,0
himart,10,FEMALE,울산,,9,,,,,,,,,,,,,,
himart,10,FEMALE,인천,중년_자녀동거,5,10,7.9,10,7.7,5.2,,0,8,,,14.6,13.5,3.9,6.1
himart,10,FEMALE,인천,,28,,,,,,,,,,,,,,
himart,10,FEMALE,인천,키즈맘_중학생,6,10,8.1,10,5.5,1.2,,4.5,,,,6.5,6.4,1.6,2.9
himart,10,FEMALE,인천,키즈맘_초등생,2,,9,,5.6,0.5,,,,,,15.7,17.1,3.3,8
himart,10,FEMALE,전남,키즈맘_초등생,1,,,,,,,,,,,0,0,0,0
himart,10,FEMALE,전남,중년_자녀동거,3,10,7.6,10,4.9,3.2,,,1.5,,,11.4,14.5,2,7.7
himart,10,FEMALE,전남,,13,,,,,,,,,,,,,,
himart,10,FEMALE,전남,키즈맘_중학생,5,10,7.6,10,2.8,0.6,,,1.7,,,0,0,0,0
himart,10,FEMALE,전북,키즈맘_중학생,6,10,7.9,10,6.3,0.4,,,,,,13,12.7,3.2,5.7
himart,10,FEMALE,전북,중년_자녀동거,6,5,7.7,5,6.5,4.9,,4.3,4.1,9.9,,22.4,21.9,5.7,11.6
himart,10,FEMALE,전북,,26,,,,,0.6,,,,,,10.7,8.7,1.7,9.2
himart,10,FEMALE,전북,키즈맘_초등생,3,10,,10,6,1.1,,,0.4,,,0,0,0,0
himart,10,FEMALE,제주,중년_자녀동거,3,10,8.2,10,9.7,5.2,,8,8.2,,,19.3,19.5,3.8,10.5
himart,10,FEMALE,제주,키즈맘_초등생,1,,7.9,,5.5,,,,,,,39,38.5,9.5,19
himart,10,FEMALE,제주,키즈맘_중학생,3,10,7.7,10,6.4,0.8,,,3.3,,,0,0,0,0
himart,10,FEMALE,제주,,10,,,,,,,,,,,,,,
himart,10,FEMALE,충남,키즈맘_초등생,6,0,8.4,0,7.9,1.4,,,0.5,,,0,0,0,0
himart,10,FEMALE,충남,중년_자녀동거,5,3.4,8.1,3.4,7.9,0.4,,0,2.3,,,8.4,9,1.6,5.2
himart,10,FEMALE,충남,키즈맘_중학생,10,,7.7,,6.3,1.6,,0,4.1,,,1.1,1.3,0,1
himart,10,FEMALE,충남,,33,,7.5,,,,,,,,,0,0,0,0
himart,10,FEMALE,충북,,15,,,,,,,,,,,0,0,0,0
himart,10,FEMALE,충북,중년_자녀동거,2,0,7.5,0,0,0.7,,,,,,5.8,7,0.2,6.2
himart,10,FEMALE,충북,키즈맘_중학생,4,10,7.6,10,6.3,1,,,0.5,,,0,0,0,0
himart,10,MALE,,키즈맘_초등생,38,8.5,7.8,8.5,6.7,3.2,,6.4,3,0.1,,1,1.2,0.2,0.5
himart,10,MALE,,키즈맘_중학생,110,8,7.9,8,6.6,1,6.4,2.4,2.1,6.6,9.1,5.9,6.6,1.3,3
himart,10,MALE,,중년_자녀동거,96,6.9,7.9,6.9,6.9,2.6,5.7,2.9,3.2,,,17.9,20.4,3.8,9
himart,10,MALE,,,535,7.5,7.9,7.5,6.7,2,3.8,3.5,4,,9.2,16.6,15.8,4.4,7.4
himart,10,MALE,강원,키즈맘_초등생,2,,7.9,,,0.1,,,,,,0,0,0,0
himart,10,MALE,강원,키즈맘_중학생,6,5,8.1,5,6.2,4.8,,0,3.4,,,11.9,12.3,3,4.8
himart,10,MALE,강원,,22,,7.5,,8,,,,,,,0,0,0,0
himart,10,MALE,강원,중년_자녀동거,5,0,7.8,0,8.3,2.9,,,3.3,,9.1,25.8,30.3,5.9,13
himart,10,MALE,경기,,294,6.3,7.7,6.3,7.2,1.4,,4,2.8,,,15.2,14.3,4,6.5
himart,10,MALE,경기,키즈맘_초등생,18,10,7.8,10,6.3,0.7,,0.1,0.6,0.1,,1.4,2,0.1,1.2
himart,10,MALE,경기,중년_자녀동거,58,7.6,7.8,7.6,7.5,2.2,2.9,2.4,3.3,1.9,,20.6,23.7,4.4,10.5
himart,10,MALE,경기,키즈맘_중학생,80,8.3,7.9,8.3,7.1,1.8,,6.6,2.7,6.5,,2.5,3,0.6,1.3
himart,10,MALE,경남,,76,,8.1,,8.5,1.3,,0,,,,9.3,9.1,2.3,4.6
himart,10,MALE,경남,키즈맘_초등생,5,10,7.8,10,7.5,0.4,,,,,,0,0,0,0
himart,10,MALE,경남,중년_자녀동거,13,6.7,7.7,6.7,6.8,0.9,,,3.5,0.1,,11.6,14.7,2.4,6.1
himart,10,MALE,경남,키즈맘_중학생,19,10,7.9,10,8.1,1.5,,0,2,9.6,,3.4,3.5,0.9,1.3
himart,10,MALE,경북,중년_자녀동거,9,10,8.1,10,8.6,0.7,,,0.9,,,20.7,23.4,5,10.1
himart,10,MALE,경북,키즈맘_초등생,3,,7.5,,9.8,4.4,,,1.3,9.6,9.1,0,0,0,0
himart,10,MALE,경북,,59,,,,,0.5,,,,,,0,0,0,0
himart,10,MALE,경북,키즈맘_중학생,12,10,7.8,10,5.9,1.2,7.2,,0.5,,,2.9,4.7,0.3,1.9
himart,10,MALE,광주,키즈맘_중학생,7,10,7.9,10,7,1.3,,,2.1,,,5.4,5.4,1.3,2.2
himart,10,MALE,광주,중년_자녀동거,5,10,7.8,10,6.6,1,,,0.8,,9.1,13.9,18.6,2.2,8.4
himart,10,MALE,광주,키즈맘_초등생,2,10,7.8,10,,2.1,,0,2.5,,,8.1,13,0.3,6
himart,10,MALE,광주,,30,10,8.5,10,2.4,,,4,,,,0,0,0,0
himart,10,MALE,대구,키즈맘_중학생,8,10,8,10,6.4,0.8,,4,0.2,,,9.1,11,1.4,6
himart,10,MALE,대구,키즈맘_초등생,1,,7.8,,6.5,0.4,,,,,,0,0,0,0
himart,10,MALE,대구,중년_자녀동거,6,6.2,7.5,6.2,4.1,1.6,,,4,,,10.4,15.2,1,6.5
himart,10,MALE,대구,,26,,7.8,,8.1,0.4,,,,,,8,4.4,2.9,1.4
himart,10,MALE,대전,,28,10,7.5,10,,1.3,,,,,,0,0,0,0
himart,10,MALE,대전,키즈맘_초등생,1,,,,,,,,,,,0,0,0,0
himart,10,MALE,대전,중년_자녀동거,6,10,7.7,10,6.6,3.2,,8,3.9,,,24.8,27.2,5.8,13.3
himart,10,MALE,대전,키즈맘_중학생,4,10,7.5,10,7.9,0.6,,,,,,0,0,0,0
himart,10,MALE,부산,키즈맘_중학생,17,7.5,8,7.5,5.3,1.2,,,1.8,,,0,0,0,0
himart,10,MALE,부산,중년_자녀동거,6,6.1,7.7,6.1,7.2,1.1,,8,,,,7,11.3,0.2,5.4
himart,10,MALE,부산,키즈맘_초등생,6,,7.9,,8.3,,,,,,,5.6,5.7,1.5,1.6
himart,10,MALE,부산,,64,,7.8,,8.9,1,,,,,,7.4,6.9,1.7,3.3
himart,10,MALE,서울,중년_자녀동거,26,5.4,7.9,5.4,7.3,1.3,9,0,2.4,0.1,,14.5,16.7,3.1,7.5
himart,10,MALE,서울,키즈맘_중학생,26,10,7.8,10,6.9,1.7,,0.1,1,0.2,,2,2.2,0.4,1
himart,10,MALE,서울,,113,3.6,7.6,3.6,7.1,0.4,2.9,,0.9,,,20.6,15.6,6.2,8
himart,10,MALE,서울,키즈맘_초등생,12,8.8,7.7,8.8,6.5,1.7,,0.3,1.2,9.8,,3.8,4.1,0.8,2.1
himart,10,MALE,세종,키즈맘_중학생,2,,9.5,,,0.5,,,,,,0,0,0,0
himart,10,MALE,세종,,6,,,,,,,,,,,,,,
himart,10,MALE,세종,중년_자녀동거,2,,7.5,,10,0.5,,,1.4,,,15.6,24.5,1,10.2
himart,10,MALE,울산,키즈맘_중학생,1,,,,,,,,,,,0,0,0,0
himart,10,MALE,울산,,19,10,7.5,10,8,0.5,,,,,,33.4,31,9,14.3
himart,10,MALE,울산,키즈맘_초등생,4,,8.1,,6.3,0.4,,0.3,,,,0,0,0,0
himart,10,MALE,울산,중년_자녀동거,4,10,7.7,10,7.7,6,,,5.6,,,13,15.4,3.2,5.1
himart,10,MALE,인천,중년_자녀동거,21,7,7.9,7,7.3,2.9,,2.7,2.4,,,15.9,18,3.7,8
himart,10,MALE,인천,,84,10,7.6,10,6.1,1.5,,,2.3,,,9.8,8.4,2.5,3.5
himart,10,MALE,인천,키즈맘_중학생,19,8.6,7.8,8.6,6.9,2.7,6.4,,3.3,,,1.7,1.9,0.5,0.6
himart,10,MALE,인천,키즈맘_초등생,6,10,7.8,10,10,5.2,,,9.4,,,0,0,0,0
himart,10,MALE,전남,키즈맘_초등생,3,10,7.7,10,5.2,,,,,,,5.9,5.3,1.5,2
himart,10,MALE,전남,,24,,7.5,,,3.4,,,,,,12.4,12.9,3.1,5.9
himart,10,MALE,전남,키즈맘_중학생,8,10,7.7,10,2.1,6,,,8.8,,,0,0,0,0
himart,10,MALE,전남,중년_자녀동거,4,,8,,6.6,0.4,,,,,,28.6,28.5,7.1,13.2
himart,10,MALE,전북,중년_자녀동거,8,10,7.8,10,7.1,4.5,,,5.6,,,23.5,23.9,5.5,10.3
himart,10,MALE,전북,키즈맘_중학생,14,10,7.8,10,6.2,2.3,0.4,,4.2,,,10.5,11.9,3,4.1
himart,10,MALE,전북,,43,,8.5,,9.7,,,0.1,,,,36.4,35,9.4,17.7
himart,10,MALE,전북,키즈맘_초등생,6,,,,2,0.4,,,,,,7.5,9.8,1.6,3.9
himart,10,MALE,제주,키즈맘_중학생,6,0.1,7.8,0.1,7.1,0.8,,8,0.4,,,4.4,5.3,1.3,1.8
himart,10,MALE,제주,키즈맘_초등생,1,,7.5,,,0.7,,,3,,,0,0,0,0
himart,10,MALE,제주,,25,10,7.9,10,4.9,0.8,,0,1.1,,,19.1,19.4,4.7,9.6
himart,10,MALE,제주,중년_자녀동거,3,,7.5,,0,2.7,,,9.2,,,14.4,20,1.8,11.1
himart,10,MALE,충남,중년_자녀동거,13,7.1,7.9,7.1,6.6,0.4,,0,1.7,,,18.4,19.9,4.2,8.6
himart,10,MALE,충남,키즈맘_중학생,21,10,8,10,4.8,2.5,,2.5,2.1,,,4.1,5.4,0.8,2.3
himart,10,MALE,충남,,81,,7.8,,8,0.8,,,,,,16.4,15,4.5,7.4
himart,10,MALE,충남,키즈맘_초등생,6,,7.7,,7.8,0.6,,,1.2,,,4.7,5.3,1.3,2.1
himart,10,MALE,충북,,30,,,,,,,,,,,,,,
himart,10,MALE,충북,키즈맘_중학생,11,0.1,8.4,0.1,7.2,2.2,,,1.2,,,3.1,3.2,0.8,1.5
himart,10,MALE,충북,키즈맘_초등생,5,,7.5,,3.4,0.7,,,1.2,0.1,,9.3,11.9,2,4.5
himart,10,MALE,충북,중년_자녀동거,3,10,8,10,7.2,3.1,,0.1,0.3,8.2,,21.4,23.8,5.8,11.1
himart,100,FEMALE,경기,시니어,1,10,9.2,10,8.9,9.2,,,4.6,3.2,,0,0,0,0
himart,100,FEMALE,경기,,2,,,,,,,,,,,,,,
himart,100,FEMALE,인천,,1,,,,,,,,,,,,,,
himart,100,FEMALE,인천,시니어,1,,9.2,,7.8,1,,,4.1,,,0,0,0,0
himart,100,MALE,인천,시니어,1,,8.7,,0,,,,,,,0,0,0,0
himart,100,MALE,인천,,1,,,,,,,,,,,,,,
himart,20,FEMALE,,1인가구,227,8.1,7.4,8.1,7.1,6.3,8.1,5.5,7,6.6,7.5,23.4,23.5,5.7,12.3
himart,20,FEMALE,,중년_자녀동거,452,7.6,7.3,7.6,6.6,5.2,4,5.1,7.1,5.7,8,22.2,21.9,5.4,11.8
himart,20,FEMALE,,키즈맘_중학생,40,7.9,6.9,7.9,7.2,4.5,,4.5,6.5,8.8,,20.6,20.5,4.9,11.4
himart,20,FEMALE,,2인가구,36,7.7,7.5,7.7,6.7,6.6,8,6.8,7.5,5.4,,21.8,21.1,5,12.2
himart,20,FEMALE,,키즈맘_미취학,64,7.8,7.2,7.8,6.3,5.1,5.6,3.5,6.1,4.9,7.8,22,21.8,5.3,12
himart,20,FEMALE,,키즈맘_초등생,16,7.5,7.2,7.5,6.6,5.9,9.1,8,7,4.3,,20.2,20,4.5,11.1
himart,20,FEMALE,,,1884,8.2,7.4,8.2,6.8,5.9,6.9,4,7.1,5.7,7.6,24.7,22.4,6.9,11.8
himart,20,FEMALE,강원,키즈맘_초등생,1,5.2,7.9,5.2,5.6,9.9,,,9.9,9.9,,32.1,36,7.9,18.5
himart,20,FEMALE,강원,2인가구,1,,8.6,,8,9.7,,9,10,,,18.7,18.7,5.2,10.1
himart,20,FEMALE,강원,키즈맘_미취학,5,2.2,6.9,2.2,6.9,7.6,8,,6.1,9.8,8.1,25.4,28.4,6.4,13.7
himart,20,FEMALE,강원,중년_자녀동거,24,8.9,7.4,8.9,6.1,5.5,8,3.1,7.4,8,,22.3,21.6,5.8,11.1
himart,20,FEMALE,강원,1인가구,18,7.3,7.4,7.3,6.2,5.8,8,9,6.8,5.7,7.6,22.4,22.3,5.9,11.4
himart,20,FEMALE,강원,,97,9.7,7.4,9.7,6.9,5.8,,0.5,8.5,8.3,,23.7,19.4,7.3,11
himart,20,FEMALE,경기,키즈맘_초등생,24,7.8,7.7,7.8,7.3,4.7,8,6.1,7.5,8.1,,22.9,23.5,5.7,11.9
himart,20,FEMALE,경기,중년_자녀동거,347,7.4,7.4,7.4,7.1,4.8,7.1,4.7,6.2,6.6,7.6,23,22.3,5.6,11.8
himart,20,FEMALE,경기,키즈맘_미취학,60,7.7,7.5,7.7,7.3,6.8,10,4.6,7,5.4,,22.4,21.7,5.4,11.7
himart,20,FEMALE,경기,2인가구,16,9.3,7.5,9.3,8.1,8.3,4.1,5.9,7.8,,,21.8,21.3,5.6,11.9
himart,20,FEMALE,경기,1인가구,138,9,7.4,9,6.7,6.3,8,5,7.2,4.8,7.8,22.4,21.7,5.5,11.8
himart,20,FEMALE,경기,,1136,7.3,7.4,7.3,6.5,5.6,6.3,5.2,6.7,7.1,7.5,24.6,21.1,7.2,11.4
himart,20,FEMALE,경기,키즈맘_중학생,26,7,7.5,7,5.7,4.4,8,4.8,6.8,8.4,7.5,22,21,5.3,11.7
himart,20,FEMALE,경남,키즈맘_초등생,1,,,,1,3.2,,,0.6,,,35.2,34.7,8.1,16.3
himart,20,FEMALE,경남,2인가구,2,5.1,6.3,5.1,8,2,,,4.7,,,17.8,11.7,5,9.6
himart,20,FEMALE,경남,1인가구,31,6.9,7.6,6.9,6.7,6.1,,2.6,7,0.3,7.6,23.6,23.7,5.4,12.2
himart,20,FEMALE,경남,중년_자녀동거,51,6.8,7.3,6.8,6.4,4.6,8,5.9,6.8,8.8,,23.4,22.8,5.6,12
himart,20,FEMALE,경남,키즈맘_미취학,13,7.2,7.6,7.2,5.7,7.7,,8.4,8,,,24.3,20.8,6,12
himart,20,FEMALE,경남,,210,7.4,7.2,7.4,6.8,6.5,,5,8.3,6.9,,27.1,22.3,8.4,11.6
himart,20,FEMALE,경남,키즈맘_중학생,4,10,7.3,10,6.3,4.4,,0,6.8,,,19.8,18.6,4.4,11.2
himart,20,FEMALE,경북,중년_자녀동거,34,9.4,7.5,9.4,6.4,4.7,,8.9,6.9,2.9,7.6,22.3,23.2,5.5,12
himart,20,FEMALE,경북,키즈맘_중학생,2,,6.4,,3,2.9,,,4.2,,,25.1,25.6,5.2,15.4
himart,20,FEMALE,경북,1인가구,29,5.2,7.4,5.2,6.6,6.8,4,8.7,8.1,8.1,7.5,24.5,24,6.2,12.5
himart,20,FEMALE,경북,키즈맘_미취학,7,10,7.5,10,6,6.4,8,8,8.6,8,,19.8,18.9,4,11.5
himart,20,FEMALE,경북,2인가구,3,5,7.7,5,3,7.3,,,7.9,,,29.4,30,7.8,14.4
himart,20,FEMALE,경북,키즈맘_초등생,2,,6.9,,5.2,8.1,,,7.8,,,24.1,25.1,5,15.4
himart,20,FEMALE,경북,,163,7.9,7.4,7.9,5.7,6.4,8,7.4,7.1,5.8,7.6,24.9,22.6,7.2,11.7
himart,20,FEMALE,광주,,123,7.8,7.5,7.8,7.2,6.1,8,7,8.2,,,28.2,25.6,7.9,13.2
himart,20,FEMALE,광주,1인가구,24,9.3,7.5,9.3,6.9,7.1,,4.2,7.7,0.4,,23.9,24.1,6,11.6
himart,20,FEMALE,광주,키즈맘_초등생,1,,,,0,1.3,,,8,,,14.2,17.5,1.8,10.8
himart,20,FEMALE,광주,중년_자녀동거,26,6.5,7.2,6.5,7.5,5.6,8,4,6.8,,,24.3,24.4,5.7,12.9
himart,20,FEMALE,광주,키즈맘_미취학,5,0,8.1,0,3,4,,8,3.7,9,7.6,21.2,21.1,4.1,11.5
himart,20,FEMALE,광주,2인가구,2,10,6.7,10,9.5,4.9,,,8.7,,,23.1,19.4,8.1,11
himart,20,FEMALE,대구,2인가구,1,10,6.4,10,0,9.5,,0,9.8,,,12.9,17.2,0.5,14.7
himart,20,FEMALE,대구,키즈맘_미취학,7,5.7,8.2,5.7,6.6,5,,,5.5,8.2,7.6,23,21.9,6.3,11.4
himart,20,FEMALE,대구,중년_자녀동거,25,5.3,7.6,5.3,7.4,5.9,8,4.4,7,8,7.8,20.7,19.2,5.3,10.8
himart,20,FEMALE,대구,,116,7.9,7.5,7.9,6.9,5.8,8,4.3,7.4,4.6,,25.4,24.8,6.3,13.2
himart,20,FEMALE,대구,1인가구,22,5.5,7.7,5.5,6.3,7.1,,2.3,7,6.5,7.5,21.4,20.7,5.1,12.3
himart,20,FEMALE,대구,키즈맘_중학생,3,,8.1,,5.3,7.3,,,9.5,,,33.7,35.6,8.1,13.9
himart,20,FEMALE,대전,2인가구,4,10,6.8,10,7.3,4.2,,,8.7,,,17.3,16,3.3,11.1
himart,20,FEMALE,대전,중년_자녀동거,49,8.7,7.1,8.7,6.2,4.9,8.7,8.8,5.4,6.7,7.5,22.4,21.9,5.5,12.5
himart,20,FEMALE,대전,키즈맘_초등생,2,10,8.3,10,9.3,9.8,,8.3,9.9,,,26,27.3,6.5,12.7
himart,20,FEMALE,대전,,168,8.6,7.7,8.6,5.4,6.1,,7.8,6.2,8.6,,25.5,22.5,7.4,12.4
himart,20,FEMALE,대전,키즈맘_미취학,8,6.5,7.2,6.5,6.7,4.6,,,6.9,9.1,,22.4,21,6.4,10.9
himart,20,FEMALE,대전,키즈맘_중학생,6,10,7,10,8,4.4,,4.5,3.1,,,22.4,19.5,5.4,11
himart,20,FEMALE,대전,1인가구,28,7.4,7.4,7.4,7.9,7.2,8,3.6,7.9,2.9,8,21.5,20.8,5.5,11.3
himart,20,FEMALE,부산,,254,9,7.6,9,6.8,5.9,8,5.6,6.9,3.3,8.4,26.8,23.4,7.6,12.9
himart,20,FEMALE,부산,중년_자녀동거,69,9.2,7.4,9.2,6.6,4.8,5.3,4.8,5.9,1.4,,21.8,21.3,5.2,11.9
himart,20,FEMALE,부산,2인가구,4,10,6.9,10,8.5,4.2,,,3.9,8.1,7.6,19.8,19.5,4.5,11.6
himart,20,FEMALE,부산,1인가구,32,8.8,7.3,8.8,6.7,7,,3.4,7.7,8.1,7.6,18.6,17.9,4.5,10.6
himart,20,FEMALE,부산,키즈맘_미취학,15,5,7.6,5,6.5,7.6,8,4,8.3,,,23.5,21,6.2,11
himart,20,FEMALE,부산,키즈맘_초등생,4,10,7.6,10,8,5.5,,9,6.4,8.1,7.5,19.6,15.9,5.4,10.3
himart,20,FEMALE,부산,키즈맘_중학생,7,6.4,7.3,6.4,6.7,5.4,,8,5.9,,,21.1,19.5,5.5,10.9
himart,20,FEMALE,서울,키즈맘_미취학,32,8.4,7.3,8.4,6.8,6.5,8,6,6.7,,7.9,23.4,21.4,5.7,12.2
himart,20,FEMALE,서울,,713,7.5,7.5,7.5,7.2,5.8,7.5,6.4,6.8,7,8.5,25.5,22.1,7.5,11.9
himart,20,FEMALE,서울,중년_자녀동거,191,7.3,7.4,7.3,7.3,5,8,5.9,6.6,8.4,7.9,21.8,21.6,5.4,11.5
himart,20,FEMALE,서울,1인가구,66,8.5,7.3,8.5,7.4,7,,4.7,7.1,3.2,7.7,22.9,22.8,5.4,12.5
himart,20,FEMALE,서울,키즈맘_초등생,6,10,6.8,10,7.1,6,8,,4.1,,,17.9,16.5,3.4,10
himart,20,FEMALE,서울,2인가구,16,9.2,7.7,9.2,8.2,7.4,,6.1,7.1,,,24.1,24.1,6,11.5
himart,20,FEMALE,서울,키즈맘_중학생,14,6.7,7.6,6.7,8.8,5.8,,6.4,8.5,5.1,7.6,23.1,21.7,6.1,11.6
himart,20,FEMALE,세종,1인가구,1,7.4,7.6,7.4,9.6,8.2,,,8.7,,,34.9,31.1,8.4,11.4
himart,20,FEMALE,세종,중년_자녀동거,2,10,6.9,10,7.9,4.6,,,4.7,,,27.4,25.9,8.9,12.5
himart,20,FEMALE,세종,키즈맘_중학생,1,10,7.9,10,7.9,9,,,4.5,2.9,,17.3,17.2,4.5,8.9
himart,20,FEMALE,세종,키즈맘_미취학,1,,6.4,,8,0.8,,,4.8,,,10.1,7.4,2.6,7.8
himart,20,FEMALE,세종,,18,10,7.7,10,6.7,9.2,,9.1,9.2,,,25.6,22.3,7.4,13.3
himart,20,FEMALE,울산,중년_자녀동거,29,8.3,7.6,8.3,7.1,4.9,,3.5,6.3,6.3,,25.3,24.8,6.1,13.3
himart,20,FEMALE,울산,2인가구,3,10,8.1,10,8.7,6.7,,3,9.5,0.2,,13,13.5,3.1,9
himart,20,FEMALE,울산,키즈맘_중학생,3,10,7.4,10,5.9,3.7,,,9.5,,,28.2,29.2,7.1,13.6
himart,20,FEMALE,울산,,85,8.9,7.2,8.9,7.1,5.2,,4,5.6,4.6,7.6,27.2,23.1,8.3,12
himart,20,FEMALE,울산,1인가구,11,6,7.6,6,5.9,5.6,8,9.8,7.6,,,26.7,28.1,6.8,13.8
himart,20,FEMALE,울산,키즈맘_미취학,4,7.6,6.6,7.6,8.1,8.9,,,5.8,6.1,,17.4,15.6,4.7,9.7
himart,20,FEMALE,인천,키즈맘_중학생,7,10,7.1,10,8.1,3.3,8,9.2,4.9,8.1,,13.6,13.7,3.6,7.8
himart,20,FEMALE,인천,1인가구,44,8.7,7.3,8.7,6.5,6,8,4.6,7.8,6.4,7.6,23.5,23.2,6.2,11.5
himart,20,FEMALE,인천,중년_자녀동거,72,7.2,7.2,7.2,6.5,5.6,8.1,6.1,7.2,5.5,7.9,22.6,21.9,5.6,11.9
himart,20,FEMALE,인천,키즈맘_미취학,20,6.5,7.5,6.5,6.8,7.5,9,5.9,7.8,8.9,7.6,22.2,20.6,5.1,11.2
himart,20,FEMALE,인천,키즈맘_초등생,4,,6.4,,7.5,8,,,8.9,,,16,17.7,2.7,10.4
himart,20,FEMALE,인천,2인가구,4,10,7.3,10,9,9.8,8,9,9.7,,,21,19.7,5.4,10.3
himart,20,FEMALE,인천,,295,7.9,7.4,7.9,6.8,6,5.4,7.2,6.8,8.6,7.9,25.7,23.3,7,12.5
himart,20,FEMALE,전남,키즈맘_미취학,5,,7.6,,0,3.1,,0,5.3,,,22.3,20.5,5.8,11.6
himart,20,FEMALE,전남,1인가구,13,5.4,7,5.4,6.2,6.8,10,9.8,5.8,,,20.3,21.1,5.2,10.5
himart,20,FEMALE,전남,키즈맘_초등생,7,10,7.6,10,3.7,4.8,,8.2,6.6,,,23.6,23.1,6.2,12
himart,20,FEMALE,전남,2인가구,2,10,,10,7.2,9.9,,,9.9,0.3,,22.4,23.4,4.5,15.1
himart,20,FEMALE,전남,키즈맘_중학생,2,,7.4,,8,6.5,,1.9,4.3,4.3,,21.4,18.7,3.8,11.1
himart,20,FEMALE,전남,중년_자녀동거,20,7.1,7.6,7.1,6.9,5.7,,8.5,7.5,6.7,,25.5,25.4,6,13.2
himart,20,FEMALE,전남,,88,8.5,7.5,8.5,7.5,7.5,,3.1,6.2,9.9,,23.1,19.2,7,10.5
himart,20,FEMALE,전북,,164,9.1,7.4,9.1,7.5,6.1,10,2.8,6.4,8.2,7.5,25.5,23.7,7,12.8
himart,20,FEMALE,전북,키즈맘_미취학,15,8.7,7.6,8.7,6.1,7,,6.1,8.5,,,24.6,23.8,6.3,12.7
himart,20,FEMALE,전북,1인가구,25,10,7.6,10,6.9,6.7,,2.3,7.5,4.2,7.9,26.3,26.9,6.8,13.7
himart,20,FEMALE,전북,키즈맘_중학생,4,,6.5,,5,2.5,,,7.9,8,,19.3,20.7,3.5,11.6
himart,20,FEMALE,전북,2인가구,3,10,8.3,10,4.3,7.1,,8,6.4,,,21.6,20.7,6,11.8
himart,20,FEMALE,전북,중년_자녀동거,43,8.3,7.4,8.3,7.1,5.7,8,5.7,6.9,7,7.6,24.3,23.7,6.2,12.5
himart,20,FEMALE,전북,키즈맘_초등생,2,10,7.6,10,5.3,6.9,,,5.1,,,33.6,31.8,8.9,15.9
himart,20,FEMALE,제주,키즈맘_중학생,1,10,9,10,4.9,8,,8.1,1.4,,,29.3,23.6,7.3,14.5
himart,20,FEMALE,제주,2인가구,1,2.8,6.3,2.8,8,8.5,,,8.8,,,13.5,8.2,3.3,9.7
himart,20,FEMALE,제주,,59,8.4,7.9,8.4,8.3,7.3,,6.9,6.4,9.5,,25.9,23.7,6.9,12.1
himart,20,FEMALE,제주,키즈맘_미취학,5,10,7.8,10,5.6,6.5,,6.4,9,,,21,19.8,5.6,11.3
himart,20,FEMALE,제주,중년_자녀동거,9,5.6,7.1,5.6,6.8,6.6,,8,9.6,,7.6,20.7,20.3,4.7,11
himart,20,FEMALE,제주,키즈맘_초등생,4,10,7.7,10,4.6,7.3,,,8.5,,,31.5,33.5,8.8,15.2
himart,20,FEMALE,제주,1인가구,6,10,7.6,10,8.3,5.3,4,9,5.2,8,,23.6,24.6,5.5,11
himart,20,FEMALE,충남,1인가구,32,9,7.2,9,6.2,6.6,,8.9,8,,8.2,24.2,22.7,6.2,12.7
himart,20,FEMALE,충남,키즈맘_미취학,8,10,7,10,7.9,6.7,,,5.6,0.3,,19.3,19.3,5.4,10.2
himart,20,FEMALE,충남,2인가구,3,10,7.4,10,5.3,7.4,,,7,3.2,,27.6,28.8,6,15.1
himart,20,FEMALE,충남,키즈맘_중학생,1,,7.8,,1,6,,,8.1,,,37.3,37.7,8.9,18.2
himart,20,FEMALE,충남,키즈맘_초등생,1,2.2,7.9,2.2,,7,,,8.1,,,37.8,38.6,9.2,15.7
himart,20,FEMALE,충남,,157,4.6,7.7,4.6,6.3,6.9,8,6.1,8,8,7.6,24.9,21.4,7.3,11.4
himart,20,FEMALE,충남,중년_자녀동거,33,7.9,7.8,7.9,7.1,6.4,0,3.5,7.1,4.1,,24.6,24.2,6.2,12.9
himart,20,FEMALE,충북,키즈맘_초등생,2,10,7.4,10,8,9.1,8,0,4.5,,,14.8,12.5,4,8.8
himart,20,FEMALE,충북,2인가구,6,7,7.7,7,5.4,6.7,8,4.7,4.7,,,23.5,20,6.1,10.4
himart,20,FEMALE,충북,키즈맘_미취학,10,5,7.5,5,7.1,8.1,8,0,7.6,,,22,21.5,5.5,11.6
himart,20,FEMALE,충북,키즈맘_중학생,2,10,7.5,10,7.8,4.6,,,8.7,,,35.6,35.9,9.4,14
himart,20,FEMALE,충북,1인가구,24,7.1,7.3,7.1,6.8,6.2,,5.9,5.6,0.3,,23.2,21.9,5.8,11.8
himart,20,FEMALE,충북,중년_자녀동거,36,6.5,7.1,6.5,7,5.6,8,4.9,6.5,8,,23.4,22.5,5.9,12.3
himart,20,FEMALE,충북,,129,8,7.2,8,5.6,6.8,,0,6.7,,7.6,25.1,20.3,7.6,11.4
himart,20,MALE,,키즈맘_중학생,55,7.6,7.3,7.6,6.5,4,7.4,3.6,4.8,9.2,7.5,23.8,26.7,4.9,13
himart,20,MALE,,키즈맘_미취학,99,7.5,7.3,7.5,7.6,5,6.4,3.9,5,7.4,8.1,24.1,26.8,5.2,12.7
himart,20,MALE,,1인가구,449,7.5,7.4,7.5,7.4,5.5,5.5,3.2,5.4,6.3,7.7,23.6,26.5,5.2,12.3
himart,20,MALE,,,3435,7.4,7.4,7.4,7.5,4.6,5.3,4,5.2,6,7.8,26,26,6.6,12.3
himart,20,MALE,,2인가구,43,8.6,7.2,8.6,6.9,5.2,,3.7,5,8,,22.6,25.7,4.7,11.9
himart,20,MALE,,키즈맘_초등생,26,9.3,7.2,9.3,6.9,4.4,,4,6,8.5,,22.3,24.1,4.8,11.6
himart,20,MALE,,중년_자녀동거,839,7.8,7.3,7.8,7.2,3.7,4.9,3.9,4.6,6.5,7.9,23.8,27,5.1,12.3
himart,20,MALE,강원,키즈맘_중학생,3,10,7.4,10,3.3,3.6,,,8.3,,,24.2,27.8,5.6,11.3
himart,20,MALE,강원,2인가구,3,,7.1,,8.6,5,8,,4.1,,,32.5,34.7,6.8,16.1
himart,20,MALE,강원,중년_자녀동거,43,7.3,7.4,7.3,7.7,3.9,8.1,3.7,4.2,8.5,7.7,21.1,24.2,4.2,11.8
himart,20,MALE,강원,키즈맘_초등생,4,6.6,6.8,6.6,8.4,5.8,,,9.5,,,27.3,25,6.8,12.7
himart,20,MALE,강원,1인가구,27,7.4,7.7,7.4,8,6.4,5.5,2,5,7.5,8.1,23,26.2,4.9,12.3
himart,20,MALE,강원,,182,8.7,7.3,8.7,7.2,5,0,2,4.5,5.6,8,30.1,30.2,7.7,14.4
himart,20,MALE,강원,키즈맘_미취학,3,10,8.4,10,7.9,7.3,,,4.6,,,26.8,25.5,6.7,13.4
himart,20,MALE,경기,1인가구,245,7.6,7.4,7.6,7.5,4.9,6.5,2.5,5.2,7.3,7.7,25.6,28.6,5.7,13.1
himart,20,MALE,경기,,2084,7.9,7.4,7.9,7.4,4.6,6.2,3.3,5.4,6.7,7.8,27.5,26.8,7.1,12.6
himart,20,MALE,경기,키즈맘_미취학,90,7.8,7.4,7.8,7.2,5.6,6.3,3.6,4.9,3.8,7.9,24.2,26.6,5.3,12
himart,20,MALE,경기,중년_자녀동거,602,8,7.3,8,7.4,3.9,6.1,3.5,4.7,6.6,7.6,23.9,27,5.1,12.3
himart,20,MALE,경기,키즈맘_중학생,41,7.8,7.2,7.8,7.6,4,0.1,4.4,4.5,8.1,7.6,19.1,22.3,3.7,10.6
himart,20,MALE,경기,2인가구,38,9.8,7.5,9.8,8.2,5.6,9.3,4,4.8,5.7,,23.6,27.1,4.8,12.3
himart,20,MALE,경기,키즈맘_초등생,23,6.7,7.4,6.7,7.1,5.5,,6.8,4.7,3.8,7.7,26,27.6,5.8,11.8
himart,20,MALE,경남,키즈맘_미취학,12,10,7.7,10,7.4,4.9,,3.1,5.5,5.9,,26.5,30.5,7.2,12.4
himart,20,MALE,경남,키즈맘_중학생,12,4,7.4,4,6.6,3.6,6.4,9,6.5,,,20.8,27.3,3.5,11.6
himart,20,MALE,경남,중년_자녀동거,108,7.8,7.4,7.8,7.3,4.1,6.4,5.3,4.3,8.1,7.6,22.9,25.6,4.7,12.1
himart,20,MALE,경남,,388,8.6,7.1,8.6,7.2,5.6,4.3,3.2,5.7,6.6,7.5,25.5,25.7,6.2,12.3
himart,20,MALE,경남,2인가구,8,10,7.7,10,9.3,4.8,,0,6.1,3.3,,32.1,33.6,7.5,15.3
himart,20,MALE,경남,1인가구,61,8,7.3,8,7.9,4.8,6.4,3.7,4.7,5.4,7.6,23.7,27.2,5,12.5
himart,20,MALE,경남,키즈맘_초등생,9,9.1,7.1,9.1,7.1,5,,0,7.6,0.2,,29,29.7,7,14.1
himart,20,MALE,경북,2인가구,6,3.3,8,3.3,8.9,6.9,,0,2.6,,,24,26.6,4.3,13.1
himart,20,MALE,경북,키즈맘_중학생,5,5,7.1,5,8.2,3.2,,0.1,9.8,,,27,28,6.9,13.1
himart,20,MALE,경북,1인가구,48,8.5,7.3,8.5,7.1,5.1,3.2,1.5,5.3,1.8,7.5,25.6,28.8,5.4,13.1
himart,20,MALE,경북,키즈맘_미취학,13,8.5,7.8,8.5,6.3,4.1,6.4,4.3,4.8,,,23.3,25.5,4.8,12.4
himart,20,MALE,경북,중년_자녀동거,68,7,7.4,7,8.1,4.9,7.6,3.6,6.2,4.3,,24,26.8,5.2,12.4
himart,20,MALE,경북,키즈맘_초등생,4,3.3,7.6,3.3,7.7,7.4,,,7.2,,7.5,23.2,24.1,5.2,11.9
himart,20,MALE,경북,,288,8.7,7.2,8.7,7,4.8,7.2,1.2,5.6,8.2,7.5,27,26,7,12.1
himart,20,MALE,광주,키즈맘_중학생,6,,6.8,,7.7,3.1,,,3.2,,,20.9,26.5,4.8,10.8
himart,20,MALE,광주,키즈맘_미취학,3,,8.6,,9.7,4.2,,8,5.7,,,20.7,25.9,4,11.8
himart,20,MALE,광주,2인가구,6,10,8.5,10,7.8,7.5,,0,3.8,,7.7,28.9,30,6.4,14.4
himart,20,MALE,광주,,194,7.4,7.4,7.4,8.2,5.7,,2.7,5.1,5.5,8.3,27.9,26.7,7.4,12.8
himart,20,MALE,광주,중년_자녀동거,66,7.2,7.1,7.2,7.2,4.6,,3.4,5.9,8.4,8.4,21.7,24.6,4.4,12
himart,20,MALE,광주,1인가구,26,7.2,7.4,7.2,7.8,6.9,7,5.2,7.3,8,,24.7,26.2,5.5,12
himart,20,MALE,대구,1인가구,34,8.9,7.3,8.9,7,4.5,6.4,1.5,4.5,5.9,,27.3,29.4,6.4,13.3
himart,20,MALE,대구,,207,8.2,7.4,8.2,7,5.2,6.4,3.4,5.7,8.5,7.7,27.5,27,6.9,12.7
himart,20,MALE,대구,키즈맘_초등생,3,0,6.7,0,7.8,5.2,,,9.9,,,24.9,29,4.8,13.7
himart,20,MALE,대구,중년_자녀동거,58,8.2,7.3,8.2,7.6,4.7,,2.6,4.3,6.6,7.9,22.1,25.1,4.5,11.8
himart,20,MALE,대구,키즈맘_중학생,2,,7.4,,7.8,1.3,,9.3,2.1,,,22,27,6.5,9.8
himart,20,MALE,대구,2인가구,4,8,7.6,8,8.8,6,6.4,3,6.7,4.1,,22.5,29.1,4.7,10.7
himart,20,MALE,대구,키즈맘_미취학,7,8,7.7,8,8.1,5.9,,4.6,6.6,,,29.1,30,6.1,13.6
himart,20,MALE,대전,키즈맘_중학생,7,6.7,8.4,6.7,7.2,1.7,,2.8,5.6,,,25.1,28,5.7,12.2
himart,20,MALE,대전,,303,8.2,7.2,8.2,7.5,5.2,6.4,4.6,4.5,8.2,7.6,26,24.3,6.6,11.9
himart,20,MALE,대전,키즈맘_미취학,12,10,7.7,10,7.5,5.3,,8,4.5,9.2,,24.2,27.1,4.9,12.2
himart,20,MALE,대전,1인가구,47,8,7.5,8,7.7,4.8,6.4,3.5,4.6,,7.7,25.1,27.6,5.5,12.9
himart,20,MALE,대전,키즈맘_초등생,2,10,7.9,10,7.8,8.9,,,9.3,,,23.3,27.5,5.1,12.9
himart,20,MALE,대전,2인가구,10,8,8.2,8,7.5,6.2,0.8,8.2,4.1,,,30.6,31.4,7.7,14.7
himart,20,MALE,대전,중년_자녀동거,74,7.8,7.4,7.8,7.6,4.5,6.4,6,4.6,7.8,7.8,23.5,27,4.9,12.5
himart,20,MALE,부산,,412,6.7,7.4,6.7,7.6,4.8,6.4,3.9,4.7,6.8,7.7,26.5,26.3,6.7,12.6
himart,20,MALE,부산,1인가구,47,9.1,7.4,9.1,7.9,5.5,6.4,3.6,5.6,6.2,7.5,25.3,27.7,5.5,12.6
himart,20,MALE,부산,키즈맘_중학생,5,,7.4,,8,4.2,,,5.5,,,25.5,29.7,5,12.1
himart,20,MALE,부산,키즈맘_미취학,22,8.3,7.4,8.3,6.4,6,,6.4,4.6,7.1,,21.7,24.8,4.3,10.7
himart,20,MALE,부산,키즈맘_초등생,3,0,7.4,0,9.1,3.8,,,6.4,,,23.3,28.6,4.3,13.5
himart,20,MALE,부산,중년_자녀동거,123,6.9,7.4,6.9,7.2,4.1,6.9,3.3,5.2,6.5,7.7,24.1,27,5.3,12.3
himart,20,MALE,부산,2인가구,6,8.9,6.4,8.9,8.5,5.8,,8,5.6,,,18.3,18.9,4.2,8.3
himart,20,MALE,서울,,1255,7.7,7.4,7.7,7.6,5.1,5.2,3.4,5.4,6.3,7.6,27.7,26.6,7.2,12.5
himart,20,MALE,서울,키즈맘_미취학,48,8.9,7.5,8.9,7.9,5.3,9,1.6,5.9,7.6,8,25.7,28.8,5.8,13
himart,20,MALE,서울,중년_자녀동거,344,7.5,7.4,7.5,7.6,3.8,5.9,3,4.5,6.3,7.6,23.8,27.4,5.1,12.5
himart,20,MALE,서울,1인가구,137,8.1,7.4,8.1,7.4,5.5,5.5,3.4,5.2,6,7.8,25.4,28,5.7,12.6
himart,20,MALE,서울,키즈맘_초등생,5,10,7.4,10,6.5,4.8,,0,6.4,,,23,25.8,5.3,10.3
himart,20,MALE,서울,키즈맘_중학생,20,8.6,6.9,8.6,7.7,3.9,6.4,8.6,3.4,,7.7,21,24.9,3.6,11.6
himart,20,MALE,서울,2인가구,29,8.9,7.4,8.9,8.1,5.6,6.4,4.8,5.7,9.1,7.7,23.8,24.8,5.2,12
himart,20,MALE,세종,키즈맘_미취학,3,6.9,8,6.9,9.3,8.4,6.4,,6.7,9.9,,30.1,31.4,6.1,14.6
himart,20,MALE,세종,키즈맘_중학생,1,,6.4,,0,8.9,,0,3.3,,,16.2,26.5,0.7,14
himart,20,MALE,세종,중년_자녀동거,15,5.5,7.4,5.5,8.3,4.1,,0.3,5.8,,,28.7,31.1,6.3,12.8
himart,20,MALE,세종,1인가구,9,0.1,7.5,0.1,8.1,4.8,,6.5,4.2,,7.7,27.9,31.1,6,13.5
himart,20,MALE,세종,,51,10,7.5,10,7.4,3.5,,0,5.1,,,34.5,34,8.3,15.7
himart,20,MALE,울산,1인가구,14,8,7.2,8,7.7,4.7,6.4,4.5,6,,,24.4,27.1,5.4,12.7
himart,20,MALE,울산,2인가구,1,10,,10,9.1,7.8,,,1.8,,,15.1,26.4,0.9,12.4
himart,20,MALE,울산,키즈맘_초등생,1,10,,10,9.6,0.9,,9,4.6,,,16.9,26.9,1.9,12
himart,20,MALE,울산,키즈맘_미취학,5,10,7.6,10,8.1,6.9,,,6.1,,,22.9,24.8,5,11.4
himart,20,MALE,울산,중년_자녀동거,42,7.5,7,7.5,6.2,3.5,,4,4.4,,,23,26,4.7,12.3
himart,20,MALE,울산,,141,8.6,7.6,8.6,7.9,4.5,2.9,1.8,5.7,,7.7,28,28.3,6.9,13.4
himart,20,MALE,인천,키즈맘_초등생,2,10,7,10,8.2,2.8,,8.5,2.6,8,,26.9,31.9,5.2,14.4
himart,20,MALE,인천,중년_자녀동거,154,6.9,7.4,6.9,7.7,3.7,5.3,4.6,4.1,7.1,7.7,24.4,27.3,5.2,12.6
himart,20,MALE,인천,2인가구,5,5,7.5,5,7.4,3.4,,,2.8,,,20.9,21.6,5.2,10.1
himart,20,MALE,인천,키즈맘_미취학,22,10,7.2,10,8.2,6.7,7.6,0,5,4.6,7.7,26.8,27.6,6.6,13.1
himart,20,MALE,인천,키즈맘_중학생,7,10,7.5,10,6.1,4.5,,5,3.4,,7.7,27.4,29.4,6.4,14
himart,20,MALE,인천,1인가구,59,8,7.4,8,7.3,5.6,6.4,3.2,4.3,3.8,7.7,23.7,27,4.9,12.8
himart,20,MALE,인천,,465,6.7,7.4,6.7,7.4,4.5,5.1,3.4,5.1,4.9,7.6,28.3,27.8,7.1,13.4
himart,20,MALE,전남,1인가구,21,7.9,7.4,7.9,7.6,6.2,,3.2,5.5,2.8,,25.7,27.9,5.9,13.3
himart,20,MALE,전남,2인가구,3,,6.4,,8.6,1.1,,,8.1,8.2,,19,21.5,1.6,13.1
himart,20,MALE,전남,키즈맘_중학생,5,8.6,7.6,8.6,8.9,1.3,,,2.4,,,27.1,31.9,5.6,13.1
himart,20,MALE,전남,키즈맘_미취학,10,4.8,7.6,4.8,6,6.1,,8.3,7,,,19.4,22.4,3.7,11
himart,20,MALE,전남,중년_자녀동거,47,7.8,7.5,7.8,7.5,4.2,,4.9,4.7,9.2,7.8,22.8,25.4,4.9,11.7
himart,20,MALE,전남,,162,7.4,7.6,7.4,7.5,3.5,,6.9,4.4,0.4,7.7,25.8,25.4,6.8,11.9
himart,20,MALE,전남,키즈맘_초등생,1,10,8.6,10,9.8,8.7,,8,5.6,,,33.4,33.1,8.3,13.3
himart,20,MALE,전북,중년_자녀동거,69,8.7,7.3,8.7,6.6,4,,4.9,5,,7.5,22.6,25.1,4.6,12.2
himart,20,MALE,전북,키즈맘_중학생,8,10,6.6,10,9.4,2.8,,,4.2,,7.5,21.2,23.3,4.6,12.3
himart,20,MALE,전북,2인가구,7,10,7.8,10,7.8,4.7,,3.5,6.3,8.6,7.5,27.3,30.6,6.2,13.9
himart,20,MALE,전북,키즈맘_초등생,3,10,6.4,10,5.6,2.7,,,4.6,,,21.2,22.2,5.5,11
himart,20,MALE,전북,키즈맘_미취학,12,8,7.9,8,6,6.2,6.4,,6.8,,7.7,23.5,24.7,5,12
himart,20,MALE,전북,,268,6.7,7.4,6.7,7.6,4.5,6,4,5,5.8,,29,28.3,7.7,12.8
himart,20,MALE,전북,1인가구,30,10,7.3,10,6.7,4.9,0.1,3.8,6.3,7.1,,27.3,28,6.2,13.3
himart,20,MALE,제주,2인가구,1,5.9,,5.9,9,1.2,,,3.2,,,22.2,28.9,2.3,12
himart,20,MALE,제주,중년_자녀동거,24,9.4,7.4,9.4,6.9,4.5,10,3.1,6.1,,7.7,27.7,30.6,6.7,14
himart,20,MALE,제주,키즈맘_미취학,6,5,7.5,5,6.6,5.4,,8,3.2,,,19,20.1,4.6,9.5
himart,20,MALE,제주,,75,8,7.7,8,7,3.6,,0,4.1,8,,21.6,22.2,5.2,10.7
himart,20,MALE,제주,1인가구,5,10,7.9,10,8.6,3,,0,9,,,20.9,24.7,4.4,12.4
himart,20,MALE,제주,키즈맘_중학생,3,0,6.9,0,7.3,5,,,9.9,,,27.1,29.8,6.1,13.7
himart,20,MALE,제주,키즈맘_초등생,3,0,7.7,0,8.8,5.3,,,0.9,,,23.8,27.2,5.1,13.2
himart,20,MALE,충남,,319,8.2,7.2,8.2,7.3,4.8,5.4,3.6,4.9,8.1,7.9,25.9,24.4,6.7,11.9
himart,20,MALE,충남,중년_자녀동거,95,8.5,7.4,8.5,7.4,4.5,3.4,2.5,5.5,6.6,,24.8,27.6,5.8,12.6
himart,20,MALE,충남,키즈맘_중학생,4,6.7,7,6.7,5.3,4.4,,0.1,1.5,,,22.8,29.8,3.9,14.4
himart,20,MALE,충남,2인가구,5,8.9,7.7,8.9,7.3,5.5,,,7.3,,8.2,25.1,27.9,5.3,12.6
himart,20,MALE,충남,1인가구,46,6.8,7.5,6.8,7,5.7,6.4,4.5,5.4,,,25,27.7,5.6,12.9
himart,20,MALE,충남,키즈맘_미취학,11,10,7.6,10,8.1,6,10,2.7,4.4,4.2,,23.8,26.9,5.2,12.5
himart,20,MALE,충북,키즈맘_미취학,8,7.1,7.6,7.1,8.1,3.2,6.4,0,6.3,,,21.7,26,4.3,11.6
himart,20,MALE,충북,중년_자녀동거,58,6.7,7.6,6.7,6.8,4.4,6.4,3.1,4.6,6,,23.7,26.3,5.4,11.9
himart,20,MALE,충북,2인가구,2,10,7.3,10,9.8,1.3,,0,5.2,,,12.7,20.1,0.7,9.9
himart,20,MALE,충북,,231,6.9,7.5,6.9,8.2,4.5,6.4,4.4,4.5,8,,26.4,26.2,6.6,12.6
himart,20,MALE,충북,1인가구,41,9.3,7.4,9.3,7.9,6.6,6.4,5.1,7.3,8.8,7.8,25.2,28.4,5.9,12.5
himart,20,MALE,충북,키즈맘_중학생,7,6,7.7,6,6,2.1,,0,4.4,10,,30,33.7,7.1,15
himart,20,MALE,충북,키즈맘_초등생,3,10,7.2,10,4.8,6.3,,,9.9,,,17.5,17.7,2.4,7.5
himart,30,FEMALE,,키즈맘_중학생,20,9.3,7.8,9.3,7.9,6.6,8,8,5.8,,,28,28.4,7.1,13.5
himart,30,FEMALE,,키즈맘_미취학,376,8.8,7.3,8.8,7.7,7.1,7.6,4.1,6.4,6.4,7.8,23.9,22.6,6.1,12.1
himart,30,FEMALE,,키즈맘_초등생,93,8.3,7.3,8.3,7.3,6.7,7.1,3,5.9,6.1,,27,26.1,6.8,13.3
himart,30,FEMALE,,중년_자녀동거,530,8.5,7.4,8.5,7.8,6.4,6.9,4.6,6.5,5.6,7.6,24.3,23.2,6.1,12.3
himart,30,FEMALE,,,3683,8.4,7.4,8.4,7.6,6.8,6.8,4.4,6.5,5.4,7.6,25.6,22.8,7.1,12.2
himart,30,FEMALE,,2인가구,173,8.3,7.3,8.3,7.8,7.2,9.5,3.5,6.6,5,7.5,22.6,20.9,5.7,11.6
himart,30,FEMALE,,1인가구,396,8.4,7.4,8.4,7.7,6.9,7.7,3.7,6.8,5.9,7.5,24.1,23.4,5.9,12.5
himart,30,FEMALE,,시니어,1,10,,10,8,8.8,,,8.3,8.4,,0,0,0,0
himart,30,FEMALE,강원,2인가구,3,7,7.7,7,8,9.1,,,9.9,,,36.8,37.2,8.6,16.8
himart,30,FEMALE,강원,,198,8.2,7.4,8.2,6.3,6,8,2.7,6.8,5,8,25.3,21.7,7.2,11.5
himart,30,FEMALE,강원,키즈맘_중학생,3,10,7.2,10,8.4,2,,0.3,3.7,,,27.1,22.3,6.1,12.5
himart,30,FEMALE,강원,키즈맘_미취학,19,10,7.3,10,7.9,6.2,8,3.2,6.2,3.9,,25,23.5,5.7,12.3
himart,30,FEMALE,강원,1인가구,16,9.2,7.4,9.2,8.2,7.1,7.1,4.2,6.1,,,27.2,25.2,7.4,12.2
himart,30,FEMALE,강원,키즈맘_초등생,22,7.5,7.7,7.5,7.6,5.8,8,3.1,6,8.5,,28.3,27.9,7.2,13.5
himart,30,FEMALE,강원,중년_자녀동거,31,8.1,7.4,8.1,7.4,6.7,8,4,5.6,4.7,7.3,23.2,22.6,5.7,12.1
himart,30,FEMALE,경기,중년_자녀동거,362,8.1,7.5,8.1,8,6.6,8.1,3.9,5.8,5.5,7.5,23.3,22,6,12
himart,30,FEMALE,경기,키즈맘_미취학,292,8.6,7.4,8.6,7.7,7.2,7.7,3.5,6,4.6,7.5,25.3,23.9,6.4,12.7
himart,30,FEMALE,경기,2인가구,104,8.3,7.5,8.3,8,7.1,4.4,4.5,6.8,4.3,7.2,23.9,21.6,6.2,11.8
himart,30,FEMALE,경기,키즈맘_중학생,61,7.9,7.1,7.9,7.3,6.5,8,2,6.6,7.6,7.7,24.3,23.3,6.1,12.2
himart,30,FEMALE,경기,,2540,8.4,7.5,8.4,7.7,6.9,7.4,4.4,6.2,5.7,7.6,25.5,22.3,7.2,11.9
himart,30,FEMALE,경기,키즈맘_초등생,172,8.1,7.4,8.1,7.8,6.2,8.3,3.2,5.7,4.3,7.8,25.3,23.9,6.3,12.4
himart,30,FEMALE,경기,1인가구,250,8.1,7.6,8.1,7.7,7.2,7.5,4.3,6.8,5.2,7.6,24.4,23.3,6.2,12.5
himart,30,FEMALE,경남,2인가구,24,8.3,7.9,8.3,7.2,7.4,,4.9,6.6,8.1,,26.6,24.6,6.8,12.7
himart,30,FEMALE,경남,키즈맘_중학생,11,6.1,7.5,6.1,7.7,6.9,0,2.3,4.2,6.6,,25.2,24.9,5.3,12.9
himart,30,FEMALE,경남,,425,8.4,7.6,8.4,7.5,7.1,8,4.9,6.7,4.8,7.7,26.9,24,7.3,13.1
himart,30,FEMALE,경남,키즈맘_초등생,28,8.9,7.4,8.9,7.6,6,8,4.1,4.4,4.8,7.2,23.6,21,5.8,11.9
himart,30,FEMALE,경남,1인가구,64,8.3,7.5,8.3,7.4,6.6,8,7.7,6.2,4.5,7.4,22.3,20.9,5.6,11.9
himart,30,FEMALE,경남,중년_자녀동거,51,8.9,7.5,8.9,8.1,6.7,6.7,2.7,7,7.7,7.5,25.1,23.2,6.2,12.6
himart,30,FEMALE,경남,키즈맘_미취학,53,8.5,7.4,8.5,7.7,6.6,8.1,5.8,7,7,7.9,23.3,21.4,6.2,11.3
himart,30,FEMALE,경북,키즈맘_초등생,31,8.8,7.4,8.8,7.7,6.8,4,4.9,6.5,6.6,,26.4,25,6.8,12.9
himart,30,FEMALE,경북,키즈맘_미취학,40,6.6,7.4,6.6,8.2,7.4,8.2,5.9,6.1,5.7,8,24.6,22.8,6.4,12.2
himart,30,FEMALE,경북,1인가구,47,7.8,7.4,7.8,7.9,6.3,8,3.2,6.7,4,,24.1,22.2,6.1,11.7
himart,30,FEMALE,경북,키즈맘_중학생,16,10,7.5,10,8.6,6.4,8,4.1,5.6,7.9,7.8,25.7,24.9,6.4,12.8
himart,30,FEMALE,경북,,351,8.9,7.4,8.9,7.7,6.7,8.7,3.3,6.2,5.3,7.5,25.1,22.5,7.2,11.7
himart,30,FEMALE,경북,2인가구,11,5,6.6,5,7.7,7.9,9,5.3,5.7,4.6,,24.6,20.7,7.4,10.9
himart,30,FEMALE,경북,중년_자녀동거,36,7.1,7.3,7.1,7.5,5.9,,6.7,6.8,4.1,7.4,24.1,23.4,6.2,12.5
himart,30,FEMALE,광주,1인가구,20,9,7.4,9,8.3,6.6,,9.4,7.9,6.3,7.4,22.1,20.4,5.4,11.5
himart,30,FEMALE,광주,,213,7.2,7.3,7.2,7.4,7.1,8,4.3,7.5,6.2,7.3,24.4,20.7,7.1,11.4
himart,30,FEMALE,광주,키즈맘_중학생,4,5,8.6,5,7.8,3,8,9,1.1,8,,26.6,27,6.4,13.7
himart,30,FEMALE,광주,키즈맘_초등생,13,6.7,7.8,6.7,8.1,5.8,8,0.3,6.8,1.4,,26.1,24.8,7,12.3
himart,30,FEMALE,광주,2인가구,10,10,7.7,10,7.3,7.2,8,,8.8,,,28,27.8,7,13.8
himart,30,FEMALE,광주,키즈맘_미취학,22,9.2,7,9.2,8.2,7.4,9.3,4.2,6.9,7.7,8,22.4,20.6,5.5,11.4
himart,30,FEMALE,광주,중년_자녀동거,27,9.6,7.6,9.6,7.5,6.6,8,6.8,6.5,6.2,,23.7,23.1,6.1,11.7
himart,30,FEMALE,대구,키즈맘_초등생,22,8.9,7.4,8.9,8.3,7.4,8,3.7,5.6,7.4,7.4,23.4,22.8,5.5,12
himart,30,FEMALE,대구,1인가구,41,6.7,7.5,6.7,7,6.2,9,6.2,6,8.5,7.4,23.5,22.7,5.9,12.3
himart,30,FEMALE,대구,,303,8.8,7.6,8.8,7.2,6.9,8.3,5.5,6.9,4,7.8,25.7,23.2,7.1,12.1
himart,30,FEMALE,대구,키즈맘_미취학,38,8.5,7.7,8.5,6.3,7,8.3,4.7,6.5,3.7,7.4,22.4,21,6,11.8
himart,30,FEMALE,대구,중년_자녀동거,36,7.8,7.2,7.8,7.8,6.3,,3.8,5.6,8.1,,24.8,24.7,6,13.1
himart,30,FEMALE,대구,2인가구,14,6.8,7.3,6.8,7.8,7.8,8,5.6,7.6,7.9,7.4,24.2,21.5,6.2,12.6
himart,30,FEMALE,대구,키즈맘_중학생,13,6.2,7.4,6.2,7.4,7.1,8,0.2,7,7.7,7.4,20.5,20,5.3,11.2
himart,30,FEMALE,대전,키즈맘_초등생,21,9,7.4,9,7.6,7.3,,3.2,4.9,5.8,8,26.7,25.3,6.7,12.5
himart,30,FEMALE,대전,,355,8.3,7.4,8.3,7.5,7.1,6.7,3.8,6.2,6,8.2,26.4,22.6,7.7,12.1
himart,30,FEMALE,대전,1인가구,55,6.9,7.5,6.9,8,6.6,8,5.7,6.5,7.8,7.3,25.2,23.4,6.3,12.7
himart,30,FEMALE,대전,2인가구,15,7.8,7.2,7.8,8,8.7,9.9,2.4,6.8,7.7,,27.7,25.4,6.8,13.3
himart,30,FEMALE,대전,키즈맘_중학생,7,6,7.4,6,8.3,6.9,10,6,7.2,7.9,,27.8,25.6,7.7,14
himart,30,FEMALE,대전,키즈맘_미취학,35,7.1,7.3,7.1,8.2,7,8,4.4,6.4,8.3,,24.9,22.9,6.4,12.3
himart,30,FEMALE,대전,중년_자녀동거,61,7.4,7.7,7.4,8.2,6.6,8.1,5.8,7.3,5.4,7.4,29.1,27.6,7.7,14.1
himart,30,FEMALE,부산,키즈맘_미취학,80,7.4,7.2,7.4,7.7,6.7,8,4.1,6,4.9,8.2,24.5,22.7,6.2,12.2
himart,30,FEMALE,부산,,601,8.4,7.4,8.4,7.6,6.3,7.6,4.6,6.2,6.2,7.8,27,23.9,7.5,12.7
himart,30,FEMALE,부산,2인가구,26,9.5,7.7,9.5,8.3,6.3,8,2.7,5.7,5.6,7.9,20,17.8,5.5,10.2
himart,30,FEMALE,부산,1인가구,55,7.6,7.3,7.6,7.7,6.7,7,4,5.6,1.3,7.3,24.3,21.5,6.6,11.7
himart,30,FEMALE,부산,중년_자녀동거,94,8.6,7.6,8.6,8,6.2,8,4.1,6.1,3.7,7.4,25.4,23.8,6.5,12.7
himart,30,FEMALE,부산,키즈맘_중학생,14,10,7,10,8.4,6.9,8,0.7,4,5.4,7.4,23.3,22.3,6.1,11.5
himart,30,FEMALE,부산,키즈맘_초등생,46,9.2,7.3,9.2,8,6.4,8,1.5,5.9,5.2,7.3,25.8,24.3,6.4,12.2
himart,30,FEMALE,서울,키즈맘_미취학,216,8.6,7.4,8.6,7.8,7.3,7.3,4.3,6.6,5.2,7.9,26.1,24.6,6.7,13
himart,30,FEMALE,서울,중년_자녀동거,274,8.3,7.5,8.3,8,6.7,7.1,4.2,6.1,4.9,7.8,23.1,21.9,6,11.8
himart,30,FEMALE,서울,,2023,8.8,7.4,8.8,7.8,7.2,7.6,4.4,6.3,6.4,7.8,25.4,22.3,7.1,11.9
himart,30,FEMALE,서울,1인가구,245,8.6,7.4,8.6,7.8,7.1,7.5,3.8,6.8,4.8,7.8,25.1,24.3,6.3,12.5
himart,30,FEMALE,서울,키즈맘_중학생,21,7,7.9,7,7.8,7,10,5.9,6,4.7,7.4,26.5,27,6.2,12.7
himart,30,FEMALE,서울,키즈맘_초등생,63,8.9,7.4,8.9,7.4,7.1,,2.9,6.2,5.5,,25.7,24.8,6.6,12.7
himart,30,FEMALE,서울,2인가구,105,9.2,7.6,9.2,7.6,7.6,8.9,2.6,6.3,5.7,7.4,23.7,22.4,6,12.2
himart,30,FEMALE,세종,2인가구,4,10,8.3,10,8.1,8.4,,0,6.7,,,20.2,20.9,4.7,12
himart,30,FEMALE,세종,키즈맘_초등생,1,,,,4.6,9.2,,,9.8,,,36.5,35.7,9.1,15.1
himart,30,FEMALE,세종,키즈맘_중학생,1,,7.4,,9.7,3.6,,,2.5,,,37.4,37.8,9.2,17.1
himart,30,FEMALE,세종,1인가구,9,10,7.6,10,8.6,7.9,,5.9,7,7.7,7.2,21.5,15.5,6.8,10
himart,30,FEMALE,세종,키즈맘_미취학,8,7.1,7.3,7.1,7.8,7.5,,4.2,8.1,0.1,,25.2,25.6,5.6,13.9
himart,30,FEMALE,세종,,58,10,7.4,10,7.4,6.9,8,1.8,7.4,2.5,7.7,30.8,28.7,8.4,14.2
himart,30,FEMALE,세종,중년_자녀동거,4,10,7,10,8.8,6.6,10,,4.2,,,27,27.4,7.4,14.3
himart,30,FEMALE,울산,,164,9,7.1,9,6.8,5.8,8,3.5,6,7.2,,25.6,20.4,8,11.3
himart,30,FEMALE,울산,1인가구,20,8.9,7.3,8.9,7.7,5.7,8,8,6.8,,,26.2,25.3,6.8,13.1
himart,30,FEMALE,울산,키즈맘_초등생,18,7,7.4,7,7.6,6.2,,4.5,5.2,,,26.3,26.2,6,13.3
himart,30,FEMALE,울산,키즈맘_미취학,25,8.8,7.5,8.8,7.3,5.7,8,2.8,5.8,6.5,,25,22.8,6.3,12.5
himart,30,FEMALE,울산,중년_자녀동거,21,9.2,7.4,9.2,6.4,7,8,7.1,5.5,5.3,,25.7,24.5,6.8,12.4
himart,30,FEMALE,울산,2인가구,6,4.7,7.6,4.7,8.2,6.4,,,5.8,2.1,,26.2,24.2,6.9,11.3
himart,30,FEMALE,울산,키즈맘_중학생,3,5,7.8,5,7.6,6.4,,8.3,5.1,7.7,,29.1,31,6.6,15.6
himart,30,FEMALE,인천,1인가구,53,8.1,7.5,8.1,7,7,8,4.2,6.6,4.8,7.2,23,21.2,6.2,11.4
himart,30,FEMALE,인천,,663,8.3,7.4,8.3,7.4,7,6.6,4.8,6.6,4.5,7.5,26.7,23.4,7.5,12.6
himart,30,FEMALE,인천,2인가구,35,9.3,7.4,9.3,7.4,6.3,8.7,6.9,7.2,6.4,8.1,21.3,20.1,5.1,11.7
himart,30,FEMALE,인천,키즈맘_초등생,44,8,7.7,8,8.2,6.4,8,3.2,5.4,5.6,7.6,23.5,21.9,5.6,12.2
himart,30,FEMALE,인천,중년_자녀동거,79,7.8,7.7,7.8,7.8,6.7,8.3,5.7,6,4.8,7.2,23.3,20.9,6.1,11.6
himart,30,FEMALE,인천,키즈맘_미취학,103,8.1,7.4,8.1,7.7,7.4,6.5,3.5,6.9,5.9,7.8,24.7,22.7,6.2,12.1
himart,30,FEMALE,인천,키즈맘_중학생,10,10,7.5,10,6.7,5.2,8,8.6,4.2,4.9,,22.8,19.6,6,10.4
himart,30,FEMALE,전남,키즈맘_초등생,16,8.8,7.5,8.8,8.3,7.1,8,6.3,6.8,5.9,,20.5,18.6,5.3,10.6
himart,30,FEMALE,전남,,193,8.9,7,8.9,7.7,6.7,8.5,6.2,7.2,,7.4,27.2,23.8,7.6,12.8
himart,30,FEMALE,전남,중년_자녀동거,25,9.1,7.6,9.1,7,6.2,8,4.2,6.7,,,25.4,25.1,6.4,13.3
himart,30,FEMALE,전남,키즈맘_중학생,11,5,7.4,5,7.4,6.2,,,7.3,6.7,7.4,23.1,22.2,5.3,11.9
himart,30,FEMALE,전남,키즈맘_미취학,23,9.2,7.3,9.2,8,7.5,2.8,3.4,7.1,7.7,7.3,24.7,23.5,6.5,12.5
himart,30,FEMALE,전남,2인가구,7,8.1,7.9,8.1,7.5,7.6,,4.9,6.5,9.9,,23.8,23.2,5.7,12.5
himart,30,FEMALE,전남,1인가구,26,7.8,7.1,7.8,7.9,8.2,,2.8,7.9,7.7,,19.4,18.7,4,11
himart,30,FEMALE,전북,1인가구,31,7.1,7.2,7.1,7.6,6.5,8,8.5,6.6,5.2,7.8,23.4,22.3,5.8,12.1
himart,30,FEMALE,전북,2인가구,10,6.7,7.5,6.7,7.8,6.1,,4.5,6.1,5,,26,24,7.2,12.3
himart,30,FEMALE,전북,키즈맘_미취학,21,8.8,7.3,8.8,8.2,5.9,8,2.3,7,5.4,,24.5,22.4,6,12.3
himart,30,FEMALE,전북,키즈맘_중학생,13,8.8,7.9,8.8,6.6,5.7,,4.7,6.6,,,26.7,26.1,6.7,13.5
himart,30,FEMALE,전북,키즈맘_초등생,22,10,7.2,10,7.9,7.4,8.4,0.2,6,5.9,7.2,24,20.8,6.5,11.8
himart,30,FEMALE,전북,중년_자녀동거,44,8.2,7.6,8.2,7.5,6.5,8,6.8,6.8,3.9,7.4,25.3,25,5.8,13
himart,30,FEMALE,전북,,285,8.4,7.3,8.4,7.5,6.7,8.8,3.9,6.4,7.4,7.4,27.1,23.7,7.8,12.1
himart,30,FEMALE,제주,키즈맘_미취학,9,10,7.2,10,7.6,4.8,,8.9,5.7,,,19.9,17.8,5,10.3
himart,30,FEMALE,제주,키즈맘_중학생,2,6.3,7.1,6.3,6.8,4.2,,1.7,3.3,,,29.6,26.3,6.8,13.9
himart,30,FEMALE,제주,2인가구,7,10,7.3,10,8.2,5.7,8,8,7.9,,,21.3,18,5.3,10.6
himart,30,FEMALE,제주,1인가구,13,8,7.3,8,8.5,6.2,,0.6,7,4.6,7.4,21.6,20,5.9,10.9
himart,30,FEMALE,제주,중년_자녀동거,13,6.9,7.7,6.9,5.8,5.3,8,8.9,5,8.4,7.2,28.3,27.8,6.7,14.2
himart,30,FEMALE,제주,키즈맘_초등생,9,9.8,7.6,9.8,8.5,4.3,,3.2,5,6.5,7.7,25.5,24.4,6.1,12.5
himart,30,FEMALE,제주,,110,9.2,7.5,9.2,7.9,5.8,9,3.4,6.3,5.9,,28.7,25.5,8,13.3
himart,30,FEMALE,충남,키즈맘_미취학,41,9,7.3,9,7.9,7.2,8,3.6,7,6.5,7.7,24.9,23.1,6.5,12.7
himart,30,FEMALE,충남,키즈맘_중학생,6,2,6.8,2,7,5.7,8,0.2,6.6,,,25.5,23.5,5.7,12.3
himart,30,FEMALE,충남,중년_자녀동거,52,8.4,7.7,8.4,7.4,6.1,8.7,4.4,5.8,2.8,,27.3,25.3,6.9,13.2
himart,30,FEMALE,충남,키즈맘_초등생,25,9.2,7.3,9.2,7.6,6.7,8,2.9,5,4.5,8.1,24.9,23.1,6.8,12.6
himart,30,FEMALE,충남,1인가구,36,9.2,7.5,9.2,7.8,7.3,8,3.8,6,5.4,8.1,22,21.1,5.4,12.4
himart,30,FEMALE,충남,2인가구,10,8.2,7.3,8.2,8.5,5.4,,5.3,6.3,0.1,,20.2,19.3,4.8,11.3
himart,30,FEMALE,충남,,349,7.9,7.5,7.9,7.5,7,8.2,5.3,5.7,6.7,7.6,24.6,21.9,7,11.4
himart,30,FEMALE,충북,키즈맘_미취학,23,6.4,7.4,6.4,7.9,7.3,8.9,6.8,6.3,5.9,7.3,25.5,22.7,6.7,12.5
himart,30,FEMALE,충북,,251,8,7.4,8,7.7,7.1,8,4.3,6,5.3,7.9,27.6,24.7,7.7,12.7
himart,30,FEMALE,충북,중년_자녀동거,27,6.8,7.3,6.8,7.5,6.3,5.8,0.4,6,8,,22.7,19.6,6.3,11.2
himart,30,FEMALE,충북,키즈맘_중학생,10,8.4,7.7,8.4,6.6,8.1,,3.2,6.8,,,27.4,26.5,6.3,13.7
himart,30,FEMALE,충북,1인가구,37,8.6,7.5,8.6,7.1,7.6,8,3.3,7,7.8,,22.1,22.2,5.4,11.8
himart,30,FEMALE,충북,키즈맘_초등생,22,8.4,7.4,8.4,7.8,5.1,8,3.2,5.5,4.7,,29.5,27.2,7.6,13.7
himart,30,FEMALE,충북,2인가구,12,6.5,7.4,6.5,7.3,8.1,,2.8,7.6,,7.8,24.6,22.3,6.5,12.2
himart,30,MALE,,키즈맘_미취학,475,8.1,7.3,8.1,7.9,6.5,5.8,3.2,5.1,6.2,7.5,25.8,27,5.7,12.7
himart,30,MALE,,2인가구,223,8.2,7.2,8.2,8.2,6.9,6.3,4.4,4.8,5.3,7.4,24.7,26.4,5.1,12.7
himart,30,MALE,,중년_자녀동거,896,7.8,7.2,7.8,7.9,5.7,6.6,3.2,4.6,5.6,7.6,24.2,25.9,5.3,12.2
himart,30,MALE,,키즈맘_중학생,39,8.7,7.3,8.7,7.6,6.2,10,2.1,3.7,7.9,7.3,26.4,28,5.7,13.3
himart,30,MALE,,1인가구,848,8.3,7.3,8.3,8,6.4,6.9,3.3,4.9,5.8,7.6,25.3,27.2,5.6,12.8
himart,30,MALE,,,6683,8.2,7.3,8.2,7.9,6.3,6.5,3.3,5,5.2,7.7,26.7,26.2,6.7,12.5
himart,30,MALE,,키즈맘_초등생,118,8,7.2,8,7.8,6.1,6.7,4.1,4.6,4.8,7.2,25.6,26.4,5.8,12.2
himart,30,MALE,강원,키즈맘_초등생,28,8.7,7.3,8.7,7.7,5.8,6.7,6,5.5,6.3,,23.2,24.5,5,11.9
himart,30,MALE,강원,중년_자녀동거,69,8.5,7.5,8.5,7.4,5,5.1,3.4,4.3,6.5,,25.5,26.3,5.8,12.1
himart,30,MALE,강원,키즈맘_중학생,7,0.1,7.7,0.1,7.9,5.9,,6,4.5,5.8,,18.5,21.3,4,10.4
himart,30,MALE,강원,,457,8,7.3,8,7.4,5.7,5.9,3.1,4.8,4.5,7.3,28.1,26.7,7,12.7
himart,30,MALE,강원,2인가구,18,7.9,7.2,7.9,7.3,4.4,,8,4.9,,8.2,25.6,28.5,5.4,13.1
himart,30,MALE,강원,키즈맘_미취학,48,9.4,7.4,9.4,7.7,7,6.4,4.1,4.8,5.9,7.4,25.3,26.4,5.5,12.4
himart,30,MALE,강원,1인가구,59,8.3,7.6,8.3,7.7,5.8,6.7,4.5,5.4,2,,26.4,27.6,5.6,12.8
himart,30,MALE,경기,키즈맘_초등생,193,8,7.3,8,7.7,6.4,5.8,4.1,5,5.1,7.9,26.2,27.1,5.6,12.6
himart,30,MALE,경기,키즈맘_중학생,36,8.2,7.3,8.2,8.3,6.2,6.4,4.9,4.1,8.7,,25.3,26.8,5.8,12.7
himart,30,MALE,경기,,5103,8.4,7.3,8.4,7.9,6.4,6.3,3.5,5,5.5,7.6,27.3,26.4,6.9,12.6
himart,30,MALE,경기,2인가구,192,8.7,7.4,8.7,8.2,6.8,6.5,4,4.7,5.7,7.6,24.6,26.1,5.3,12.3
himart,30,MALE,경기,중년_자녀동거,789,8.4,7.3,8.4,7.9,5.8,6.5,2.8,4.6,5.7,7.5,25,26.6,5.5,12.6
himart,30,MALE,경기,1인가구,717,8.5,7.4,8.5,7.9,6.6,6.5,3.5,5.3,5.5,7.5,25.3,26.8,5.7,12.4
himart,30,MALE,경기,키즈맘_미취학,512,8.1,7.3,8.1,7.8,7.2,5.6,4.3,4.9,5.9,7.4,25.6,26.5,5.6,12.6
himart,30,MALE,경남,,946,8.4,7.3,8.4,7.9,6.6,7.3,3.6,5.4,6.2,7.3,27.1,26.6,6.8,12.7
himart,30,MALE,경남,키즈맘_미취학,99,8.4,7.4,8.4,7.6,6.9,6.1,3.1,5.2,5.7,7.4,25.7,27.4,5.7,12.9
himart,30,MALE,경남,1인가구,134,9,7.3,9,8,6.2,5.9,2.8,4.9,5.9,7.2,25,26.9,5.4,12.7
himart,30,MALE,경남,키즈맘_중학생,14,7.6,7.5,7.6,7.8,4.4,,,2.7,9.8,7.2,23.3,25.5,5,11.8
himart,30,MALE,경남,키즈맘_초등생,44,8.3,7.3,8.3,8.3,6.2,6.4,0.9,4,2.9,,26.5,28.6,5.9,12.7
himart,30,MALE,경남,2인가구,38,6.4,7.1,6.4,7.5,6.8,8.1,6,4.3,7.9,,24.6,25.9,5.2,12.5
himart,30,MALE,경남,중년_자녀동거,148,8.1,7.2,8.1,7.8,5.4,5.1,1.9,4.8,5.8,7.5,23.7,25.5,5.2,12.3
himart,30,MALE,경북,키즈맘_중학생,9,8.8,7.5,8.8,8.2,6,6.4,0,4.1,2,,32,33,7.2,15.1
himart,30,MALE,경북,중년_자녀동거,83,7.9,7.5,7.9,7.7,6.1,6.4,3.1,5.7,5.6,7.4,26.1,27.9,5.7,12.9
himart,30,MALE,경북,키즈맘_초등생,37,9,7.3,9,7.9,5.4,,0.6,4.1,6.1,,26.3,27.5,5.7,13.3
himart,30,MALE,경북,키즈맘_미취학,73,7.9,7.2,7.9,7.3,5.5,6.4,4.8,3.9,5.3,7.3,25,26.4,5.4,12.4
himart,30,MALE,경북,2인가구,27,10,7.4,10,7.2,6.8,6.4,0.2,6.2,1.5,,26.3,26.7,5.7,12.4
himart,30,MALE,경북,1인가구,107,8.2,7.3,8.2,7.9,6.3,5.8,0.8,5.2,7.7,7.5,25.4,27.1,6,12.6
himart,30,MALE,경북,,693,8.3,7.2,8.3,7.7,6,6.3,3.5,5,6.5,7.4,26.2,25.4,6.7,12.2
himart,30,MALE,광주,중년_자녀동거,61,6.5,7.4,6.5,7.9,5.6,7.6,4.5,4,8.1,7.4,24.8,26.3,5.7,12.4
himart,30,MALE,광주,2인가구,15,8.2,7,8.2,7.4,7.5,7.3,8,6,7.9,,24,24.2,4.4,11.7
himart,30,MALE,광주,1인가구,61,8.6,7.5,8.6,8.3,6,4.4,3.8,4.7,2.5,7.5,25.5,27,6,12.4
himart,30,MALE,광주,키즈맘_미취학,44,8.5,7.4,8.5,7.5,6.3,5.2,1.8,4.8,3.3,8.1,27.6,28.1,6.5,13.2
himart,30,MALE,광주,키즈맘_초등생,16,8.3,7.3,8.3,7.4,5.9,,4.2,4.8,6.1,,25.2,27.5,5.2,12.7
himart,30,MALE,광주,,407,8.5,7.5,8.5,7.6,5.7,7.6,3.9,5.9,6.3,7.7,28.1,27.4,7,12.9
himart,30,MALE,광주,키즈맘_중학생,4,10,7.3,10,7.6,7.3,,0,6.3,,,24.6,30.1,5.3,12.2
himart,30,MALE,대구,중년_자녀동거,94,9,7.3,9,7.6,5.9,5.1,4.2,5,6.2,7.6,25,26.4,5.5,12.3
himart,30,MALE,대구,2인가구,16,7.4,7.1,7.4,7.6,5.9,6.4,1.7,4.3,3.4,,20.6,22.3,4.4,11
himart,30,MALE,대구,키즈맘_중학생,4,10,7.5,10,8.2,4.2,,8,2,8,8.3,27,32.8,6,14
himart,30,MALE,대구,키즈맘_초등생,18,7.8,6.8,7.8,7.9,6.5,6.4,5.3,5.1,8.1,,24.6,27.1,5.1,12.6
himart,30,MALE,대구,1인가구,77,9.4,7.5,9.4,7.7,5.1,6.4,3,4.5,7.2,7.7,25.6,26.9,5.9,12.6
himart,30,MALE,대구,,611,8.4,7.3,8.4,8.2,6.6,6,3.7,4.4,5,7.7,27,26.7,6.7,12.8
himart,30,MALE,대구,키즈맘_미취학,69,9.2,7,9.2,7.9,6.4,6.4,3.2,4.7,5.3,8,24.6,25.7,5.6,12
himart,30,MALE,대전,키즈맘_중학생,6,10,7.3,10,8.4,5.9,,1.5,3.9,6.6,7.4,27,26.9,7.1,12.5
himart,30,MALE,대전,2인가구,24,9.4,7.5,9.4,7.9,6.1,6.4,3.5,5.1,4.9,,23.7,25.8,5,12.5
himart,30,MALE,대전,,656,8.8,7.3,8.8,8,6.4,7.2,2.9,5.1,4.4,7.4,28.4,27.2,7.2,13.2
himart,30,MALE,대전,키즈맘_미취학,66,9.3,7.2,9.3,7.6,6.5,6.4,5.4,4.4,5.2,8.1,26.9,27.3,6.1,13.1
himart,30,MALE,대전,키즈맘_초등생,15,8.6,6.9,8.6,8.3,5.8,6.6,4,4,,,23.4,25.2,4.4,12.1
himart,30,MALE,대전,1인가구,103,8.3,7.3,8.3,7.6,6.3,6.4,2.8,5.1,6.9,7.8,26.6,27.5,5.7,12.9
himart,30,MALE,대전,중년_자녀동거,99,8.9,7.3,8.9,7.8,5.6,6.6,6.4,4.9,4,7.4,24.8,26.3,5.2,12.7
himart,30,MALE,부산,중년_자녀동거,196,7.9,7.4,7.9,8,5.1,4.4,5.1,3.9,4.8,7.7,26,26.9,6,12.7
himart,30,MALE,부산,,1123,8.4,7.3,8.4,7.6,6.3,6.2,3.6,4.9,5.3,7.4,28.7,28,7.2,13.4
himart,30,MALE,부산,2인가구,39,7.8,7.2,7.8,7.5,6.8,6.7,3.6,5.6,5,,22.8,23.7,4.7,11.6
himart,30,MALE,부산,키즈맘_중학생,10,10,7.2,10,6.8,4.6,6.4,0,1.9,3.9,,23.5,24.4,4.6,11.3
himart,30,MALE,부산,키즈맘_초등생,46,9.3,7.2,9.3,8.5,6.3,4.3,4,4.4,4.3,,28.3,29.2,6.6,13.5
himart,30,MALE,부산,키즈맘_미취학,125,8,7.2,8,7.7,6.5,6.7,2.7,4.3,6.6,7.6,25.6,26.6,5.5,12.6
himart,30,MALE,부산,1인가구,152,8.1,7.4,8.1,7.7,6.6,6.5,2.3,4.7,5.9,7.5,26.2,27.7,5.8,12.7
himart,30,MALE,서울,,3810,8.4,7.4,8.4,8,6.7,6.5,3.7,5.2,5.7,7.7,27.2,26.4,6.8,12.6
himart,30,MALE,서울,키즈맘_초등생,59,8.3,7.5,8.3,8.3,6.2,4.7,3.1,4.2,5.5,7.6,26.6,27.5,6.2,12.9
himart,30,MALE,서울,1인가구,510,7.6,7.3,7.6,8.2,6.5,6.4,3.4,5.2,5.8,7.4,25.3,26.9,5.6,12.7
himart,30,MALE,서울,중년_자녀동거,550,7.9,7.4,7.9,8.1,5.6,6,3.7,4.7,6.8,7.4,25.3,27.1,5.7,12.6
himart,30,MALE,서울,키즈맘_미취학,309,8.2,7.5,8.2,8.2,7.5,6.6,4.1,5.3,5.2,7.4,25.6,26.9,5.7,12.8
himart,30,MALE,서울,2인가구,160,8.1,7.4,8.1,8.3,7.8,5.7,5,5.7,6.4,7.5,24.6,25.9,5.2,12.5
himart,30,MALE,서울,키즈맘_중학생,8,5,6.9,5,8.2,5,,0,4.8,,,19.3,20.3,3.2,9.2
himart,30,MALE,세종,중년_자녀동거,16,10,7.2,10,8.4,4.5,6.4,4.2,4.3,8.3,,24,25.2,5.2,12.4
himart,30,MALE,세종,키즈맘_미취학,12,7.2,7.6,7.2,8.3,7.4,4.2,2.8,4.7,7.7,,25.1,26.9,6.2,11.7
himart,30,MALE,세종,,151,8,7.2,8,8.4,7.1,4.3,5.3,5.8,5.3,7.4,29.5,28.2,7.6,13.5
himart,30,MALE,세종,키즈맘_초등생,8,10,7.9,10,7.4,5.7,6.4,2.7,3.9,8.8,,26.9,28.8,5.6,14
himart,30,MALE,세종,2인가구,7,10,7.4,10,8.1,5.7,4.5,5.6,6.3,7.9,,25.2,26.7,5.1,12.8
himart,30,MALE,세종,1인가구,25,8.9,7.3,8.9,8.1,7.3,,4.3,6.3,6.6,7.7,27.2,28.1,6,13.7
himart,30,MALE,울산,2인가구,16,8,7.2,8,7.6,8,8.2,2.1,5.1,8.4,,22.1,23.8,4.6,11.4
himart,30,MALE,울산,중년_자녀동거,66,7.7,7.4,7.7,7.9,4.6,6.4,4.6,4.1,6.8,7.3,25.4,27.4,5.7,12.6
himart,30,MALE,울산,,384,8.6,7.4,8.6,7.8,5.7,6.7,2.3,4.9,4.9,7.2,28.1,27.2,7.3,12.8
himart,30,MALE,울산,키즈맘_미취학,51,8.9,7.4,8.9,7.3,6.9,7.6,1.4,5.4,8.6,7.2,27.5,28.5,6,13.4
himart,30,MALE,울산,1인가구,52,8.3,7.3,8.3,7.4,7.1,6.4,3.7,6.5,5.6,7.3,23.6,26.5,4.7,12.5
himart,30,MALE,울산,키즈맘_초등생,20,10,7.5,10,7.5,6.2,6.4,3.1,6.1,3,,28.5,29.7,6.4,14.4
himart,30,MALE,인천,키즈맘_미취학,156,8.4,7.3,8.4,8.2,7.5,6.5,2.4,4.8,4.6,7.5,26.1,27.3,5.6,13
himart,30,MALE,인천,,1291,7.8,7.3,7.8,8,6.2,7,2.8,5,5.3,,27.7,26.6,7,12.9
himart,30,MALE,인천,1인가구,181,9,7.3,9,7.6,6.5,6.2,3.3,5.2,5,7.8,25.2,27.1,5.5,12.7
himart,30,MALE,인천,키즈맘_중학생,13,8.3,7.3,8.3,7.6,5.4,9,0.2,3.3,0.1,,23.6,24.8,5.3,11.8
himart,30,MALE,인천,2인가구,55,8.9,7,8.9,7.6,6.9,7.6,3.5,5,6.3,7.4,22.9,23.9,4.7,11.5
himart,30,MALE,인천,키즈맘_초등생,53,7.9,7.1,7.9,7.4,5.9,7.2,4.2,3.6,6.3,7.8,24.7,26.1,5.2,12
himart,30,MALE,인천,중년_자녀동거,201,8,7.3,8,7.8,5.5,6.2,3.6,4.3,6.9,7.7,25.3,26.8,5.7,12.4
himart,30,MALE,전남,중년_자녀동거,62,9,7.4,9,7.6,4.9,7.1,4,4.8,4.7,,26,27.9,5.8,12.9
himart,30,MALE,전남,1인가구,40,10,7.3,10,8.2,5,4.2,5.4,4.1,7.7,,21.1,23,4.5,11
himart,30,MALE,전남,키즈맘_초등생,18,9.7,7.4,9.7,7.6,6,6,8,4.1,7.4,,20.4,22.7,3.9,10.7
himart,30,MALE,전남,키즈맘_중학생,8,9.2,7.4,9.2,8.7,6.7,6.4,0,4.9,0.1,,23.3,22.9,5.9,11.2
himart,30,MALE,전남,,396,8.3,7.5,8.3,7.7,6.7,7.1,2.4,5.6,4.2,7.5,29,27.8,7.3,13.5
himart,30,MALE,전남,2인가구,28,8.2,7.4,8.2,7.5,5.3,6.4,2.5,3.6,4.1,,25.5,26.6,5.5,12.4
himart,30,MALE,전남,키즈맘_미취학,35,7.5,7.5,7.5,7.2,6,6.4,3,4.6,7.9,,24.9,25.7,5.6,12.2
himart,30,MALE,전북,2인가구,27,5.6,7.3,5.6,8.2,5,0,0.1,3.8,8.6,7.4,22.2,25.9,4,12.4
himart,30,MALE,전북,키즈맘_초등생,27,2.5,7.2,2.5,7.8,5.6,6.4,,4.1,7.7,,24.4,25.7,4.9,12.1
himart,30,MALE,전북,키즈맘_중학생,12,10,7.3,10,6.5,5,10,0,5.3,8.5,,23.2,25.2,4.7,12
himart,30,MALE,전북,,552,8.4,7.3,8.4,7.4,5.9,6,3.6,5.3,3.6,8.2,28.4,27.3,7.1,13
himart,30,MALE,전북,키즈맘_미취학,54,8.8,7.4,8.8,8.1,6.6,7.2,2.4,5.5,7.1,,27,27.2,6.3,12.8
himart,30,MALE,전북,중년_자녀동거,86,7.2,7.4,7.2,7.4,4.7,5.7,3,4.5,8,7.8,25.4,26.7,5.5,12.7
himart,30,MALE,전북,1인가구,93,7.1,7.4,7.1,7.7,6.2,5,3.6,4.8,7.8,7.8,25.6,26.7,5.8,12.7
himart,30,MALE,제주,1인가구,20,8.3,7.3,8.3,7.4,5.4,9,4.6,6,7.8,,26.9,28.7,6,13.2
himart,30,MALE,제주,2인가구,10,10,7.4,10,9.3,6.7,,5.9,5.8,5.2,8.8,20.8,22,4.4,10.8
himart,30,MALE,제주,,184,7.5,7.7,7.5,7.7,4.9,4.6,4.8,5.4,5.9,8.4,27.8,26.4,7.5,12.7
himart,30,MALE,제주,중년_자녀동거,33,7.8,7.7,7.8,8.4,4.5,6.4,0.5,4.1,9.8,,26.9,28.9,6.1,13.3
himart,30,MALE,제주,키즈맘_중학생,1,0,6.3,0,8,9.4,,,9.3,,,15.1,26.8,1.3,12
himart,30,MALE,제주,키즈맘_미취학,24,8.7,7.6,8.7,8.2,4.7,9.7,0.1,3.8,7.7,,26.8,27.1,6.8,12.2
himart,30,MALE,제주,키즈맘_초등생,14,10,7.6,10,7,2.8,0.1,0.5,5.2,6.4,,26.6,29,5.4,13
himart,30,MALE,충남,2인가구,26,9,7.2,9,7.8,7,6.4,8,6.6,4.3,7.4,26.3,28,5.7,12.5
himart,30,MALE,충남,,725,8.6,7.3,8.6,8,6.4,6.1,4.1,4.9,6.3,7.7,28.5,27.5,7.1,13.1
himart,30,MALE,충남,키즈맘_미취학,73,6.6,7.4,6.6,7.8,5.8,6.6,2.2,4.8,5.2,,27.4,28.1,6,13.2
himart,30,MALE,충남,중년_자녀동거,74,8.5,7.5,8.5,7.4,4.8,7.3,1.5,4.3,5.5,,27,28,6.3,13.4
himart,30,MALE,충남,키즈맘_초등생,30,8.9,7.6,8.9,8,6.4,6.4,0.3,3.8,5.9,8.2,25.7,26.8,5.9,13
himart,30,MALE,충남,키즈맘_중학생,5,5.5,7.6,5.5,5.9,8,,,7.5,,,26.2,27.5,5.4,11.9
himart,30,MALE,충남,1인가구,119,8.3,7.3,8.3,7.6,6.5,6.4,3.6,4.7,6.4,7.6,26,27.3,5.7,12.8
himart,30,MALE,충북,2인가구,18,10,7.3,10,8.8,6.9,6.4,3.5,6,0.1,,26.1,27.4,5.3,13.7
himart,30,MALE,충북,,593,8.9,7.3,8.9,7.8,6.9,6.6,4.3,5.3,5.2,7.8,28.6,27.6,7.3,13.4
himart,30,MALE,충북,키즈맘_초등생,29,7.9,7.1,7.9,8.3,6.9,6.4,3.5,4.8,7.4,,20.3,22,4,10
himart,30,MALE,충북,중년_자녀동거,73,7.3,7.5,7.3,8.4,5.5,6.3,4.4,5,2.6,7.4,26,28,5.8,13
himart,30,MALE,충북,키즈맘_미취학,61,8.6,7.1,8.6,7.9,6.7,6.4,6,6,6.1,7.2,23.7,24.2,5.4,12
himart,30,MALE,충북,키즈맘_중학생,3,10,6.8,10,9,6.7,,,5.4,,,27.8,30,6.4,12.9
himart,30,MALE,충북,1인가구,121,8.4,7.4,8.4,7.9,6.8,5.3,3.5,5.7,6.2,7.2,26.7,28,6,13.1
himart,40,FEMALE,,1인가구,276,8.4,7.3,8.4,8,6.2,8.1,4.1,5.5,5.6,7.8,24.4,24.6,6,12.9
himart,40,FEMALE,,,3088,8.5,7.3,8.5,7.7,6,7,3.8,5.2,4.8,7.7,26,23.8,7.3,12.1
himart,40,FEMALE,,2인가구,136,8.7,7.3,8.7,7.8,6.5,8.2,3,4.8,5.7,7.8,24.5,24,6.2,12.4
himart,40,FEMALE,,키즈맘_중학생,280,7.7,7.2,7.7,7.8,5.2,7.7,3.8,4.7,6.2,7.7,23.9,24.3,5.8,12.7
himart,40,FEMALE,,중년_자녀동거,481,8.3,7.3,8.3,7.6,5.5,7.9,4.5,4.7,5.1,7.7,24.7,24.6,6.3,12.8
himart,40,FEMALE,,키즈맘_미취학,152,9.3,7.3,9.3,7.6,6.1,6.4,4.6,4.8,4.9,8.1,25.6,25.1,6.5,13
himart,40,FEMALE,,키즈맘_초등생,247,8.3,7.1,8.3,7.5,5.4,7.6,4.6,4.6,5.5,7.8,24.3,24.7,5.9,12.8
himart,40,FEMALE,강원,키즈맘_중학생,44,6.8,7.1,6.8,6.9,5.3,8,1.9,5.6,6.8,7.5,24.3,24.9,5.6,13.1
himart,40,FEMALE,강원,키즈맘_미취학,11,6.7,7.1,6.7,7.5,6.4,8.2,3,3.3,7.6,,28.3,29.1,7.4,14.4
himart,40,FEMALE,강원,중년_자녀동거,42,9.1,7,9.1,8.2,7.4,7.8,5.2,6,6.1,7.6,23.5,24.2,5.5,13
himart,40,FEMALE,강원,키즈맘_초등생,29,9.5,7,9.5,8,5.8,9,0,5.3,5.3,7.6,24.1,24.7,5.4,12.5
himart,40,FEMALE,강원,,252,7.3,7.4,7.3,7.6,5.5,8,5.3,4.6,5.6,7.8,29.1,26,8.2,13.1
himart,40,FEMALE,강원,1인가구,19,5.2,7.8,5.2,7.6,4.6,5.9,6.5,4.5,5.1,,22.5,22.3,5.4,12.2
himart,40,FEMALE,강원,2인가구,7,10,7.3,10,4.8,4.8,,0,4.9,7.4,,22.7,23,5.7,11.4
himart,40,FEMALE,경기,,3255,8.6,7.2,8.6,7.7,5.8,7.3,4.5,4.8,5.4,7.9,25.1,22.2,7.2,11.4
himart,40,FEMALE,경기,중년_자녀동거,588,8.4,7.3,8.4,7.8,5.7,7.7,3.8,4.5,5.6,7.8,25.5,25.1,6.5,12.9
himart,40,FEMALE,경기,키즈맘_초등생,355,8.1,7.3,8.1,7.8,5.9,7.7,3.8,4.8,5,7.8,25.9,25.5,6.4,13.2
himart,40,FEMALE,경기,키즈맘_미취학,118,9,7.4,9,8,7,6.9,4.7,5,4.5,7.9,26.7,25.4,7.1,13.3
himart,40,FEMALE,경기,2인가구,120,8.5,7.3,8.5,7.4,6.4,7.6,1.2,5.3,3.9,7.6,25.3,24.8,6.4,12.8
himart,40,FEMALE,경기,1인가구,248,7.9,7.4,7.9,7.6,6.4,6.7,4.4,5,4.9,7.8,24.3,24.1,6,12.9
himart,40,FEMALE,경기,키즈맘_중학생,491,8.1,7.3,8.1,7.8,5.9,7.6,2.7,5.1,5.8,7.7,24.5,24.9,5.9,12.9
himart,40,FEMALE,경남,키즈맘_미취학,18,10,7.1,10,7,3.5,8,1.8,4.5,6.7,,24.8,23.4,6.2,12.4
himart,40,FEMALE,경남,키즈맘_중학생,107,8.1,7.3,8.1,7.3,5.5,6.1,2.8,5.3,5,7.7,26.1,27.1,6.3,13.8
himart,40,FEMALE,경남,중년_자녀동거,97,8.9,7.3,8.9,7.5,6.3,6.8,4.5,5,7,7.8,22.8,23.1,5.8,12.2
himart,40,FEMALE,경남,키즈맘_초등생,83,8.8,7.2,8.8,7.5,5.3,8,4.6,4.3,5.3,7.5,24.3,24.2,6.2,12.4
himart,40,FEMALE,경남,1인가구,45,8.6,7.4,8.6,7.9,4.6,8,4.2,3.8,6.3,,26.5,26.7,6.3,14.1
himart,40,FEMALE,경남,2인가구,18,10,7.6,10,7.9,6.7,8,7.1,6.6,5.3,,26,24,7.3,13.1
himart,40,FEMALE,경남,,588,8,7.2,8,7.8,5.3,7.5,3.4,5.1,6.1,7.5,28.8,26,8,13.4
himart,40,FEMALE,경북,1인가구,40,8.2,7.4,8.2,7.8,4.8,8,4.1,3,4.7,,23.8,24.3,6,12.5
himart,40,FEMALE,경북,키즈맘_초등생,63,8.1,7.3,8.1,8,6,8,3.8,5.2,6.7,7.7,27.3,27.7,6.6,13.9
himart,40,FEMALE,경북,중년_자녀동거,74,7.7,7.3,7.7,7.9,5.7,8,5.8,5.5,5.7,,25.6,25.8,6.3,13.4
himart,40,FEMALE,경북,,454,9.4,7.4,9.4,7.9,5.9,6.6,5.5,5,6.4,7.7,26.5,25.3,7,12.7
himart,40,FEMALE,경북,2인가구,13,10,6.7,10,8.4,5.2,8,0,6.3,,,24.8,21.3,6.8,11.4
himart,40,FEMALE,경북,키즈맘_중학생,75,7.1,7.4,7.1,7.6,5.9,6.7,3.7,5,7.1,,25.1,25.8,6.2,13.2
himart,40,FEMALE,경북,키즈맘_미취학,25,7.2,7.8,7.2,8,5.3,8,7.2,5.9,0.2,,22.6,22.3,6.1,11.9
himart,40,FEMALE,광주,2인가구,6,7.5,7.3,7.5,6.7,6.9,,0.1,7.2,,,19.5,19.6,6.1,11.6
himart,40,FEMALE,광주,,282,8.5,7,8.5,8,6.3,8.1,4.9,6,7.4,8.5,26.6,22.9,7.5,12.2
himart,40,FEMALE,광주,중년_자녀동거,52,9.5,7.6,9.5,7.3,6.2,8,3.9,5.3,6.1,,26.2,25.7,6.9,13.3
himart,40,FEMALE,광주,키즈맘_미취학,7,7.5,6.9,7.5,7.4,9,8,,5.8,7.6,,19.6,15.7,5.1,9.6
himart,40,FEMALE,광주,1인가구,25,8.6,7.4,8.6,7.4,5.4,8,4.4,5,8.6,7.6,22.3,22.2,5.6,11.5
himart,40,FEMALE,광주,키즈맘_중학생,50,7.9,7.3,7.9,8.3,5,8.2,3.5,3.4,6.7,8.1,23.2,24,5.5,12.6
himart,40,FEMALE,광주,키즈맘_초등생,31,8,7.2,8,7.3,4.9,8,9,4.5,5.9,7.7,23.9,23.8,5.7,12.3
himart,40,FEMALE,대구,,358,9.4,7.1,9.4,8,6,8.6,3.2,5.3,4.5,7.8,28,25.2,7.7,13
himart,40,FEMALE,대구,1인가구,19,10,7.8,10,7.6,6,9.3,8.4,4.9,7.6,,26.3,25.1,6.6,12.9
himart,40,FEMALE,대구,키즈맘_초등생,38,9.2,7.3,9.2,7.4,5.5,5.8,5.2,5.4,6,8,25.7,25.9,5.9,13.2
himart,40,FEMALE,대구,중년_자녀동거,66,8.4,7.4,8.4,8.1,5.9,7.9,4.8,5.3,4.7,8.3,26.8,26.8,6.7,13.8
himart,40,FEMALE,대구,2인가구,14,5.3,7.4,5.3,8.8,5,,0.7,4.4,7.7,,24.1,21.7,6.4,11.5
himart,40,FEMALE,대구,키즈맘_미취학,10,10,7.4,10,8.5,5.2,,,4.4,8.1,,26.7,25.2,7.4,13.5
himart,40,FEMALE,대구,키즈맘_중학생,59,8.2,7.2,8.2,7.8,4.9,6.9,4.7,4.3,5.4,7.6,23.5,24.7,5.3,12.9
himart,40,FEMALE,대전,1인가구,27,10,7.4,10,7.5,6,8,5.4,5.4,9.3,,26.3,26.6,6.2,14.2
himart,40,FEMALE,대전,,432,8.4,7.4,8.4,7.7,5.9,8.1,6.9,5.1,5.6,7.7,29,25.6,8.3,12.9
himart,40,FEMALE,대전,2인가구,20,8.1,7.5,8.1,7.6,7.1,,2.9,4.5,3.3,,24.7,23,7.2,12
himart,40,FEMALE,대전,키즈맘_초등생,53,9.4,7.4,9.4,8,5.6,8.4,4.8,5.2,4.8,,25.3,25.4,6.2,13.3
himart,40,FEMALE,대전,키즈맘_중학생,81,8,7.3,8,7.9,5.9,7.8,2.1,5.2,5.9,,25.1,25.7,6,13
himart,40,FEMALE,대전,중년_자녀동거,77,9.6,7.4,9.6,6.8,5,8,3.9,3.7,3.9,7.6,25.8,24.8,6.7,13.3
himart,40,FEMALE,대전,키즈맘_미취학,20,9.2,7.4,9.2,7.7,7.4,8,4.1,6.5,7.7,,27.8,26.5,7.5,14
himart,40,FEMALE,부산,키즈맘_중학생,136,8.5,7.3,8.5,7.8,5.6,7.4,5,4.3,5.7,7.7,26.3,26.4,6.4,13.7
himart,40,FEMALE,부산,,810,7.7,7.3,7.7,7.3,5.5,8.1,4.3,4.9,6.6,7.9,27.1,24.4,7.5,12.7
himart,40,FEMALE,부산,키즈맘_미취학,25,7.9,7.1,7.9,8.4,7.4,8,6,6.5,5.6,7.5,26,24.6,7,12.8
himart,40,FEMALE,부산,중년_자녀동거,153,8.4,7.3,8.4,7.8,5.3,7.4,3.6,4.4,6,,25.8,25.3,6.6,13
himart,40,FEMALE,부산,키즈맘_초등생,111,7.9,7.4,7.9,8,5.6,7.4,3.9,4.6,6.1,7.7,23.8,23.2,5.7,12.5
himart,40,FEMALE,부산,2인가구,28,10,7.1,10,7.3,5.2,9,2.3,3.6,,,26.8,26.3,6.9,13.6
himart,40,FEMALE,부산,1인가구,52,8.3,7.4,8.3,7.8,6.2,8,2.1,4.4,7.4,7.5,22.3,21.4,5.7,11.6
himart,40,FEMALE,서울,키즈맘_미취학,98,7.8,7.4,7.8,8,6.4,8.1,5.4,4.7,6.3,7.6,25.9,25.4,6.6,13.1
himart,40,FEMALE,서울,키즈맘_초등생,199,8.4,7.2,8.4,7.9,6.5,7.6,3.7,5.2,5.3,7.7,25.7,25.3,6.5,13.1
himart,40,FEMALE,서울,키즈맘_중학생,200,8,7.3,8,7.9,6.5,7.7,3.4,4.4,4.6,7.9,25.5,25.8,6.3,13.6
himart,40,FEMALE,서울,2인가구,89,8.9,7,8.9,7.7,5.9,7.3,4,4.8,6.2,7.9,24.7,23.4,6.1,12.2
himart,40,FEMALE,서울,중년_자녀동거,388,8.6,7.3,8.6,7.9,6.4,7.8,3.8,4.9,5.5,7.8,25.4,25.2,6.4,13.3
himart,40,FEMALE,서울,,2127,8.4,7.4,8.4,7.8,6.3,7.5,4.1,5.2,5.2,7.8,25.5,22.9,7.1,11.8
himart,40,FEMALE,서울,1인가구,166,7.4,7.5,7.4,8.2,6.2,7.3,4,5.4,4.9,7.8,24,24.4,5.8,12.8
himart,40,FEMALE,세종,2인가구,2,,6.3,,7.7,5.2,,,9.8,,,26.9,27.5,5.8,12.8
himart,40,FEMALE,세종,키즈맘_미취학,3,10,7,10,6.1,2,,8,2.3,7.7,,31,28.9,6.3,14.3
himart,40,FEMALE,세종,키즈맘_초등생,9,10,7.4,10,7.4,3.6,,2.7,5.5,6,,30.1,29.3,7.6,15
himart,40,FEMALE,세종,키즈맘_중학생,19,10,7.7,10,7.6,5.4,8,5.4,4.4,5.8,,26.5,25.7,6.2,13.2
himart,40,FEMALE,세종,,103,7.8,7.3,7.8,8.1,5.9,8,4.6,5,6.6,8.2,25.8,24.2,7.1,12.3
himart,40,FEMALE,세종,중년_자녀동거,13,0,7,0,6.6,5.3,8,4.1,2.7,8,8.1,23.6,24.7,5.3,13.3
himart,40,FEMALE,세종,1인가구,18,10,6.9,10,7.5,4.9,,2.2,5.1,7.6,,27.6,26.3,7.4,13.8
himart,40,FEMALE,울산,1인가구,8,7.5,7.1,7.5,7.5,7.6,,0,7.8,7.7,,27.8,29,7.2,15.4
himart,40,FEMALE,울산,중년_자녀동거,53,8.2,7.5,8.2,7.4,5.8,8.2,5,4.6,2.6,7.7,24.7,25.4,6.2,13.2
himart,40,FEMALE,울산,키즈맘_초등생,41,7.8,7.1,7.8,7.8,5.7,7.4,5.1,4.7,2.4,7.7,22.6,23,5.4,11.8
himart,40,FEMALE,울산,2인가구,5,10,7.7,10,5.5,6.3,,0,6.3,,,30.4,31.6,7.3,15.2
himart,40,FEMALE,울산,키즈맘_중학생,39,10,7.5,10,8.2,5.8,8.9,2.4,5,6.6,,24.2,24.6,5.7,12.7
himart,40,FEMALE,울산,키즈맘_미취학,13,9.6,7.4,9.6,8.4,6.5,10,,3,5.4,,29.6,30,7.3,14.8
himart,40,FEMALE,울산,,240,6.2,7.4,6.2,8,5.9,6.4,3.3,4.6,5,,27,25.4,7.4,12.8
himart,40,FEMALE,인천,키즈맘_중학생,127,7.6,7.2,7.6,7.8,5.7,8.1,3.1,4.4,5,7.5,24.9,24.8,6.1,12.9
himart,40,FEMALE,인천,,875,8.8,7.3,8.8,7.5,6.2,7.4,3.4,5.4,5.9,7.7,26.3,23.9,7.2,12.4
himart,40,FEMALE,인천,2인가구,23,6.8,6.9,6.8,7.8,6.7,8,5.9,5.1,3.3,,24.9,23.2,6.7,11.4
himart,40,FEMALE,인천,1인가구,58,7.1,7.6,7.1,7.9,6.9,7.4,4.5,4.9,6.3,7.7,26.4,25.4,7.1,13.1
himart,40,FEMALE,인천,키즈맘_초등생,90,9.1,7.4,9.1,8.1,5.7,7.1,2.6,5.4,6.5,7.5,25.3,25.7,6.1,13
himart,40,FEMALE,인천,중년_자녀동거,186,8,7.1,8,7.7,6.5,8.1,3.8,5,4.8,7.6,23.9,23.6,5.9,12.6
himart,40,FEMALE,인천,키즈맘_미취학,38,8,7.1,8,7.8,5.3,8,1.8,5.7,6.2,,25.4,23.8,6.8,12.9
himart,40,FEMALE,전남,1인가구,17,10,7.3,10,7.8,5.9,8,0,5.7,7.2,,26.1,27.2,6.7,14.3
himart,40,FEMALE,전남,키즈맘_초등생,32,6.1,7.3,6.1,6.5,4.7,7.2,5.3,4.8,6.7,,25.4,24.9,6.1,12.8
himart,40,FEMALE,전남,키즈맘_미취학,10,7.9,8.3,7.9,8.1,6.5,,3.3,4.3,5.8,,21.8,23.5,5.4,12.6
himart,40,FEMALE,전남,,205,9,7,9,7.8,5.7,8,6.1,5.1,5.3,,26.4,24,7.5,12.3
himart,40,FEMALE,전남,중년_자녀동거,43,10,7.2,10,8,5.8,8.8,6.9,5.4,9.1,,23.7,23.8,5.9,13
himart,40,FEMALE,전남,키즈맘_중학생,24,10,7.5,10,7.8,4.5,8.1,,4.8,8.2,,26.8,26.7,6.2,13.8
himart,40,FEMALE,전남,2인가구,9,,6.7,,6.2,3.7,8,,4.6,,,21.2,22,5.5,11.9
himart,40,FEMALE,전북,중년_자녀동거,85,8.1,7.4,8.1,7,5.2,8.1,4.4,4.8,5.5,8.4,25.8,25.8,6.3,13
himart,40,FEMALE,전북,키즈맘_초등생,50,8,7.2,8,7.6,5.3,8,3.3,5.6,6.2,,23.5,23,6.1,12.3
himart,40,FEMALE,전북,키즈맘_미취학,10,8.9,7.1,8.9,6.9,5.4,8,0.6,3.8,6,,25.2,23.2,6.1,12.8
himart,40,FEMALE,전북,1인가구,20,6,6.8,6,8,5.6,8,0,5.1,9.9,7.7,24.6,24.8,6.2,13
himart,40,FEMALE,전북,,390,7.9,7.1,7.9,7.4,5,8,4.6,4.7,6.2,,26.4,22.9,7.6,11.9
himart,40,FEMALE,전북,키즈맘_중학생,77,8.7,7.3,8.7,8.2,5.5,6.4,4.3,5.1,7.9,7.7,24.5,25.6,5.8,13.2
himart,40,FEMALE,전북,2인가구,6,6.7,7.1,6.7,8.5,4.2,,0,3.8,,,33.1,33.7,8.4,16.9
himart,40,FEMALE,제주,1인가구,7,10,8.2,10,7.7,5.9,4,9.4,2.3,,,29,29.6,7.7,14.1
himart,40,FEMALE,제주,중년_자녀동거,19,10,7.2,10,6.9,6.4,7.1,3.1,4.1,6.6,,27.5,26.2,6.8,13.1
himart,40,FEMALE,제주,키즈맘_미취학,3,,6.3,,4.7,1.1,,,4,,,19.7,21.4,4.8,10.5
himart,40,FEMALE,제주,키즈맘_초등생,18,10,7.3,10,7.2,3.4,8,0,3.3,2.3,,27.7,26.4,7.1,13.4
himart,40,FEMALE,제주,키즈맘_중학생,25,8.7,7.5,8.7,7.5,4.5,3.7,3.5,2.8,3.4,,26.9,26.8,6.4,13.8
himart,40,FEMALE,제주,,122,7.2,7.7,7.2,6.6,3.8,,3.5,3.2,7.8,,31.3,29.3,8.3,14.8
himart,40,FEMALE,제주,2인가구,5,10,7.1,10,6.8,7.3,8,0.2,5.4,,,19.7,17.5,5.9,9.6
himart,40,FEMALE,충남,2인가구,8,7.4,6.5,7.4,6.9,3.6,8,,3.4,7.6,8.3,21.4,20.6,6.3,11
himart,40,FEMALE,충남,키즈맘_미취학,13,3.4,7.4,3.4,6.9,3.4,4,8,3.7,9.9,,29,28.6,7.6,14.1
himart,40,FEMALE,충남,키즈맘_초등생,57,8.4,7.1,8.4,7.8,5.7,8,5,4.6,5.5,8,25.9,24.8,6.7,14
himart,40,FEMALE,충남,키즈맘_중학생,73,9,7.2,9,7.8,4.9,8,5.9,4.5,4.4,7.6,23,23.6,5.4,12.8
himart,40,FEMALE,충남,,449,8.3,7.2,8.3,7.9,6.2,8.3,3.9,5.5,4.6,,24.7,21.3,7.2,11.2
himart,40,FEMALE,충남,1인가구,46,7,7.3,7,7.6,5.7,8,5.4,5.3,5.1,7.9,24.4,23.5,6,13
himart,40,FEMALE,충남,중년_자녀동거,78,8.4,7.2,8.4,7.3,5.2,6.5,4.3,5.7,5.4,,25.4,24.7,6.3,12.9
himart,40,FEMALE,충북,2인가구,9,10,7.6,10,6.6,5.4,9,9,5.9,,,28.2,28.3,6.9,13.7
himart,40,FEMALE,충북,중년_자녀동거,64,8.2,7.4,8.2,7.9,5.7,7,4.9,5.2,5,7.7,22.8,21.7,5.9,11.7
himart,40,FEMALE,충북,,324,7.7,7.3,7.7,7.9,6.1,8,4.1,5.4,6.8,7.5,28.4,25.6,8.1,12.8
himart,40,FEMALE,충북,키즈맘_중학생,55,7.7,7.2,7.7,7.9,5.5,8.3,1.5,4.5,5.8,7.7,25,24.9,6.1,13.2
himart,40,FEMALE,충북,1인가구,30,6.3,7.2,6.3,6.4,5.1,8.5,5.4,3.4,5.1,8.1,21.6,21.1,5.5,11.2
himart,40,FEMALE,충북,키즈맘_미취학,11,7.8,7.5,7.8,7,6.5,5.3,3.7,5.6,7.8,,23.3,22.4,6.2,11.5
himart,40,FEMALE,충북,키즈맘_초등생,32,7.9,7.2,7.9,7.9,4.3,8,2.9,3.9,6.5,,26.1,25.8,6.4,13.7
himart,40,MALE,,키즈맘_미취학,304,8.8,7.2,8.8,8.1,6.7,6.7,2.8,4.6,5.1,7.8,25.8,27.8,5.9,13.1
himart,40,MALE,,키즈맘_초등생,481,8.4,7.2,8.4,7.8,6,5.8,2.6,3.8,5.8,7.9,25.5,28.2,5.5,13.3
himart,40,MALE,,중년_자녀동거,781,8.2,7.2,8.2,7.8,5.4,5.8,2.8,3.6,5.5,7.7,25.4,27.9,5.7,13
himart,40,MALE,,,6394,8.6,7.3,8.6,7.8,5.7,6.5,3,4,5,7.8,27,27.6,6.7,12.9
himart,40,MALE,,1인가구,645,8,7.2,8,8,5.7,7.3,3.2,3.9,5.8,7.7,25.1,28.1,5.5,13.2
himart,40,MALE,,키즈맘_중학생,383,7.8,7.2,7.8,7.7,5.4,6.1,2.8,3.8,5.6,8.7,25.4,28.7,5.5,13.7
himart,40,MALE,,2인가구,258,7.7,7.1,7.7,8.1,5.9,6.6,3.7,3.8,6,7.7,25.1,27.8,5.4,12.8
himart,40,MALE,강원,중년_자녀동거,88,8.7,7.3,8.7,7.8,4.8,7.4,1.9,3.2,6.3,,25.4,28.4,5.9,13.2
himart,40,MALE,강원,키즈맘_초등생,67,8.1,7.3,8.1,7.8,5.3,6.6,2.8,3.9,5.5,7.8,26.4,28.8,5.7,13.8
himart,40,MALE,강원,,531,8.1,7.2,8.1,8.1,5.4,7.3,1.8,3.8,4.8,7.7,28.7,28.7,7.4,13.4
himart,40,MALE,강원,키즈맘_미취학,16,8.4,7.3,8.4,8,5.7,6.4,9.1,3.8,7.6,,27.4,28.9,6.6,14.5
himart,40,MALE,강원,2인가구,12,10,7.2,10,8.5,3.8,6.4,2.3,1.8,5.3,,27.6,30.9,6,14.7
himart,40,MALE,강원,1인가구,53,7.9,7.4,7.9,7.4,5.9,7.1,7.2,4.1,4.5,7.8,27.6,29.2,6.4,13.9
himart,40,MALE,강원,키즈맘_중학생,65,8.7,7.3,8.7,8,5.4,6.9,0.7,4.7,5.7,,26,29.4,5.8,13.7
himart,40,MALE,경기,키즈맘_중학생,750,8.1,7.4,8.1,7.8,5.6,6.3,2.6,3.5,5.1,7.7,25.6,29,5.6,13.8
himart,40,MALE,경기,키즈맘_미취학,413,8.5,7.2,8.5,8.1,7,7,2.5,4,6.1,8,26.5,28.3,6,13.3
himart,40,MALE,경기,1인가구,764,8.4,7.3,8.4,7.8,6.3,6.4,3.5,4,6.1,7.8,25.5,28,5.7,13.2
himart,40,MALE,경기,키즈맘_초등생,906,8.2,7.3,8.2,8.1,6.1,6.5,3.6,3.8,5.4,7.8,25.7,28.6,5.6,13.5
himart,40,MALE,경기,2인가구,336,8.4,7.5,8.4,8.1,6.5,6,3.4,3.4,5.2,7.8,26.6,29,6,13.6
himart,40,MALE,경기,중년_자녀동거,971,8.1,7.3,8.1,7.9,5.8,6.7,3.1,3.7,5.3,7.8,26.2,28.7,5.9,13.5
himart,40,MALE,경기,,8016,8.3,7.3,8.3,7.9,6,6.6,3.3,3.7,5.4,7.8,28.1,28.1,7.2,13.1
himart,40,MALE,경남,,1389,8.1,7.2,8.1,7.9,5.7,6.1,3,4,4.8,8,28.4,28.5,7.4,13.2
himart,40,MALE,경남,2인가구,65,8.2,7,8.2,7.6,6.7,6.6,1.5,4.6,4.4,7.8,25.9,27.8,5.9,13
himart,40,MALE,경남,키즈맘_미취학,57,8.6,7.1,8.6,8,6.5,6.7,4.5,4.3,5.9,,26.5,27.5,6.3,13.1
himart,40,MALE,경남,키즈맘_초등생,161,8.7,7.3,8.7,7.7,5.3,7.1,3.6,4.1,4.8,7.6,25.9,28.8,5.6,13.5
himart,40,MALE,경남,1인가구,151,8.8,7.2,8.8,7.8,5.1,6.4,3.4,3.8,4.9,7.7,24.9,27.7,5.5,13.1
himart,40,MALE,경남,키즈맘_중학생,163,8.4,7.3,8.4,7.6,5,7.5,4,3.5,5.4,,24.5,28.2,5.6,13.3
himart,40,MALE,경남,중년_자녀동거,182,8.6,7.4,8.6,8,4.7,6.6,3.8,3.5,4.9,7.8,26.1,29,5.8,13.5
himart,40,MALE,경북,2인가구,37,8.1,7.1,8.1,7.8,4.9,6.8,3.8,3.3,5.8,,26.2,29,6.3,13.5
himart,40,MALE,경북,키즈맘_초등생,138,8.5,7.2,8.5,7.7,5.8,7,3.9,4.4,5.4,7.7,25.7,28.4,5.8,13.5
himart,40,MALE,경북,중년_자녀동거,133,9.2,7.3,9.2,7.9,5.6,6.4,1.7,3.4,5.5,7.7,24.6,27.3,5.7,12.6
himart,40,MALE,경북,,1131,8.5,7.2,8.5,7.9,5.6,6.1,2.2,4.3,4.8,7.8,28.9,29.1,7.5,13.4
himart,40,MALE,경북,키즈맘_중학생,138,7.1,7.3,7.1,7.7,4.3,6.9,2.3,3.4,5.7,,24.6,28.4,5.2,13.2
himart,40,MALE,경북,1인가구,146,8.2,7.3,8.2,7.9,5.6,6.4,4.7,3.8,6.2,8,25,27.6,5.8,12.9
himart,40,MALE,경북,키즈맘_미취학,52,7.7,7.1,7.7,7.6,6.2,6.8,3.2,4.8,5.2,7.8,26.7,29.8,6.1,13.6
himart,40,MALE,광주,키즈맘_미취학,36,6.9,7.3,6.9,8,5.3,6.9,3.2,4.1,5.8,,24.7,27.2,5.6,12.7
himart,40,MALE,광주,2인가구,21,7.5,7.4,7.5,7.3,6.7,6.4,0.1,5.3,5.8,,27.7,27.8,6.6,13.5
himart,40,MALE,광주,,552,8.3,7.3,8.3,8,5.8,6.8,2.1,4.5,5.2,7.9,28.1,28.7,7.1,13.5
himart,40,MALE,광주,키즈맘_중학생,63,7.3,7.3,7.3,8,5.6,6.4,3.4,4.4,5.4,,25.7,29.6,5.6,14.1
himart,40,MALE,광주,키즈맘_초등생,67,8.6,7.2,8.6,7.3,5,6.8,2.3,3.6,4.1,,26.1,29.1,5.6,13.8
himart,40,MALE,광주,1인가구,45,9.4,7.6,9.4,7.6,6.3,6.9,2.3,4.5,6.4,7.8,25.7,28.2,6.1,13
himart,40,MALE,광주,중년_자녀동거,80,8.4,7.2,8.4,8,5.3,5.5,2.2,3.5,4.4,,24.8,27.1,5.4,13.1
himart,40,MALE,대구,,885,8.2,7.3,8.2,7.8,5.6,6.1,3.4,3.7,5.5,,27.7,28.1,7.1,13
himart,40,MALE,대구,2인가구,33,9,7.6,9,7.7,4.9,7.1,4.2,2.8,3.5,,26.7,29.5,5.9,13.4
himart,40,MALE,대구,1인가구,106,6.8,7.5,6.8,7.8,6.2,7.2,2.6,4.1,5.6,7.7,25.9,28.3,6.2,13.1
himart,40,MALE,대구,키즈맘_미취학,43,7.5,7,7.5,8,6.3,6.4,3.7,6,5.6,,25.6,26.9,5.9,12.9
himart,40,MALE,대구,키즈맘_중학생,92,7.4,7.4,7.4,8.2,5.7,6.4,4.7,4.5,5.4,,24.8,28.5,5.3,13.5
himart,40,MALE,대구,키즈맘_초등생,116,8.3,7.3,8.3,7.9,5.5,6.7,2.6,3.7,4.4,7.6,25.5,28.9,5.4,13.5
himart,40,MALE,대구,중년_자녀동거,130,7.9,7.4,7.9,8,5.4,6.3,3.9,3.8,6.6,7.7,24.3,26.7,5.3,12.6
himart,40,MALE,대전,,876,8.7,7.3,8.7,7.9,6,6.3,4.1,4.1,5.1,7.9,28.5,28.2,7.3,13.2
himart,40,MALE,대전,2인가구,41,9.5,7.4,9.5,7.7,5.6,6.2,3.2,2.9,4.8,,27.7,29.8,6.4,14.2
himart,40,MALE,대전,1인가구,84,9.2,7.5,9.2,8,6.6,6,2.8,4.6,6.3,7.6,25.9,28.9,5.8,13.8
himart,40,MALE,대전,중년_자녀동거,119,7.9,7.5,7.9,7.9,5.9,6.7,3,3.7,6.7,,27.3,29.9,6,14.4
himart,40,MALE,대전,키즈맘_중학생,98,8,7.3,8,8.4,6,5.2,3.8,4,5.3,7.7,23.9,27.9,5,13.1
himart,40,MALE,대전,키즈맘_초등생,91,8.2,7.1,8.2,7.8,5.8,6.5,2.4,3.2,4.5,,26.6,28.9,5.8,13.6
himart,40,MALE,대전,키즈맘_미취학,53,9.2,7.2,9.2,7.8,7.3,7.1,2.1,5.8,5.3,8,24.4,26.4,5.4,12.4
himart,40,MALE,부산,,1717,8.4,7.3,8.4,7.7,5.4,7,2.8,3.5,4.9,7.6,29.1,28.7,7.5,13.4
himart,40,MALE,부산,키즈맘_미취학,92,9,7.4,9,7.6,6.1,6.9,3.1,4.7,5.4,7.7,26.1,27.9,5.8,13.2
himart,40,MALE,부산,키즈맘_초등생,219,8.3,7.3,8.3,7.8,5.3,7.3,3.9,3.4,4.9,7.8,26.3,29.3,5.9,13.7
himart,40,MALE,부산,2인가구,67,9,7.4,9,7.7,6.7,6.3,2.9,4,6.4,7.7,25.4,26.9,6,12.9
himart,40,MALE,부산,1인가구,150,8.4,7.5,8.4,8.2,6.7,7.2,2.7,3.9,5.3,7.9,25.8,28.4,5.8,13.3
himart,40,MALE,부산,키즈맘_중학생,215,8.7,7.3,8.7,7.8,5.5,6.4,3.4,3.7,5.8,7.8,25.7,29,5.7,13.7
himart,40,MALE,부산,중년_자녀동거,248,8.7,7.4,8.7,8,5.6,6.5,3,3.6,5.1,7.8,26,28.4,6,13.4
himart,40,MALE,서울,키즈맘_중학생,360,8.5,7.3,8.5,8.2,6,6.7,3.3,3.7,5,8,25.5,28.9,5.5,13.7
himart,40,MALE,서울,2인가구,284,8.2,7.3,8.2,8.1,6.8,6.6,3.3,4.1,5.9,8,25.5,27.9,5.7,13
himart,40,MALE,서울,키즈맘_미취학,328,8.1,7.3,8.1,8,7,6.2,2.9,4.4,5.7,7.9,26,27.8,5.9,13.2
himart,40,MALE,서울,,5308,8.3,7.4,8.3,8,6.3,6.5,3.5,4.1,5,7.9,28.5,28.7,7.3,13.4
himart,40,MALE,서울,1인가구,476,8.5,7.4,8.5,8.1,6.6,5.9,3.3,4.3,5.1,7.8,26,28.8,5.8,13.6
himart,40,MALE,서울,키즈맘_초등생,414,8.4,7.4,8.4,8,6.4,6.6,2.6,3.7,5,7.7,26.3,29,5.9,13.6
himart,40,MALE,서울,중년_자녀동거,727,8.1,7.4,8.1,8.1,6.2,6.6,3.6,4.4,5.3,7.8,25.8,28.1,5.8,13.3
himart,40,MALE,세종,키즈맘_미취학,7,,7,,8.4,6.1,6.4,0.1,2.3,7.8,,30.2,31.4,6.8,14.6
himart,40,MALE,세종,2인가구,8,7.5,7.4,7.5,7.7,6.5,,4,5.3,,8.3,25.4,26.5,5.8,12.4
himart,40,MALE,세종,중년_자녀동거,29,9,7.3,9,7.9,6.5,6.4,3.4,3.3,7.7,,26.4,28.6,5.5,13.5
himart,40,MALE,세종,1인가구,27,10,7.6,10,8.2,6.5,7.2,4.8,3.6,3.9,,26.6,28.5,6.3,14.1
himart,40,MALE,세종,,260,8.5,7.5,8.5,8.3,6.8,5.8,5.3,4.2,5.5,7.7,29.2,29,7.4,14
himart,40,MALE,세종,키즈맘_초등생,30,9.1,7.5,9.1,7.2,5.5,5.3,2.3,4.3,4.5,,27.6,30.7,6.2,14.4
himart,40,MALE,세종,키즈맘_중학생,31,10,7.5,10,8.1,5.7,6.4,4.2,3.7,5.2,,25.1,29.3,5.4,13.9
himart,40,MALE,울산,키즈맘_미취학,27,9.3,7.4,9.3,7.5,6.8,10,2.9,4.2,7.6,,25.4,27.3,5.8,12.9
himart,40,MALE,울산,중년_자녀동거,67,8.8,7.1,8.8,7.9,5.7,6.2,2.6,3.5,7.4,7.6,26,28.8,5.8,13.6
himart,40,MALE,울산,키즈맘_초등생,86,8.4,7.2,8.4,8,5.3,6.8,2.1,3.4,7.9,,26.6,29.5,5.8,14
himart,40,MALE,울산,1인가구,52,8.4,7.4,8.4,8,5.7,6.4,5,3.8,5.1,7.6,23.4,26.5,5.1,12.2
himart,40,MALE,울산,,557,8.9,7.4,8.9,8.2,5.9,7.7,1.8,3.8,3.7,7.7,29.3,29.1,7.6,13.5
himart,40,MALE,울산,키즈맘_중학생,62,6.4,7.3,6.4,8.2,4.6,8.2,3.2,3.6,7.6,,25.2,29.3,5.1,13.9
himart,40,MALE,울산,2인가구,28,5.3,7.2,5.3,7.7,5.3,6.4,3.7,5,6.5,,26.6,29.4,6.2,13.3
himart,40,MALE,인천,키즈맘_미취학,124,8.2,7.3,8.2,8.3,7.1,7.1,2.9,4.8,5.6,7.7,26.5,27.9,6.1,13.3
himart,40,MALE,인천,키즈맘_초등생,213,8,7.3,8,8.2,6.2,6.3,2.9,3.4,5,7.8,26.4,28.9,5.7,13.6
himart,40,MALE,인천,,1854,8.6,7.3,8.6,7.8,5.7,6.2,3,3.9,5.6,7.8,29.2,29.2,7.4,13.6
himart,40,MALE,인천,중년_자녀동거,239,7.6,7.3,7.6,8.2,5.5,6.1,1.9,3.3,5.5,7.7,26.4,28.7,5.8,13.3
himart,40,MALE,인천,1인가구,175,8,7.4,8,7.8,6.8,5.6,4.6,3.7,5.2,7.7,26.4,29.3,5.7,13.9
himart,40,MALE,인천,2인가구,64,7.9,7.2,7.9,7.7,5.1,7,4.1,3.4,4.4,7.7,25.1,26.3,5.5,12.2
himart,40,MALE,인천,키즈맘_중학생,204,7.7,7.3,7.7,7.8,6.1,6.7,3.2,3.7,5.5,,25.7,28.9,5.5,13.7
himart,40,MALE,전남,,513,8.5,7.3,8.5,8.1,5.2,6.9,3.5,4.4,5.5,7.7,28.1,28.5,7.2,13.7
himart,40,MALE,전남,키즈맘_중학생,69,7.4,7.5,7.4,7.7,4.6,7.1,5.9,3,6,,23.5,27.1,5,12.9
himart,40,MALE,전남,키즈맘_초등생,72,8.1,7.4,8.1,8.1,5.1,6.4,2.8,3.6,5.6,7.6,25,28.7,5.5,13.1
himart,40,MALE,전남,중년_자녀동거,75,7.9,7.4,7.9,7.8,4.8,7.5,0.8,3.7,6.4,7.6,25.9,28.7,5.9,13.5
himart,40,MALE,전남,2인가구,19,10,7.4,10,8.4,6,6.4,0,3.1,5.1,,29,31,6.1,15
himart,40,MALE,전남,키즈맘_미취학,20,8.6,6.9,8.6,8,6.5,6.4,8.6,4.4,7.6,7.8,26.6,27,6.6,12.4
himart,40,MALE,전남,1인가구,46,9.4,7.5,9.4,8.2,5.6,3.2,5.7,3.4,4.7,7.6,26.9,28.7,6.5,13.9
himart,40,MALE,전북,키즈맘_중학생,99,8.5,7.2,8.5,8,5.6,6.5,3.6,4,5.2,7.6,26.3,29.8,5.7,14.3
himart,40,MALE,전북,중년_자녀동거,97,8.1,7,8.1,7.9,5.5,6.1,2.4,4.1,6.7,,25.2,28.3,5.4,13.3
himart,40,MALE,전북,,694,7.7,7.1,7.7,7.6,5.4,7.2,3.6,4.3,3.2,7.8,28.8,28.8,7.4,13.5
himart,40,MALE,전북,키즈맘_미취학,35,9.4,7.3,9.4,8,5.3,7.9,3.9,3.8,4.7,,28.5,30.6,6.2,14.3
himart,40,MALE,전북,1인가구,70,9.1,7.3,9.1,8.1,5.1,6.7,1.8,4.2,5.8,7.6,27.9,29.7,6.5,13.8
himart,40,MALE,전북,2인가구,18,7.8,7.3,7.8,6.6,4.6,6.4,1.7,3.1,6,,25.7,28.1,5.8,14.1
himart,40,MALE,전북,키즈맘_초등생,98,8.4,7.2,8.4,8.2,5,6.5,2.6,3.1,5.4,7.8,26.7,29.1,5.6,13.8
himart,40,MALE,제주,,242,9.2,7.3,9.2,7.2,4.3,6.9,1.6,3.6,6.5,7.6,29.8,30.4,7.6,14.1
himart,40,MALE,제주,키즈맘_미취학,9,10,6.9,10,7.7,3.1,6.4,,2.1,,,22.8,25.5,4.8,12.5
himart,40,MALE,제주,키즈맘_초등생,33,9.5,7,9.5,8,4.2,7.8,0,3.2,8.2,,24.3,27.5,5.1,12.9
himart,40,MALE,제주,중년_자녀동거,39,9.1,7.2,9.1,8.1,4.4,4.8,1.7,3.2,9.3,,26.6,29.9,6.1,13.6
himart,40,MALE,제주,키즈맘_중학생,42,9.2,7.4,9.2,8.1,3.3,6,5.4,2.9,7.8,,26.9,30.2,5.8,14.5
himart,40,MALE,제주,1인가구,16,8,7,8,7.6,4.3,8.2,0,2.9,7.9,7.8,23.3,26.9,5.2,12.1
himart,40,MALE,제주,2인가구,2,10,,10,7.8,0.7,6.4,,4.8,,,30.4,33.3,6.4,15.3
himart,40,MALE,충남,2인가구,47,9.8,7.5,9.8,8.4,6.6,6.8,1.7,4.4,5.9,,26.5,28.8,5.3,13.8
himart,40,MALE,충남,키즈맘_중학생,143,8.2,7.1,8.2,7.8,5.1,6.8,3.2,2.9,5.4,,24.8,28.1,5.2,13.3
himart,40,MALE,충남,,1117,8.5,7.3,8.5,7.7,5.5,6.8,2.6,3.6,5.1,7.9,26.6,27,6.7,12.6
himart,40,MALE,충남,키즈맘_초등생,141,8.1,7.3,8.1,7.8,5.7,5.9,3.9,3.5,5.6,7.8,25.7,28.9,5.3,13.7
himart,40,MALE,충남,중년_자녀동거,134,7.8,7.2,7.8,8,5.5,7,2.9,3.5,5.9,7.6,27,29.4,6,13.9
himart,40,MALE,충남,1인가구,128,7.7,7.3,7.7,7.8,6,6.8,2.5,4,6,7.9,24.2,27.4,5.3,12.9
himart,40,MALE,충남,키즈맘_미취학,37,8.5,7.1,8.5,8.1,6.1,7,0.1,3.6,6.9,7.8,27.3,29.3,5.7,13.9
himart,40,MALE,충북,키즈맘_초등생,111,8.3,7.3,8.3,7.5,4.8,7.1,5.6,3.5,5.9,7.8,25.1,27.9,5.6,13.2
himart,40,MALE,충북,중년_자녀동거,109,7.3,7.3,7.3,7.6,5.7,7,3.8,3.8,4.8,7.8,26.2,29.1,6,13.8
himart,40,MALE,충북,,874,8.7,7.3,8.7,7.6,5.7,6.9,2.8,4.1,4.8,7.6,28.5,28.8,7.4,13.4
himart,40,MALE,충북,1인가구,124,8.5,7.3,8.5,7.9,5.7,5.5,2.6,3.7,6,,24.8,27.7,5.6,12.9
himart,40,MALE,충북,키즈맘_미취학,37,10,7.3,10,7.9,7.6,4.8,0.9,5.6,6.7,,27.1,30,6.2,13.6
himart,40,MALE,충북,키즈맘_중학생,87,9.1,7.3,9.1,8,5.3,6.2,0.9,3.5,5.7,8,26.5,30.6,5.6,14.2
himart,40,MALE,충북,2인가구,37,9.5,7.3,9.5,8.1,5,6.4,2.9,4.6,6.6,,25.1,27.2,6,12.8
himart,50,FEMALE,,중년_자녀동거,827,8.5,7.4,8.5,7.6,5.2,7.6,3.8,4.3,6.5,8.1,24.4,24.9,6,13
himart,50,FEMALE,,키즈맘_중학생,70,9.1,7.5,9.1,7.1,5.1,8,4.1,4.6,5,7.6,26.1,26.5,6.5,13.7
himart,50,FEMALE,,,2713,8.3,7.5,8.3,7.5,5.4,6.5,4.6,4.2,6.5,7.9,25.8,24.1,7,12.3
himart,50,FEMALE,,키즈맘_초등생,50,7.7,7.5,7.7,6.8,5.1,6.4,6.3,4,5,7.8,27.3,28.3,6.8,14
himart,50,FEMALE,,2인가구,6,10,7.9,10,4.3,3.3,,,1.1,,,30.1,28.4,8.1,15.1
himart,50,FEMALE,,중년_2인,353,8.7,7.4,8.7,7.3,4.4,7.5,3.6,4.1,5.8,7.8,26.4,26.6,6.6,13.8
himart,50,FEMALE,,중년_1인,265,8.3,7.6,8.3,7.3,5.2,7.7,4,4.1,6.9,7.8,24.4,24.5,6,12.8
himart,50,FEMALE,,키즈맘_미취학,109,8.3,7.5,8.3,7.5,5.1,8.1,0.1,4.3,4.1,8,25.8,26.2,6.5,13.5
himart,50,FEMALE,강원,,244,10,7.3,10,7.3,5.1,8.3,0.3,4.8,3.1,,29.3,26.2,8.2,13.3
himart,50,FEMALE,강원,중년_2인,24,7.5,8.1,7.5,7,5,8,8,3.8,9.3,7.8,27.4,27.8,6.9,14.3
himart,50,FEMALE,강원,중년_1인,16,7.5,7.7,7.5,6.5,5.3,8,0,4.4,6.2,8.1,30.6,30,8.1,15.2
himart,50,FEMALE,강원,키즈맘_중학생,9,,7.9,,8,6.6,8,8,7.6,8.9,,28.2,27.9,7.2,14
himart,50,FEMALE,강원,키즈맘_미취학,10,10,7.6,10,6.7,5.7,8,0,6.3,5.9,,20.1,18.5,5.6,10
himart,50,FEMALE,강원,중년_자녀동거,102,7.8,7.6,7.8,7.1,5.1,6.9,5.8,4.8,5.7,8.2,24.8,25.1,6.1,13.2
himart,50,FEMALE,강원,키즈맘_초등생,5,10,7.2,10,6.9,3,8,,3.4,,,24.8,24.8,6,13.3
himart,50,FEMALE,경기,2인가구,9,10,7.8,10,7.9,5.8,8,,3.8,6.3,,26.2,25.6,6.9,12.8
himart,50,FEMALE,경기,중년_자녀동거,1006,8.2,7.5,8.2,7.4,5.4,7.8,3.8,3.9,6.1,7.8,25.6,25.9,6.4,13.4
himart,50,FEMALE,경기,키즈맘_미취학,109,8.9,7.6,8.9,7.3,6.1,8,3.2,4.9,5.9,7.7,25.6,26,6.3,13.6
himart,50,FEMALE,경기,키즈맘_초등생,62,9,7.5,9,6.9,4.6,7.4,2.4,3.9,5.1,7.8,25.3,24.2,6.4,12.5
himart,50,FEMALE,경기,중년_1인,291,7.9,7.6,7.9,7.3,5.3,8.1,3.9,4.6,7.6,7.6,24.8,24.7,6.2,12.9
himart,50,FEMALE,경기,키즈맘_중학생,143,7.5,7.5,7.5,7.8,5.3,8.1,2.9,3.5,6.8,7.7,24.4,24.9,6,13.1
himart,50,FEMALE,경기,중년_2인,362,8,7.5,8,7.3,5.3,7.6,4.2,4,6,7.7,25.7,25.3,6.5,13
himart,50,FEMALE,경기,,3008,7.8,7.5,7.8,7.4,5.2,7.8,3.6,4,5.6,7.8,26.6,24.3,7.5,12.3
himart,50,FEMALE,경남,중년_2인,78,7.8,7.6,7.8,7.2,5.1,7.5,3.2,3.7,5.5,7.7,26.7,26.7,6.7,13.9
himart,50,FEMALE,경남,중년_1인,47,9.1,7.6,9.1,7.7,5.7,8,2.7,5.4,8.6,7.8,27.6,28.3,7,14.7
himart,50,FEMALE,경남,키즈맘_초등생,9,8.1,7.3,8.1,6.6,5.3,8,0.1,4.2,5.6,,20.2,20.6,5.1,10.9
himart,50,FEMALE,경남,키즈맘_중학생,23,10,7.3,10,8,4,6.8,2.7,3.4,0.1,,19.3,20.2,4.5,10.5
himart,50,FEMALE,경남,키즈맘_미취학,16,9.1,7.9,9.1,8.4,4.3,10,,3.8,,,27.9,28.4,7.5,13.6
himart,50,FEMALE,경남,,499,7.3,7.5,7.3,7.8,5.1,7.5,2.4,4.7,8.6,7.8,27.8,25.3,7.9,13
himart,50,FEMALE,경남,중년_자녀동거,187,7.8,7.6,7.8,7.4,4.4,8.1,3.9,3.6,5.9,7.7,25.5,26.1,6.1,13.3
himart,50,FEMALE,경북,중년_자녀동거,93,7.8,7.3,7.8,6.9,5.3,8,6,4.3,7.3,7.8,24.9,25.6,5.8,13.6
himart,50,FEMALE,경북,중년_2인,44,8.7,7.4,8.7,7.3,4.6,,3,3.2,5.5,,25.2,25.4,6.2,13
himart,50,FEMALE,경북,,286,10,7.5,10,6.9,5.3,8,2.8,4.8,7,7.6,26.8,23.2,7.7,11.9
himart,50,FEMALE,경북,중년_1인,41,10,7.6,10,7,4.7,8,6.2,3.9,6.6,8.1,24.6,24.8,5.9,13.1
himart,50,FEMALE,경북,키즈맘_미취학,14,10,7.7,10,6.8,5.4,8,4,3.6,4,,25.2,25.5,6.2,13.6
himart,50,FEMALE,경북,키즈맘_중학생,11,10,6.8,10,6.9,3.8,8,,4,,,20.3,19.9,5.6,10.6
himart,50,FEMALE,경북,키즈맘_초등생,7,10,7.6,10,7.4,5.1,,8.9,5.5,0.1,,24.2,25,6,12.6
himart,50,FEMALE,광주,,246,10,7.7,10,7.5,5,5.9,5.4,5.1,3.8,7.6,28.1,26.5,7.4,13.1
himart,50,FEMALE,광주,키즈맘_초등생,6,10,7.5,10,7.9,6.3,10,8,3.7,,,27.1,26,6.7,13.9
himart,50,FEMALE,광주,중년_자녀동거,91,6.7,7.4,6.7,7.6,5.1,7.8,5.2,3.8,5.1,8,25.3,25.9,6,13.6
himart,50,FEMALE,광주,키즈맘_중학생,8,5,7.3,5,6.7,6.3,8,,4.2,,,27,24.2,7.9,12.5
himart,50,FEMALE,광주,중년_1인,21,8.3,7.4,8.3,7,5.3,8,7.6,2.6,8.4,,30.1,30,7.6,15.1
himart,50,FEMALE,광주,키즈맘_미취학,13,10,7.3,10,8.8,6.4,8,8.9,4.2,8.1,,17.9,18.4,4.1,10.6
himart,50,FEMALE,광주,중년_2인,30,7,7.5,7,6.6,5.1,8,8.1,4.6,5.3,7.7,25.4,25.3,6.7,13.1
himart,50,FEMALE,광주,2인가구,2,10,,10,6.3,2.3,,,0.5,,,19.9,23.9,6.2,11.4
himart,50,FEMALE,대구,키즈맘_중학생,9,7.6,7.5,7.6,8.3,4.7,2.8,8.9,4.7,7.7,,22.6,23.3,5.9,11.9
himart,50,FEMALE,대구,중년_2인,43,7.9,7.4,7.9,7.2,4.5,8,5.7,2.9,7.4,,24,24.5,5.6,13.1
himart,50,FEMALE,대구,2인가구,1,10,7.7,10,6.6,2.3,,0.1,0.1,,,26.1,30.1,6.9,13.3
himart,50,FEMALE,대구,,280,8.3,7.6,8.3,7.1,4.6,8.2,4,3.2,4.9,,28.5,25.3,8,12.7
himart,50,FEMALE,대구,중년_1인,22,5.6,7.6,5.6,7.8,6.2,8,7,4.4,9.3,,23.1,23.8,5.7,12.9
himart,50,FEMALE,대구,중년_자녀동거,104,7.3,7.5,7.3,7.2,5.5,7.6,4.5,4.1,6.1,7.9,23.7,24,5.8,12.5
himart,50,FEMALE,대구,키즈맘_초등생,2,,6.8,,8,4.8,8,0,1.5,,,22.4,16.9,6.8,9.8
himart,50,FEMALE,대구,키즈맘_미취학,10,10,7.7,10,7.7,7.5,8,8.3,6.2,1.3,,26,28.2,6.6,14.1
himart,50,FEMALE,대전,중년_1인,46,8.9,7.9,8.9,7.7,5.6,5,3.7,5,5.5,,26.4,26,7,13.4
himart,50,FEMALE,대전,키즈맘_초등생,12,10,7.6,10,8.3,4.9,,6.4,3.7,7.6,7.7,26.5,25.4,6.1,13.8
himart,50,FEMALE,대전,,443,8,7.4,8,8.1,5.2,6.5,0,4,5.3,8.5,28.8,26.1,8.1,13.2
himart,50,FEMALE,대전,중년_자녀동거,169,9.5,7.5,9.5,7.3,5.6,8.3,4.4,4.9,6.8,7.7,25.1,25.3,6.2,13.3
himart,50,FEMALE,대전,키즈맘_미취학,21,8.3,7.4,8.3,7.4,5.2,8,,3.6,7.6,,25.4,24.9,6.6,12.7
himart,50,FEMALE,대전,중년_2인,61,9,7.5,9,7.4,4.8,8,1.6,3.9,6.6,,26.3,25.6,6.9,13.3
himart,50,FEMALE,대전,2인가구,2,,,,5,7.1,,,3.9,,,17.6,13.9,4.3,8.6
himart,50,FEMALE,대전,키즈맘_중학생,17,7.5,7.6,7.5,8.3,5.6,8,0,3.5,7.6,,25.3,24.1,6.3,12.9
himart,50,FEMALE,부산,중년_자녀동거,281,8.5,7.5,8.5,7.4,5.4,7.7,3.2,4.5,6.1,8.1,25.6,26.2,6.3,13.5
himart,50,FEMALE,부산,,736,9,7.6,9,7.2,5,7.5,4.7,4.2,6.9,,29,26.5,8,13.5
himart,50,FEMALE,부산,키즈맘_미취학,28,6.3,7.6,6.3,6.9,5.9,8,3.1,4.6,8.7,,21.8,22.4,5.2,12
himart,50,FEMALE,부산,중년_1인,60,7.5,7.5,7.5,7.5,5.6,8,5.4,4.3,5.9,7.6,25.2,24.6,6.3,12.8
himart,50,FEMALE,부산,키즈맘_중학생,37,7,7.5,7,8,5.5,6.4,4,4.5,5.4,,25.1,25.4,5.7,13.4
himart,50,FEMALE,부산,중년_2인,85,8.6,7.3,8.6,7,5.1,8,8.8,3.6,6.3,,25.9,25.8,6.6,13.3
himart,50,FEMALE,부산,키즈맘_초등생,24,8.9,7.3,8.9,7.4,5.2,8,6.8,4,7.7,,25.4,26.3,6,13.6
himart,50,FEMALE,서울,중년_2인,210,7.3,7.6,7.3,7.5,5.6,6.6,4.2,4,6.7,8,24.9,24.9,6.1,12.9
himart,50,FEMALE,서울,2인가구,2,,6.8,,4.5,9.1,,,1.5,,,26.6,24.6,7.9,12.7
himart,50,FEMALE,서울,키즈맘_초등생,31,6.3,7.5,6.3,8.1,5.7,8,6.1,3.9,,7.9,25.2,25.8,6.7,13.3
himart,50,FEMALE,서울,중년_자녀동거,657,7.7,7.6,7.7,7.7,5.8,7.8,3.9,4.3,6.3,7.9,24.9,25.4,6.3,13.1
himart,50,FEMALE,서울,키즈맘_중학생,88,7.2,7.7,7.2,7.3,6.3,8,3.4,4.7,5.1,7.9,24.5,25,6.1,12.7
himart,50,FEMALE,서울,키즈맘_미취학,66,7.9,7.5,7.9,7.8,5.6,7.3,6,4.4,5.7,,27.3,26.4,7.2,13.8
himart,50,FEMALE,서울,중년_1인,127,9.1,7.5,9.1,7.8,6.4,8,3.5,4.7,4.9,7.9,24.8,24.7,6.2,13.2
himart,50,FEMALE,서울,,1815,7.8,7.5,7.8,7.6,5.4,8.1,3.1,4.3,5.6,7.8,26,24,7.1,12.2
himart,50,FEMALE,세종,키즈맘_초등생,1,0.2,7.8,0.2,6.1,9.6,,0,9.8,0.1,,38.9,38,9.7,19.1
himart,50,FEMALE,세종,,59,10,7.9,10,6.4,6.3,8,8,4.5,,,33.6,30.8,9.3,16
himart,50,FEMALE,세종,중년_1인,7,5.4,7.5,5.4,8.6,7.3,8,,4.5,8.8,,22.6,22.8,5.5,13.4
himart,50,FEMALE,세종,키즈맘_중학생,3,10,7.8,10,9,4.8,,0,5.9,,,28.6,27.5,7.7,14.6
himart,50,FEMALE,세종,중년_자녀동거,25,10,7.7,10,8.4,4.9,8.2,4.9,3.4,5.9,,24.3,24.5,6,13
himart,50,FEMALE,세종,키즈맘_미취학,1,10,7.9,10,7.8,9.9,,,9.7,,,38.3,39.5,9.5,19.7
himart,50,FEMALE,세종,중년_2인,5,10,7.5,10,7.2,6,0.3,8,1.2,7.6,,30.9,29.1,8.7,13.8
himart,50,FEMALE,울산,키즈맘_미취학,6,10,,10,8.4,4.1,8,,3.1,,,34.8,32.8,9,15.8
himart,50,FEMALE,울산,중년_1인,13,10,7.8,10,8.1,6.2,,,4.3,5,,28.3,28.9,7.2,13.5
himart,50,FEMALE,울산,키즈맘_중학생,7,10,7.4,10,5.2,4.3,,0,2.5,5.8,,30.1,30.1,8.5,13.8
himart,50,FEMALE,울산,키즈맘_초등생,8,10,7.7,10,7.9,4.3,,,3.2,7.6,,30.3,29.3,7.6,15.1
himart,50,FEMALE,울산,중년_2인,38,8.3,7,8.3,7.3,5.3,9,0.3,3.9,6.4,,24.7,25.3,5.7,12.8
himart,50,FEMALE,울산,중년_자녀동거,62,6.8,7.6,6.8,7.4,4.7,8.2,3.6,3.7,6.5,,25.7,26.3,6.7,13.2
himart,50,FEMALE,울산,,182,6.1,7.5,6.1,6.7,4,8,4.7,3.4,7.9,7.8,25.9,23.5,7.3,11.8
himart,50,FEMALE,인천,,780,7.4,7.3,7.4,7.5,5.3,7.5,1.6,3.7,6.3,7.9,28.1,25.5,7.7,13
himart,50,FEMALE,인천,중년_자녀동거,270,8,7.5,8,7.6,5.5,7.6,2.4,4.1,5.5,8,24.9,25.2,6.1,13.3
himart,50,FEMALE,인천,키즈맘_미취학,41,10,7.2,10,7.2,4.8,8,3.3,3.3,4,7.8,27.1,27.5,6.9,13.7
himart,50,FEMALE,인천,2인가구,2,,7.7,,9,0.8,,,3.7,,,17.3,17.6,3.8,8.8
himart,50,FEMALE,인천,키즈맘_초등생,19,10,7.2,10,7.5,4,6.9,8,3.9,7.8,,24.4,22.9,6.3,12.3
himart,50,FEMALE,인천,키즈맘_중학생,41,8,7.6,8,7.3,5.9,8.7,2.7,3.7,7.6,7.9,25.2,25.6,6.2,13.1
himart,50,FEMALE,인천,중년_2인,97,7.4,7.4,7.4,7.4,5.5,8.2,2.4,3.5,8.5,7.7,27.9,27.8,7.1,14.3
himart,50,FEMALE,인천,중년_1인,66,7.1,7.7,7.1,7.2,5.7,8,2.5,4.4,7.4,,25.9,26,6.3,13.8
himart,50,FEMALE,전남,키즈맘_중학생,13,7.7,7.6,7.7,7.3,4.7,5.1,0,4.4,,7.6,21.9,23.4,5,13.1
himart,50,FEMALE,전남,키즈맘_미취학,8,10,7.7,10,9.1,7,8,,7.6,8.5,,26.4,27,6.9,13.6
himart,50,FEMALE,전남,키즈맘_초등생,5,5,7.7,5,8.6,6.5,,,5.8,0.1,8.2,28.6,29.6,7.2,15.2
himart,50,FEMALE,전남,중년_자녀동거,61,6.7,7.6,6.7,7.6,5.3,7.5,3.3,4.4,7.2,,23.9,24.1,6,12.6
himart,50,FEMALE,전남,중년_1인,17,5.5,8,5.5,7.1,5.9,8,0.2,4.2,0.2,,21.4,21.3,5.7,12.6
himart,50,FEMALE,전남,,169,6.1,7.6,6.1,7.1,4.7,4.3,0,4.3,6.1,,25.7,21.7,7.8,11
himart,50,FEMALE,전남,2인가구,1,,7.8,,8.8,8.8,,,8.7,,,27.2,24.2,7.1,11.1
himart,50,FEMALE,전남,중년_2인,21,10,8,10,6.7,4.7,8,0.1,3.8,,,28.1,28.5,7.2,14.5
himart,50,FEMALE,전북,키즈맘_미취학,21,10,7.4,10,7.6,5.8,8,0.9,4,4.3,7.8,23.2,22.4,6.8,11.4
himart,50,FEMALE,전북,,311,5.1,7.3,5.1,6.9,5.1,8,3.1,4,,8.1,27.5,24.2,7.7,12.6
himart,50,FEMALE,전북,중년_2인,29,8,7.6,8,7.5,5.3,8,,4.2,5.6,7.8,24.7,24.6,6.3,12.4
himart,50,FEMALE,전북,키즈맘_중학생,23,10,7.5,10,6.3,4.4,8,0.1,3.3,4.5,,29.6,29.4,7.3,14.4
himart,50,FEMALE,전북,중년_자녀동거,115,9,7.7,9,7.4,4.9,8,4.3,4.2,6.8,8.1,25.3,25.5,6.1,13.3
himart,50,FEMALE,전북,중년_1인,26,5.5,7.2,5.5,6.8,4.1,8,4.5,3.3,2.9,,19.4,18.8,4.7,10.9
himart,50,FEMALE,전북,키즈맘_초등생,6,,7.7,,7.2,4.4,8,,4.7,3.6,,25.9,26.6,5.7,14.1
himart,50,FEMALE,전북,2인가구,2,,6.8,,8,1,8,,0.7,,,15.5,8.8,5.8,6.8
himart,50,FEMALE,제주,중년_2인,10,,7.5,,6,3.8,8,8,3.1,3.9,,24.1,25.5,5.4,13.5
himart,50,FEMALE,제주,중년_자녀동거,32,7.2,7.4,7.2,7.3,3,8,,2.5,8.8,,31.2,31.2,7.5,15.7
himart,50,FEMALE,제주,키즈맘_미취학,6,3.3,7.1,3.3,7,6.3,4,8,6.9,,,22,21.5,6.7,10.9
himart,50,FEMALE,제주,키즈맘_중학생,5,,,,4.2,5.1,8,,2.2,7.6,,21.4,22.5,5.7,12.1
himart,50,FEMALE,제주,중년_1인,8,,7.2,,9,7.7,,,4.5,7.6,7.8,27.7,28.9,6.4,14.1
himart,50,FEMALE,제주,키즈맘_초등생,5,10,7.1,10,8,0.5,,0,1.1,0.2,,19.1,20.5,4.9,10.2
himart,50,FEMALE,제주,,96,10,7.3,10,6.5,3.8,6.9,0.4,4.3,,,27.4,23.9,8,12.5
himart,50,FEMALE,충남,,402,6.5,7.5,6.5,7.4,5.9,6.9,4.3,4.8,9,,26.8,24.4,7.6,12.5
himart,50,FEMALE,충남,중년_자녀동거,126,8.9,7.5,8.9,6.9,5.1,4.7,3,4.2,4.8,7.8,25.9,26.4,6.2,13.7
himart,50,FEMALE,충남,중년_1인,67,7.2,7.6,7.2,7,5.5,6.2,6.4,4.6,8.4,8.1,26.8,26.9,6.7,13.9
himart,50,FEMALE,충남,중년_2인,41,10,7.9,10,7.1,6.3,8.7,7.5,4.7,5.6,,28.2,29.2,7.2,14.2
himart,50,FEMALE,충남,키즈맘_미취학,9,10,7.5,10,8.1,5.5,8.4,,4.8,7.8,,22.4,19.7,5.9,11.2
himart,50,FEMALE,충남,키즈맘_초등생,5,10,7.9,10,6.2,4.6,,0,2,0.1,,20.8,21,5.1,10.3
himart,50,FEMALE,충남,키즈맘_중학생,16,10,7.6,10,8.6,4.6,8,2.7,2.6,3.6,7.6,26.7,26,6.7,13.3
himart,50,FEMALE,충북,키즈맘_미취학,12,7.5,7.7,7.5,8.1,4.6,4.2,8,3.7,7.6,,29,27.2,6.8,13.9
himart,50,FEMALE,충북,,261,10,7.8,10,7,4.5,8,6.6,4.4,6.8,,28.4,25.3,8.1,12.7
himart,50,FEMALE,충북,중년_1인,32,8.6,7.5,8.6,8,4.6,8.2,4,3.7,5.9,7.8,25.5,25.5,6.3,13.2
himart,50,FEMALE,충북,중년_2인,37,6,7.5,6,7,5.8,8,0,5,5.8,7.6,25.8,25.5,6.9,12.8
himart,50,FEMALE,충북,키즈맘_중학생,9,10,7.2,10,7.5,6.5,6,,4.6,7.6,,23.4,25,4.9,13.1
himart,50,FEMALE,충북,키즈맘_초등생,5,5,7.7,5,6.5,5.2,8,5.8,3.7,,,31.7,27.9,8.3,15.1
himart,50,FEMALE,충북,중년_자녀동거,84,7.5,7.6,7.5,6.9,4.2,7.7,4.5,3.9,6.7,,26.6,26.4,6.5,13.4
himart,50,MALE,,중년_자녀동거,1055,8.1,7.4,8.1,7.6,5.1,6,3.4,3.5,6.3,8,25,29,5.3,13.6
himart,50,MALE,,중년_1인,461,9.1,7.5,9.1,8,5.6,6.2,2.7,4,6.8,7.8,25.1,29.1,5.4,13.6
himart,50,MALE,,키즈맘_중학생,201,7.9,7.3,7.9,7.6,5.5,6.7,2.1,3.3,6,7.8,25.2,28.5,5.5,13.3
himart,50,MALE,,2인가구,33,5.9,7.4,5.9,7,4,4.9,8.9,2.8,7.6,8,27.2,30,6.2,13.9
himart,50,MALE,,키즈맘_초등생,76,8,7.3,8,7.7,5.2,5.6,3.8,3.7,6.7,,25.6,29.3,5.6,13.5
himart,50,MALE,,1인가구,1,,7.5,,9.3,8.9,8.1,,9,,,0,0,0,0
himart,50,MALE,,,4396,7.6,7.4,7.6,7.7,5,6.6,3.4,3.1,5.9,8,26.7,27.8,6.7,12.9
himart,50,MALE,,키즈맘_미취학,100,8.9,7.4,8.9,8.2,5.5,4.4,4.7,4.5,7,7.8,25.3,29.3,5.6,13.7
himart,50,MALE,,중년_2인,467,8.3,7.4,8.3,7.6,5,6.1,2.6,3.4,5.5,8,26.8,30,6,14.1
himart,50,MALE,강원,중년_1인,29,3.9,7.7,3.9,8.1,5.2,0.5,0.1,3.5,2.6,,29.1,32.3,7.2,14.8
himart,50,MALE,강원,중년_자녀동거,86,6.4,7.6,6.4,7.6,4.8,7.6,3.2,3.2,7.4,8,25.8,29.8,5.3,14
himart,50,MALE,강원,키즈맘_초등생,7,,8,,7,1.2,6.4,8,1.7,,,26.6,31.7,5.1,15.1
himart,50,MALE,강원,키즈맘_미취학,9,10,7.3,10,8.3,5.5,6.4,,5.9,8.8,,26,29,5.6,14.4
himart,50,MALE,강원,중년_2인,51,7.7,7.7,7.7,7.3,4.7,7.7,2.1,3.3,7.1,8,25.5,29.1,5.5,13.9
himart,50,MALE,강원,,339,8,7.6,8,7.5,5,4.5,3.5,4.4,7.5,,30.7,31,7.7,14.5
himart,50,MALE,강원,키즈맘_중학생,28,10,7.6,10,6.3,3.8,6.9,6.5,2.5,6.8,,26.9,29.5,5.7,13.6
himart,50,MALE,경기,,5223,8.2,7.5,8.2,7.7,5.2,6.7,3.4,2.9,5.7,7.9,27.6,28,7.1,12.9
himart,50,MALE,경기,중년_자녀동거,1444,7.9,7.5,7.9,7.7,5.4,6.3,3.1,3,5.7,8,25.7,29.4,5.6,13.8
himart,50,MALE,경기,중년_1인,597,8.2,7.5,8.2,7.7,5.5,6.4,3.2,3,5.9,8,26.2,29.4,5.8,13.8
himart,50,MALE,경기,키즈맘_초등생,163,8,7.5,8,7.3,5,6.6,3.3,3.1,5.5,8.2,26.5,29.7,5.8,13.8
himart,50,MALE,경기,키즈맘_중학생,369,7.7,7.5,7.7,7.7,5.6,6.4,3.5,3,6.3,8,25.4,29.4,5.3,13.8
himart,50,MALE,경기,키즈맘_미취학,131,9.3,7.6,9.3,8,5.5,6.5,4.9,2.9,6.6,,26.6,29.5,6.1,13.8
himart,50,MALE,경기,2인가구,34,9,7.5,9,7.5,5.6,7.2,3.7,2.8,6.6,,25.3,28.3,5.1,13.6
himart,50,MALE,경기,중년_2인,525,8.1,7.5,8.1,7.7,5.4,6.5,2.6,3.1,5.4,8.7,25.9,29.3,5.7,13.7
himart,50,MALE,경남,,858,8.8,7.5,8.8,7.3,4.2,6.3,3.3,2.7,6.2,7.8,30.1,30.6,7.8,13.9
himart,50,MALE,경남,키즈맘_초등생,40,7.4,7.7,7.4,7.7,5.9,5.7,5.3,3.9,,,28.2,32,6.4,14.7
himart,50,MALE,경남,중년_2인,102,9.1,7.5,9.1,7.8,5.2,5.7,3.3,2.9,6,7.8,25.1,29.2,5.1,13.7
himart,50,MALE,경남,2인가구,7,10,7.1,10,7.3,3,,,1.8,8.1,,21.5,24,4.4,11.5
himart,50,MALE,경남,중년_자녀동거,226,7.2,7.5,7.2,7.5,4.6,6.4,2.2,3.2,5.4,,25.2,28.8,5.4,13.6
himart,50,MALE,경남,키즈맘_중학생,70,7.7,7.5,7.7,8,6.4,5.6,2.9,2.8,5.6,,25.8,30.1,5.3,14
himart,50,MALE,경남,키즈맘_미취학,19,7.5,7.5,7.5,6.8,4.5,6.4,0,2.3,5.4,,24.8,29.2,5.1,13.7
himart,50,MALE,경남,중년_1인,120,8.6,7.6,8.6,7.6,5.3,6.1,2.4,3.5,6.4,,24.1,27.3,5.4,13
himart,50,MALE,경북,중년_2인,60,8.3,7.2,8.3,7.7,4.2,5.8,0,2.4,5.8,,27.3,29.9,6.6,13.9
himart,50,MALE,경북,키즈맘_초등생,25,8.8,7.3,8.8,7.2,4,7.3,4.3,2.9,,,27.7,32.2,5.7,14.8
himart,50,MALE,경북,중년_자녀동거,144,7.8,7.5,7.8,7.3,4.8,6.7,0.9,3.6,5.3,7.9,24.7,28.5,5.3,13.4
himart,50,MALE,경북,키즈맘_중학생,51,8.1,7.5,8.1,6.7,4.6,6.8,3.4,3.2,3.1,,24.4,28.7,5.2,13.2
himart,50,MALE,경북,중년_1인,69,8.5,7.5,8.5,8,4.9,6.4,3.5,2.9,5.7,7.8,26.6,30.2,6,14.3
himart,50,MALE,경북,,552,6.6,7.5,6.6,7.3,4.7,5.7,3.4,3.6,4.7,8,28.6,29.6,7.3,13.6
himart,50,MALE,경북,2인가구,4,10,7.7,10,6.1,6.5,,8,3.3,,,32.2,32.4,8.1,15.4
himart,50,MALE,경북,키즈맘_미취학,8,10,7.3,10,7.5,5.2,8.8,0,2.9,4.6,,26.2,30.7,5.6,15.6
himart,50,MALE,광주,키즈맘_중학생,30,8.3,7.6,8.3,8.2,5.1,7.8,6.9,3.8,6.2,,25.3,29.8,5.1,14
himart,50,MALE,광주,중년_2인,33,7.2,7.4,7.2,7.9,4.3,7.1,0,2.2,9.5,,26.5,30.7,5.5,14.7
himart,50,MALE,광주,키즈맘_미취학,13,10,7.4,10,6.4,5,4.8,,2.4,0.2,,27.2,31.1,5.9,14.6
himart,50,MALE,광주,,386,8.6,7.5,8.6,7.9,4.3,7.5,5.2,3,6.7,,28.9,29,7.7,13.2
himart,50,MALE,광주,중년_자녀동거,92,7.9,7.4,7.9,8,5.2,6.6,1.2,3.4,7.3,,26.2,29.8,5.7,14.1
himart,50,MALE,광주,키즈맘_초등생,19,10,7.7,10,7.7,4.7,5.7,,3.9,7.8,,29.8,33.5,6.2,15.9
himart,50,MALE,광주,중년_1인,47,6.5,7.6,6.5,7.7,5.5,6.1,2,2.6,7.7,,23.6,27.7,4.9,12.9
himart,50,MALE,대구,키즈맘_미취학,19,8.4,7.4,8.4,8.4,6,6.6,0,4.1,5.3,7.8,22,26.8,5.4,12.1
himart,50,MALE,대구,키즈맘_초등생,26,10,7.5,10,8.1,4.8,6.4,4.1,2.6,8.8,,27.2,28.2,6.7,13.4
himart,50,MALE,대구,중년_2인,46,8.1,7.5,8.1,7.9,3.9,6.4,2.5,2.2,9.1,,26.7,30.4,6.1,14
himart,50,MALE,대구,중년_자녀동거,134,7.9,7.5,7.9,7.6,4.5,6.5,4.2,3.1,6.4,,24.4,28.5,5.1,13.4
himart,50,MALE,대구,중년_1인,42,8.6,7.5,8.6,8.1,5.5,7.2,3.6,3.7,7.4,7.8,26.5,29.2,6.3,13.6
himart,50,MALE,대구,키즈맘_중학생,36,7,7.4,7,7.2,3.7,6.2,1.9,2.9,4.8,,24.9,27.6,5.6,12.7
himart,50,MALE,대구,2인가구,4,10,7.5,10,6.3,2.4,10,4,1.8,,,25.8,25.9,6.5,12.9
himart,50,MALE,대구,,491,7.4,7.5,7.4,7.5,4.8,5.9,1.4,3.3,4.9,,28.4,29.3,7,13.8
himart,50,MALE,대전,2인가구,4,3,7.3,3,9.2,7.1,,,2.5,,,29,31.5,7.1,14.4
himart,50,MALE,대전,키즈맘_중학생,57,9,7.6,9,7.9,4.7,6.3,1.2,3.4,6.3,,25.9,29.3,5.6,13.8
himart,50,MALE,대전,,703,7.6,7.6,7.6,7.9,5.1,7.3,3.6,3.3,6.4,8,29.1,29.9,7.5,13.7
himart,50,MALE,대전,중년_2인,78,8.1,7.6,8.1,7.5,5.7,6.5,1.6,3.4,1.6,,25.6,28.4,5.7,13.4
himart,50,MALE,대전,키즈맘_미취학,15,10,7.7,10,6.4,4,,0,3.7,5.8,,25.9,28.1,6.4,13.1
himart,50,MALE,대전,키즈맘_초등생,26,10,7.5,10,6.7,4.8,4.3,4.5,3.6,7.7,,26.9,31,5.4,14.7
himart,50,MALE,대전,중년_1인,78,8.3,7.7,8.3,7.8,6,6.5,5.3,3,3.3,,25.1,27.4,5.6,12.9
himart,50,MALE,대전,중년_자녀동거,200,8.3,7.5,8.3,7.5,5.6,6,1.6,3.6,5.9,,25,28.8,5.3,13.7
himart,50,MALE,부산,키즈맘_중학생,105,7.3,7.6,7.3,7.8,5.5,6.1,3.3,3.9,5,8.1,26.6,29.4,6,13.4
himart,50,MALE,부산,중년_자녀동거,319,8.1,7.5,8.1,7.4,5.3,6.1,3.3,3,5.8,8,24.9,28.4,5.5,13.3
himart,50,MALE,부산,키즈맘_초등생,40,9.5,7.4,9.5,8.3,4.9,5.8,1.3,3.9,5.1,7.8,26.8,28.9,6.3,13.8
himart,50,MALE,부산,키즈맘_미취학,34,9,7.7,9,7.8,6.2,4,5.8,3.7,5,,24.8,27.1,5.4,13
himart,50,MALE,부산,2인가구,6,10,7.7,10,6.5,6,8.8,,4.6,0.1,,31.8,31.9,7.5,15.6
himart,50,MALE,부산,,1097,9.1,7.4,9.1,7.9,4.9,6.2,3.9,2.7,5.4,8,28.7,29.7,7.1,13.8
himart,50,MALE,부산,중년_1인,129,8.8,7.6,8.8,7.7,4.9,5.7,4.7,3.2,7,7.9,24.5,28.6,5.3,13.4
himart,50,MALE,부산,중년_2인,109,7.2,7.7,7.2,7.6,5.2,6.6,4,2.9,5.9,8.1,28,30.6,6.7,14.3
himart,50,MALE,서울,중년_2인,299,7.8,7.6,7.8,7.8,5.8,6.3,3.4,3.2,6.1,8.5,26.3,29.4,5.8,13.7
himart,50,MALE,서울,2인가구,33,8.5,7.5,8.5,7.4,6.3,6.4,4.8,4,2.5,,28,31.7,6.6,14.6
himart,50,MALE,서울,키즈맘_미취학,70,8.1,7.4,8.1,7.7,6.5,6,5.3,3.7,5.8,8,29.3,31.8,6.8,15.1
himart,50,MALE,서울,중년_1인,331,7.7,7.5,7.7,7.9,5.7,6.1,3.4,3,5.6,8,25.2,28.6,5.5,13.5
himart,50,MALE,서울,키즈맘_초등생,84,6.9,7.5,6.9,7.9,4.8,5.8,4.1,3.4,3.9,,25,28.7,5.5,13.3
himart,50,MALE,서울,중년_자녀동거,901,8,7.6,8,8,5.7,6,3.5,3.3,5.6,8.4,25.7,29.2,5.7,13.7
himart,50,MALE,서울,키즈맘_중학생,207,8.3,7.5,8.3,8,5.6,6.7,4.1,3.1,5.6,8,25.1,29.1,5.3,13.9
himart,50,MALE,서울,,3375,8.4,7.6,8.4,7.9,5.7,6.5,2.9,3.4,5.5,8,27.3,28.1,6.9,13
himart,50,MALE,세종,키즈맘_미취학,2,,7.6,,8.9,8.4,,,7.7,,,28.1,34.3,5.5,14.8
himart,50,MALE,세종,키즈맘_중학생,13,5,7.5,5,7.3,5.5,,0,2.6,5.2,,22.9,27.5,4.5,12.9
himart,50,MALE,세종,중년_1인,26,10,7.9,10,8.3,4.7,4.7,1.8,1.9,5,7.8,28.3,31.6,6.1,14.7
himart,50,MALE,세종,2인가구,2,10,7.6,10,8.9,3.1,2.9,,1.6,,,26.5,31.9,4.5,15.1
himart,50,MALE,세종,중년_2인,12,10,7.5,10,7.6,4.2,6.4,1.1,1.5,8,,29.8,31.8,7,15
himart,50,MALE,세종,키즈맘_초등생,6,,7.1,,8.3,4.5,6.4,,2.2,,,18.4,21.5,3.6,8.7
himart,50,MALE,세종,,145,8.6,7.6,8.6,7.6,6,7.6,4,3.3,6.8,,26.2,26.5,7.1,12.3
himart,50,MALE,세종,중년_자녀동거,32,8.4,7.3,8.4,8.3,5.2,6.4,3.5,2.3,9.9,,26.6,31.6,5.8,14.9
himart,50,MALE,울산,키즈맘_초등생,11,1.3,7.3,1.3,6.8,5,6.4,,3.8,,,23.6,25.8,3.8,10.9
himart,50,MALE,울산,중년_자녀동거,130,7.7,7.4,7.7,7.5,4.7,5.8,3.4,2.7,5.9,7.8,27.1,30.5,6.1,14.3
himart,50,MALE,울산,중년_1인,28,8.3,7.7,8.3,6.7,4.9,7.4,4.8,3.4,6.5,,25.7,29.6,5.6,13.9
himart,50,MALE,울산,키즈맘_중학생,39,7.2,7.5,7.2,7.5,4.5,6.4,2.4,2.9,4,,25.4,29.4,5.7,13.8
himart,50,MALE,울산,키즈맘_미취학,8,10,8,10,8.4,6.3,,8,5.3,,,24,27.6,5.5,12.4
himart,50,MALE,울산,,405,8.8,7.6,8.8,7.4,5,5.1,1,4.1,6.8,,28.7,29.4,7.3,13.3
himart,50,MALE,울산,2인가구,7,10,7.6,10,8.3,4.2,6.4,,2,,,30.9,32.6,7.5,15.2
himart,50,MALE,울산,중년_2인,46,9,8,9,8,5.7,7.8,2.2,3.2,5.7,,26.1,29.2,6,13.8
himart,50,MALE,인천,중년_1인,102,8.2,7.6,8.2,7.2,5.1,6.2,0.1,3.3,4.8,,27.4,30.7,6.2,14.2
himart,50,MALE,인천,중년_2인,109,8.9,7.5,8.9,7.6,4.6,5,3.1,2.9,6.7,7.9,27.7,29.7,6.6,14.1
himart,50,MALE,인천,키즈맘_미취학,27,9.1,7.3,9.1,8.2,5.7,4.5,2.9,3.9,8.4,,26.2,28.6,5.5,13.2
himart,50,MALE,인천,중년_자녀동거,357,8.6,7.5,8.6,7.7,5,6.2,3.6,3.2,5.5,7.9,25.4,29.1,5.5,13.7
himart,50,MALE,인천,,1178,6.5,7.5,6.5,7.4,4.9,6.6,3.5,3,5.9,7.9,29,29.7,7.4,13.4
himart,50,MALE,인천,2인가구,9,10,7.4,10,8.4,6.5,3.2,,1.4,0.1,,28.6,30.6,6.3,14.1
himart,50,MALE,인천,키즈맘_중학생,102,8.2,7.5,8.2,7.5,5.5,6.6,3.1,2.9,5.3,8,27.3,30.3,5.9,14.5
himart,50,MALE,인천,키즈맘_초등생,38,6.8,7.5,6.8,8.2,6.8,6.4,4.6,3.3,4.6,8,25,28.1,5.1,13.5
himart,50,MALE,전남,,337,10,7.9,10,6.5,3.8,6.4,7.1,2.9,5.5,7.8,28.7,30,7.2,14
himart,50,MALE,전남,중년_1인,38,8.4,7.9,8.4,7.9,4.7,6.8,9.2,3,6.4,7.9,27.4,29.9,6.2,14.3
himart,50,MALE,전남,키즈맘_중학생,28,6.7,7.5,6.7,7.7,3.9,4.8,5.3,3.3,8.2,,23.8,28.3,4.8,13.6
himart,50,MALE,전남,중년_2인,50,7,7.5,7,7.4,4.4,5.8,3.5,2.4,5.9,,26.8,30.2,6.1,14
himart,50,MALE,전남,중년_자녀동거,80,9.3,7.4,9.3,7.6,4.9,6.7,2.7,3.9,4.2,,25.1,28,5.6,13.2
himart,50,MALE,전남,2인가구,3,,,,6.2,0.9,6.4,,0.5,,,29.5,30.7,7.3,13.9
himart,50,MALE,전남,키즈맘_미취학,5,,7.8,,8.9,7.8,,,2.9,,,19.5,21,5.1,9.6
himart,50,MALE,전남,키즈맘_초등생,11,5.2,7.7,5.2,7,4.3,3.2,1.3,1.9,5.3,8.5,24.8,29.8,5.6,13.4
himart,50,MALE,전북,중년_2인,48,9.2,7.5,9.2,7.5,5.9,6.9,3.2,1.9,5.3,7.8,25.6,28.9,5.7,13.3
himart,50,MALE,전북,키즈맘_미취학,16,5,7.2,5,8.6,4.4,4.2,0,1.1,5.5,,24.1,27.6,5.2,13.2
himart,50,MALE,전북,중년_자녀동거,139,8.5,7.5,8.5,7.8,4.7,6.2,2.9,2.7,5.5,,26.9,29.7,6,14
himart,50,MALE,전북,키즈맘_초등생,22,5.9,7.7,5.9,7.8,5.4,7.3,4.1,2.5,8.4,,22.4,25.3,5,11.8
himart,50,MALE,전북,중년_1인,65,8.6,7.4,8.6,7.8,5.3,5.6,0.3,2.9,8.3,,26.9,30.3,5.9,14.1
himart,50,MALE,전북,,486,7.4,7.3,7.4,7.4,4.5,6.8,5.4,2.9,6.8,7.8,28.6,28.8,7.4,13.2
himart,50,MALE,전북,키즈맘_중학생,46,8.3,7.7,8.3,8.1,5,8,2.7,3.1,3.8,,27.6,30.5,6.2,14.5
himart,50,MALE,제주,중년_1인,8,10,7.9,10,6.8,2.6,7.6,4,2.5,2,,28.6,33.7,5.9,16.4
himart,50,MALE,제주,중년_2인,11,10,8.5,10,7.5,3.9,6.4,,4.3,,8,27.8,31,5.9,13.8
himart,50,MALE,제주,중년_자녀동거,41,8.7,7.6,8.7,7.7,4.3,3.8,1.6,4,8.2,,27.5,30.8,6.1,14.5
himart,50,MALE,제주,키즈맘_중학생,15,6.1,7.6,6.1,7.2,1.9,6.2,,1.9,7.6,,27.2,32.1,5.7,14.5
himart,50,MALE,제주,키즈맘_미취학,1,,7.4,,,0.7,,,,,,25.3,23.8,5.9,7.8
himart,50,MALE,제주,2인가구,1,10,7.4,10,8,9.2,,0,,,,22,24.9,6.9,8.8
himart,50,MALE,제주,키즈맘_초등생,9,10,7.9,10,6.5,3.1,10,,2.6,,,19.9,25.5,4,11.5
himart,50,MALE,제주,,138,5,7.5,5,6.5,5.2,7.2,8.5,4.1,,,30.5,32.3,7.7,14.4
himart,50,MALE,충남,키즈맘_초등생,21,2.5,7.4,2.5,8.4,6.8,,0,3,9.8,,26.7,30,6,13.9
himart,50,MALE,충남,키즈맘_미취학,10,,7.3,,6.7,2.2,0.2,,2,,,23.4,26.1,4.8,12
himart,50,MALE,충남,중년_자녀동거,127,9,7.4,9,7.6,4.9,6.4,4.6,2.5,6.9,8,24.9,28.6,5.2,13.7
himart,50,MALE,충남,,609,8.9,7.5,8.9,8,5.6,6.9,2.7,3.4,7.4,7.8,26.8,27.2,7,12.7
himart,50,MALE,충남,2인가구,6,10,7.3,10,9.1,6.6,,8,2.4,,,20.5,24.1,4.1,12.5
himart,50,MALE,충남,중년_2인,78,6.4,7.2,6.4,7.5,5.5,6.2,3.5,3.5,5.3,7.8,25.4,29.1,5.3,14
himart,50,MALE,충남,키즈맘_중학생,43,7.2,7.6,7.2,7.9,6.1,6.8,4,3.8,3,,26,28.8,5.7,13.9
himart,50,MALE,충남,중년_1인,97,6.8,7.4,6.8,7.8,5.5,5.4,2.3,3.1,6.5,,25.3,28.4,5.7,13.4
himart,50,MALE,충북,키즈맘_중학생,36,6.4,7.5,6.4,7.8,4.6,6.4,5.3,2.9,0,,25,28.2,5.6,13.1
himart,50,MALE,충북,키즈맘_초등생,16,6.7,7.4,6.7,7.9,4.3,6.4,0,2.9,7.6,,25.9,27.7,6.2,13.2
himart,50,MALE,충북,중년_2인,38,8.6,7.4,8.6,8,6,6.6,4,2.9,4.8,7.8,24,28,5.3,12.8
himart,50,MALE,충북,키즈맘_미취학,14,8.4,7.5,8.4,8.5,5.6,6.4,3.5,4,0.8,,24.3,27.3,5.1,13.3
himart,50,MALE,충북,중년_자녀동거,135,8,7.5,8,7,4.3,7.1,4.3,2.7,6.7,7.9,26.1,30.1,5.7,14.2
himart,50,MALE,충북,,450,7.7,7.7,7.7,7.1,4.9,5.8,2.9,3.6,6.7,8.3,26.9,27.6,6.8,12.8
himart,50,MALE,충북,중년_1인,60,9.4,7.5,9.4,7.5,5.2,5.4,2.2,2.4,6.3,7.9,27.9,31.3,6.3,14.5
himart,60,FEMALE,,시니어,357,7.5,8.2,7.5,6.9,2.6,8,4.9,2.4,6.5,8,8.6,8.7,2.1,4.6
himart,60,FEMALE,,중년_1인,139,7.1,8.3,7.1,7.3,4.6,7,3.2,4.1,6.9,8.2,25.1,25.6,6.2,13.4
himart,60,FEMALE,,키즈맘_초등생,48,7,7.9,7,6.5,2.7,8,,3.4,8.7,,19.2,18.2,5.2,9.3
himart,60,FEMALE,,,1881,7.3,8.2,7.3,6.7,3.7,6.8,3.8,2.7,6.9,8.1,21.4,19.6,6.1,9.9
himart,60,FEMALE,,중년_2인,186,7.2,8.2,7.2,7.2,4.9,7.9,3.5,4,6.5,8.1,22.6,22.7,5.7,11.7
himart,60,FEMALE,,키즈맘_중학생,31,8.9,8.3,8.9,5.7,2.2,8,5,1.9,8.2,,13.6,14.6,3.4,7.5
himart,60,FEMALE,,키즈맘_미취학,84,6.4,8.1,6.4,6.4,4.2,6.1,,3.4,6.3,,21.9,20.5,6,10.6
himart,60,FEMALE,,중년_자녀동거,390,8.4,8.2,8.4,7,4,6.8,3.8,3.2,6.1,8.1,21.7,21.6,5.5,11.2
himart,60,FEMALE,강원,키즈맘_중학생,5,10,,10,8.9,6.3,,,6.2,6,,5.4,5.4,1.4,2.6
himart,60,FEMALE,강원,중년_1인,14,3.7,8.2,3.7,8.3,4.9,8,0,2.8,8,,23.2,23.9,6.1,11.7
himart,60,FEMALE,강원,키즈맘_미취학,4,10,,10,7.7,4.6,,,5,7.8,8,13.2,12.6,4.1,7.9
himart,60,FEMALE,강원,시니어,20,8,8.3,8,6.2,3.1,8,0,1.2,,,16.1,16.6,3.9,8.6
himart,60,FEMALE,강원,키즈맘_초등생,3,10,8.6,10,7.9,1,,,2.5,8.9,,12.6,12.8,3.1,6.4
himart,60,FEMALE,강원,중년_자녀동거,34,10,8.2,10,7.4,3.4,8,,4.3,8.8,,23.5,23.5,6.3,11.8
himart,60,FEMALE,강원,중년_2인,18,10,8.1,10,8,3.5,,8,3,8.7,,29.4,27.7,7.6,14
himart,60,FEMALE,강원,,129,6.7,8.2,6.7,6.6,4.3,8,8,3.4,5.3,,27.8,27.4,7.2,13.8
himart,60,FEMALE,경기,중년_1인,83,8.8,8.2,8.8,6.5,4.2,8,4.8,3.4,7.9,8.2,26.2,26.2,6.7,13.7
himart,60,FEMALE,경기,중년_2인,156,8.4,8.2,8.4,6.6,4.2,7.7,2.3,2.6,7.3,8.2,24.7,23.9,6.6,12.5
himart,60,FEMALE,경기,키즈맘_중학생,24,10,8.2,10,5.7,3.5,8,0.1,2.7,7,,16.4,15.5,4.7,8
himart,60,FEMALE,경기,,1293,7.8,8.2,7.8,7.1,4.2,7.8,2.9,2.7,7,8.2,23.1,20.9,6.5,10.5
himart,60,FEMALE,경기,키즈맘_초등생,32,8.4,8.2,8.4,6.2,4.5,,,2.8,,8,21.8,20.8,5.2,10.7
himart,60,FEMALE,경기,중년_자녀동거,340,8,8.2,8,7,4.1,7.9,4.6,2.6,6.8,8.4,22.4,21.6,5.9,11.2
himart,60,FEMALE,경기,키즈맘_미취학,57,5,8.3,5,6.8,5.1,7.2,0,1.9,5.9,8.1,25.2,24.1,6.6,12.1
himart,60,FEMALE,경기,시니어,207,6.2,8.2,6.2,7.2,3.7,8,5.4,2.7,6.6,8.1,11.1,11,2.9,5.7
himart,60,FEMALE,경남,시니어,31,5,8.1,5,6.3,4.8,8,8,3.3,5.3,,12.2,12.1,2.5,6.6
himart,60,FEMALE,경남,키즈맘_중학생,4,5,8.1,5,8.2,3.9,,,4,,,5.8,5.6,1.5,2.5
himart,60,FEMALE,경남,키즈맘_미취학,7,,8.5,,5.5,1.2,8,0.1,1.2,,,24.6,24.7,6.4,12.2
himart,60,FEMALE,경남,중년_2인,20,6.7,8.3,6.7,6.6,4.3,8,8.3,4.6,9.9,8.5,25.6,26,6,14
himart,60,FEMALE,경남,키즈맘_초등생,6,0.5,,0.5,8,3.5,8,,0.1,,,16.2,14.9,5,7.5
himart,60,FEMALE,경남,중년_1인,13,10,8.3,10,7,3.3,10,,1.9,6.1,,24.4,24.9,6.6,12.4
himart,60,FEMALE,경남,,186,8,8.1,8,7.1,2.5,8,4,2.4,6.2,8.2,23.2,21.2,6.3,11
himart,60,FEMALE,경남,중년_자녀동거,42,3.3,8.2,3.3,6.7,1.6,8,0.1,1.5,8.4,,21.3,20.6,5.4,10.7
himart,60,FEMALE,경북,키즈맘_미취학,9,10,8.2,10,7.4,6.8,,0,6.9,1.7,,19.4,20.4,5,9.9
himart,60,FEMALE,경북,시니어,30,7.3,8.1,7.3,6.6,4.9,8,8,3.4,9.8,,13.6,13.5,3.3,6.5
himart,60,FEMALE,경북,키즈맘_초등생,5,,9.8,,5.9,1.1,,,0.6,,,18,17.6,5,8.9
himart,60,FEMALE,경북,키즈맘_중학생,6,,,,8.2,2.9,,8,3.2,9.8,,20.8,21,5.4,10.2
himart,60,FEMALE,경북,중년_자녀동거,30,5.7,8.1,5.7,7.1,2.1,8,8,3.5,8.3,8.5,20.8,21.6,5.8,10.7
himart,60,FEMALE,경북,중년_1인,11,10,8.1,10,7.8,5.2,,,4.9,5.1,,26.5,25.8,7.7,13
himart,60,FEMALE,경북,중년_2인,14,7,,7,7.5,4.2,,,1.7,8,8,22.6,22.7,5.3,12.4
himart,60,FEMALE,경북,,139,10,8.1,10,5.4,3.4,8,,2.9,7.8,8.1,23,21.9,6.2,11.5
himart,60,FEMALE,광주,시니어,20,6,8.4,6,8.7,5.7,8,8,3.6,8,,10.8,10.5,2.8,5.4
himart,60,FEMALE,광주,키즈맘_중학생,3,,,,5.2,1.5,,,0.8,10,,5.2,3.7,1.8,3
himart,60,FEMALE,광주,중년_자녀동거,22,5,8.4,5,8.3,3.5,,8.3,2.8,7.8,,23.1,23.4,6,11.3
himart,60,FEMALE,광주,키즈맘_초등생,2,10,8.1,10,8.4,5,,,5,,,19.2,18.4,4.7,9.3
himart,60,FEMALE,광주,중년_2인,13,8,8.2,8,8.8,4.7,,,3.2,2.5,8,28.4,27.8,7.6,13.5
himart,60,FEMALE,광주,키즈맘_미취학,2,,8.1,,8,9.6,,,9,,,16.5,15.1,4.2,8.2
himart,60,FEMALE,광주,중년_1인,6,5,,5,7.2,3.1,,8.9,5.8,8.6,,22.1,24.2,5.4,12.2
himart,60,FEMALE,광주,,98,10,8.1,10,7.5,2.2,8,9.7,2.5,8.1,,23.4,21.4,7,10.4
himart,60,FEMALE,대구,키즈맘_미취학,6,0,8.3,0,7.9,5.4,,,5.7,8.9,,27.2,26.8,8.1,13.5
himart,60,FEMALE,대구,,134,10,8.3,10,8.1,3,10,8,3.2,0.3,,22.7,20.1,6.8,9.6
himart,60,FEMALE,대구,키즈맘_초등생,5,10,8.2,10,7.6,3.3,,,3.8,8.5,,12.7,12.3,3.9,6.6
himart,60,FEMALE,대구,중년_2인,11,10,8.1,10,6.7,2.7,8,,1,8.9,,28.6,29,7.1,14.5
himart,60,FEMALE,대구,시니어,24,6.7,8.1,6.7,7.1,2.1,8,,2.1,7.8,,9,9.2,2.2,4.7
himart,60,FEMALE,대구,중년_1인,10,10,8.1,10,6.2,5.4,8,,4.8,,,32.2,31.2,8.1,15.8
himart,60,FEMALE,대구,중년_자녀동거,34,5.2,8.3,5.2,7.8,4.8,5.7,0,3.8,8.2,,22,22.9,5.4,11.7
himart,60,FEMALE,대전,중년_2인,22,4.1,8.2,4.1,6.7,4.1,8.9,4.1,2.2,8,8,25.8,23.5,6.9,12.5
himart,60,FEMALE,대전,키즈맘_미취학,6,,,,5.9,5.3,,,3.3,9.4,,30.2,28.4,7.7,13.7
himart,60,FEMALE,대전,중년_자녀동거,52,8.9,8.2,8.9,6.5,3.4,8,5,2.7,8.9,,24.1,23.3,6.3,12.2
himart,60,FEMALE,대전,,175,10,8.1,10,6.6,1.9,,,2.3,5.5,,24.1,21.7,6.7,10.7
himart,60,FEMALE,대전,시니어,30,6,8.2,6,7.6,3.9,,0.2,3.7,8.1,,9.7,9.6,2.4,5
himart,60,FEMALE,대전,중년_1인,9,10,,10,7.8,6.7,8,,4.1,0.2,8.1,28.9,27.9,7.4,14.3
himart,60,FEMALE,대전,키즈맘_초등생,5,10,8.2,10,8.7,3.2,,,0.8,9.5,,15.3,12.9,4.7,6.5
himart,60,FEMALE,부산,중년_2인,32,6.7,8.2,6.7,6.3,4.7,8,0,2.2,7.8,,25.5,25.3,6.6,12.7
himart,60,FEMALE,부산,키즈맘_미취학,15,5,8.2,5,6.6,2.5,8,0.3,1.3,,,21.3,20.1,5.5,10.2
himart,60,FEMALE,부산,시니어,68,7.7,8.1,7.7,6.6,3.6,7,5.4,2.7,6.4,8,11.8,12.2,2.9,6.1
himart,60,FEMALE,부산,중년_자녀동거,95,7.9,8.3,7.9,7.4,4.1,8.3,2,3.3,7.2,8.4,24.3,24.3,6.1,12.1
himart,60,FEMALE,부산,키즈맘_초등생,7,10,8.3,10,5.8,4.9,8,,3,,,19.5,18.7,5.3,9.5
himart,60,FEMALE,부산,중년_1인,18,10,8.3,10,7.2,4.2,8,,1.5,,,22.8,21.2,6.1,11.6
himart,60,FEMALE,부산,,350,7.4,8.3,7.4,7.1,5,8,4,3,8.5,,23.4,20.9,6.7,10.4
himart,60,FEMALE,부산,키즈맘_중학생,11,10,8.1,10,7.8,5.3,,,1.7,8.2,,13.8,12.5,3.7,7.3
himart,60,FEMALE,서울,,887,8.5,8.2,8.5,7.4,4.9,8,4.4,3.4,7.1,8.2,21.2,18.9,6.1,9.5
himart,60,FEMALE,서울,키즈맘_초등생,13,0,8.6,0,7.1,5.1,,,3.8,9.9,,15.1,14.8,3.9,7.6
himart,60,FEMALE,서울,키즈맘_미취학,39,9.6,8.3,9.6,7.3,5,8,4.2,3.2,7.3,8.1,20.2,21,5,10.5
himart,60,FEMALE,서울,시니어,156,8.4,8.3,8.4,7.2,3.8,8,4.9,2.9,7.1,8.2,11.1,11.3,2.8,5.8
himart,60,FEMALE,서울,키즈맘_중학생,9,0,8.1,0,5.9,3.5,8,,2.1,,,11,11.4,2.5,5.9
himart,60,FEMALE,서울,중년_2인,81,8.5,8.2,8.5,7.1,5,8,3.5,3.7,8.7,8.1,26.1,26.3,6.5,13.4
himart,60,FEMALE,서울,중년_1인,63,7.9,8.2,7.9,7.2,4.8,7.4,4.1,3.1,6.7,8.2,27.6,27.1,7,13.7
himart,60,FEMALE,서울,중년_자녀동거,233,8.2,8.2,8.2,7.4,4.7,8.2,3.7,3.5,6.8,8.2,22,22,5.7,11.4
himart,60,FEMALE,세종,,27,10,8.1,10,8.6,5,8,,6,,,22.4,12.5,7.9,8.8
himart,60,FEMALE,세종,키즈맘_중학생,1,,,,2.3,1.1,,,,,,0,0,0,0
himart,60,FEMALE,세종,키즈맘_미취학,2,,8.1,,7.5,3.8,,,0.3,,,25.5,28.2,7.8,16.1
himart,60,FEMALE,세종,중년_자녀동거,7,10,,10,8.4,4.6,8,,4.9,,8.1,18.3,19.1,5,10.3
himart,60,FEMALE,세종,시니어,4,,8.1,,5.9,1.3,,,1.9,,,0.1,0.1,0,0
himart,60,FEMALE,세종,중년_2인,1,10,,10,9.1,4.1,,,0.2,,,0,0,0,0
himart,60,FEMALE,세종,중년_1인,2,,,,3.4,8.8,,,4.1,,,32.2,32.3,9.2,15.7
himart,60,FEMALE,세종,키즈맘_초등생,2,0,8.1,0,6.7,0.6,,,0.5,,,27.7,28.1,7.4,14.7
himart,60,FEMALE,울산,중년_자녀동거,24,10,8.2,10,6.7,2.6,8,4,2.5,8,,17.3,16.5,4.5,8.8
himart,60,FEMALE,울산,,101,10,8.1,10,7.2,5.5,8,0,4.7,9.1,,26.1,24.9,7.1,12.3
himart,60,FEMALE,울산,중년_1인,2,,,,7.3,,,,,,,24.7,24.8,6.2,12.8
himart,60,FEMALE,울산,중년_2인,16,10,8.1,10,7.4,3.9,,,2.7,,,22.1,23.4,5.5,11
himart,60,FEMALE,울산,키즈맘_중학생,2,,,,8,0.5,,,1.5,,,28.5,28.9,7.4,13.6
himart,60,FEMALE,울산,키즈맘_미취학,7,,,,7.4,3.9,,,1.8,8.1,,25.6,24.8,7.9,11.9
himart,60,FEMALE,울산,시니어,26,6.7,8.2,6.7,5.9,2.8,8.7,4,2.2,5.3,,5.7,6.5,1.1,3.2
himart,60,FEMALE,인천,중년_2인,43,10,8.1,10,7.4,3.6,8,4,3.3,8.5,8.1,23.5,22.6,6.1,12.1
himart,60,FEMALE,인천,키즈맘_초등생,4,10,,10,3,6.4,,,1.5,,8.5,21.5,21.3,5.2,10.1
himart,60,FEMALE,인천,중년_1인,22,7.2,8.2,7.2,6.9,4.5,8,8,3,7.4,8.1,25.8,25.6,6.8,12.7
himart,60,FEMALE,인천,키즈맘_중학생,9,2.5,8.1,2.5,6.1,4.3,8,8.9,2.3,8,,23.1,24,5.5,12.3
himart,60,FEMALE,인천,,364,10,8.1,10,7,3.4,6,8,2.5,6.9,,23.1,21.4,6.5,10.7
himart,60,FEMALE,인천,키즈맘_미취학,22,6,8.7,6,7.5,4.4,8,0,1.9,6.3,,26.6,25.7,7.1,12.6
himart,60,FEMALE,인천,중년_자녀동거,98,8.5,8.1,8.5,6.9,5,8,5.1,3.4,5.5,8,20.7,20.8,5.3,10.6
himart,60,FEMALE,인천,시니어,63,7.3,8.2,7.3,6.6,2.6,6.7,0.6,1.7,6.5,8.1,12.1,12.1,3,6.2
himart,60,FEMALE,전남,키즈맘_중학생,2,10,8.4,10,5.8,9.2,,,8,,,30.5,32,9.3,12.7
himart,60,FEMALE,전남,,77,10,8.2,10,7.1,3.1,,,3.5,,8.2,22.6,20.3,6.9,9.8
himart,60,FEMALE,전남,키즈맘_미취학,1,,,,8,,,,2.1,,,0,0,0,0
himart,60,FEMALE,전남,중년_자녀동거,10,10,8.2,10,8.2,2.2,8,,1.2,,,20,20.9,4.9,11
himart,60,FEMALE,전남,중년_2인,11,10,8.1,10,7.9,4.5,8,,2.5,8.8,,26.3,24.3,7.1,13.6
himart,60,FEMALE,전남,시니어,18,9.5,8.2,9.5,6.3,4,8,,2.8,7.9,,16.6,15.1,4.3,7.9
himart,60,FEMALE,전남,키즈맘_초등생,2,10,,10,6.5,1,,,1,,,18.9,18.2,4.8,9.4
himart,60,FEMALE,전남,중년_1인,9,,8.2,,7.4,4.2,5.3,,2.3,4.2,,25.9,24.7,6.9,13
himart,60,FEMALE,전북,중년_1인,13,5,8.1,5,7.4,4.1,8,0,1.7,8,,20.7,21.1,5.1,11.7
himart,60,FEMALE,전북,,166,10,8.3,10,5.8,2.4,8,,3,7.9,,24,20.5,6.8,10.6
himart,60,FEMALE,전북,키즈맘_미취학,9,,8.1,,6,2.8,8,,1.6,8.4,,29.2,26.7,7,13.4
himart,60,FEMALE,전북,중년_자녀동거,41,8,8.2,8,6.8,3,8,8,2.6,4.3,8.1,22.4,21.9,5.8,11.4
himart,60,FEMALE,전북,키즈맘_초등생,10,,8.2,,5.2,4,8,,3.5,0.3,,24.3,24.5,5.7,12.5
himart,60,FEMALE,전북,중년_2인,24,10,8.1,10,7.3,3.6,8.2,0,2.3,8,,21.6,21.4,4.7,12
himart,60,FEMALE,전북,키즈맘_중학생,5,0,8.3,0,2.2,1.3,,,,,,20.1,19.3,4.7,9.4
himart,60,FEMALE,전북,시니어,30,7.5,8.3,7.5,6.6,2.4,8,8.9,0.9,7.9,,13.6,12.7,3.9,6.4
himart,60,FEMALE,제주,,50,10,8.1,10,6.5,3.1,,8,3.2,,,26,26.6,6.3,13.7
himart,60,FEMALE,제주,중년_1인,1,10,,10,8.7,8,,,0.6,,,36.5,37.9,9.6,18.5
himart,60,FEMALE,제주,중년_자녀동거,18,10,8.2,10,5.3,2.3,8,,2.4,9.5,,25.5,24.8,6.3,13
himart,60,FEMALE,제주,키즈맘_미취학,2,,,,,9.6,,,9.9,,,27.7,29,6.3,14.2
himart,60,FEMALE,제주,키즈맘_초등생,2,,8.2,,8.3,4.4,,,0.6,,,37.6,36.4,9.4,18.6
himart,60,FEMALE,제주,중년_2인,6,,8.1,,8,3.6,,,2.4,2.9,,21.2,20.2,5.2,9.9
himart,60,FEMALE,제주,시니어,6,0,8.2,0,8.1,1.9,,,1.3,,,7.9,6.9,2.3,3.6
himart,60,FEMALE,제주,키즈맘_중학생,3,10,8.1,10,8,3.7,,,4.1,,,6,5.9,1.5,3.1
himart,60,FEMALE,충남,중년_2인,28,10,8.2,10,7.2,4.1,6,2,3.4,6.3,,22.4,21.5,6.2,11
himart,60,FEMALE,충남,키즈맘_미취학,7,0.1,8.2,0.1,8,1.6,,,1.2,,,20.9,20,5.7,10.1
himart,60,FEMALE,충남,키즈맘_중학생,4,,8.1,,6.1,3.8,,,0.2,,,21.8,22.4,5.4,11.9
himart,60,FEMALE,충남,,204,10,8.2,10,7,2.8,8,,2.5,5.9,,19.6,17.3,5.3,9.1
himart,60,FEMALE,충남,시니어,33,8,8.4,8,6.9,5,8,0,3.9,7.8,,9.2,9,2.5,4.6
himart,60,FEMALE,충남,중년_자녀동거,53,9,8.2,9,6.9,3.4,7.5,4,2.4,5.6,,24.5,23,6.4,12.1
himart,60,FEMALE,충남,중년_1인,15,7.3,8.5,7.3,8.3,4.3,8,0,2.5,7.9,,20.7,20.1,5,11.1
himart,60,FEMALE,충남,키즈맘_초등생,5,10,8.1,10,8.5,1.9,8,0,3.8,2.9,,26.9,25.4,7.1,12.8
himart,60,FEMALE,충북,중년_자녀동거,39,7.5,8.5,7.5,6.3,2.1,8,4.3,1.8,8.7,,22.7,22.2,6,11.3
himart,60,FEMALE,충북,키즈맘_중학생,1,,,,7.9,1.1,,,0.4,,,0,0,0,0
himart,60,FEMALE,충북,키즈맘_미취학,5,0,,0,7.7,2.6,9.1,,0.3,8.7,,31.3,30,8.8,15
himart,60,FEMALE,충북,키즈맘_초등생,2,,,,6.5,3.7,,,1,,,28.3,28.6,8.3,14.8
himart,60,FEMALE,충북,중년_2인,10,,8.3,,5.6,4.8,,,3.8,8.4,,22.8,23.3,4.6,14
himart,60,FEMALE,충북,,143,6.7,8.2,6.7,5.7,1.8,8,,1.3,8,,23.7,20.7,7,10.3
himart,60,FEMALE,충북,시니어,35,6,8.2,6,6.9,3.5,8,4.1,3.5,7.1,,12.6,12.7,3.1,6.7
himart,60,FEMALE,충북,중년_1인,13,10,8.1,10,7.1,2.2,0.1,,3.8,7.8,,22,19.9,5.1,11
himart,60,MALE,,키즈맘_초등생,25,7.1,8.3,7.1,7.1,3.5,,,1.6,8.6,,20.2,21.6,4.8,10
himart,60,MALE,,중년_2인,270,7.8,8.2,7.8,7.4,3.9,6.2,4.3,2.4,7.8,8.3,23.2,27,4.9,12.6
himart,60,MALE,,중년_1인,142,7.6,8.2,7.6,7.2,4.1,5,3.7,2.2,5.7,8.1,23.5,27.9,5,12.8
himart,60,MALE,,키즈맘_중학생,20,2.8,8.2,2.8,7.7,3.6,6.4,8,3.1,8.4,,18.8,20.2,4.9,9.1
himart,60,MALE,,중년_자녀동거,403,7.7,8.2,7.7,7.2,4,5.9,4.2,2.4,6.8,8.1,22.7,26.2,5,11.9
himart,60,MALE,,키즈맘_미취학,49,10,8.1,10,7.5,3.8,7.4,0.1,2.6,6.7,8.1,17,20.5,3.7,9.1
himart,60,MALE,,시니어,273,5.9,8.2,5.9,7,3.2,5.5,3,2.4,5.6,8.2,11.1,12.9,2.4,6
himart,60,MALE,,,1970,8.2,8.2,8.2,7.1,3.6,5.6,2.4,2.3,6,8.1,22.8,23.8,5.7,10.8
himart,60,MALE,강원,중년_2인,21,10,8.2,10,7.1,5.6,,,3.6,9.8,,27.6,30.4,6.3,14.2
himart,60,MALE,강원,키즈맘_미취학,3,7.5,8.4,7.5,9,3,,,1.1,7.4,,18.3,20.9,4.1,10.9
himart,60,MALE,강원,,140,6.6,8.2,6.6,6.3,3.5,4.9,,1.9,4.2,,29,29.3,7.3,13.4
himart,60,MALE,강원,키즈맘_초등생,6,10,,10,7,0.7,0.1,,,,,20.6,24.3,4.2,10.8
himart,60,MALE,강원,중년_자녀동거,32,7.4,8.2,7.4,6.9,4.6,6.4,8.5,3.7,7.1,,21.6,25.6,4.5,11.3
himart,60,MALE,강원,시니어,19,10,8.4,10,7.3,2.7,6.4,0.1,1.8,6,,14.6,15.3,3.4,7
himart,60,MALE,강원,중년_1인,5,10,9,10,6.7,4.9,,8.9,1,,,25.2,28,5.2,13.2
himart,60,MALE,경기,시니어,220,6.7,8.2,6.7,7.2,4.1,6.8,2.2,2.1,7.9,8.2,9.8,11.7,2,5.3
himart,60,MALE,경기,키즈맘_초등생,16,10,8.3,10,7.3,5,,0,3.8,5.4,,26.5,30.3,5.3,13.4
himart,60,MALE,경기,키즈맘_중학생,22,10,8.2,10,6.4,5.6,6.4,8,2,5.9,,26.6,29.9,5.7,13.9
himart,60,MALE,경기,키즈맘_미취학,68,8.2,8.2,8.2,7.2,3.7,6.4,1.4,1.8,6.4,8.1,22.4,25.5,5.1,11.5
himart,60,MALE,경기,중년_자녀동거,376,7.7,8.2,7.7,7.2,4.3,5.7,4.1,2.2,6.5,8.1,22.2,25.7,4.9,11.8
himart,60,MALE,경기,,1663,6.6,8.2,6.6,7.1,4,6.6,5.5,2.2,6.3,8.1,22.9,24.2,5.7,11
himart,60,MALE,경기,중년_1인,139,7.3,8.3,7.3,7.7,4.6,5.9,3.7,2.5,7.2,8.1,25.6,29.4,5.4,13.7
himart,60,MALE,경기,중년_2인,229,7.9,8.2,7.9,7.6,4.3,5.8,1.8,2,5.3,8.3,24.8,27.7,5.5,12.7
himart,60,MALE,경남,,229,8,8.2,8,7.1,4.2,7.2,5.3,3.2,4.6,,28.2,28.7,7.4,12.9
himart,60,MALE,경남,중년_자녀동거,56,6.7,8.1,6.7,7.2,4.1,7.1,4.1,2.1,6.8,,23.4,26.8,5.4,12.3
himart,60,MALE,경남,키즈맘_미취학,4,,,,6.9,1.6,6.4,,0.9,7.8,,17.5,19.4,4.3,8.7
himart,60,MALE,경남,시니어,29,10,8.4,10,8.1,3.3,4.7,0.1,1.4,6.5,,13.7,15.3,3,6.9
himart,60,MALE,경남,중년_1인,28,8.4,8.3,8.4,6.8,3.2,5.1,0.2,2.4,7.9,8.2,26.5,30,5.5,14.5
himart,60,MALE,경남,키즈맘_초등생,1,,,,9.6,1.4,,,0.7,,,28.4,32.9,7.9,15.7
himart,60,MALE,경남,키즈맘_중학생,1,,,,,,,,1.3,,,0,0,0,0
himart,60,MALE,경남,중년_2인,36,10,8.4,10,7.6,3.3,6.4,4.5,2.7,7.1,8.2,26.3,28.5,5.9,13.3
himart,60,MALE,경북,키즈맘_초등생,2,,8.1,,6,1,,,2.4,,,26.2,30.2,5.6,13.3
himart,60,MALE,경북,,182,7.5,8.3,7.5,7.8,3.3,5.6,5.3,2.1,5.3,8.1,23.7,24.9,6,11.2
himart,60,MALE,경북,중년_2인,34,6.5,8.3,6.5,7.4,3.5,8.4,2.3,1.5,1,,23.2,26,5.4,11.4
himart,60,MALE,경북,중년_자녀동거,33,7.6,8.3,7.6,7.8,3.2,5.5,4,3.3,6.4,,22.3,26.8,4.7,12.1
himart,60,MALE,경북,키즈맘_미취학,8,10,8.1,10,7.3,6.9,,,4.9,,,11.2,12,2.6,5.7
himart,60,MALE,경북,중년_1인,10,,8.1,,8.3,6.2,6.4,0,3.1,7.8,8.1,24.4,28.8,4.5,13.8
himart,60,MALE,경북,시니어,28,10,8.2,10,6.1,3.1,6.4,,1.6,6.9,,12.6,14.7,2.7,6.8
himart,60,MALE,광주,중년_1인,9,10,8.2,10,7.5,5.2,6.4,,2.5,9.8,,27.2,30.3,7,14.5
himart,60,MALE,광주,키즈맘_초등생,3,10,8.1,10,9.3,2.2,,,0.6,7.8,,6.2,9.5,0.3,4.9
himart,60,MALE,광주,중년_2인,19,8.5,8.1,8.5,6.3,2.7,4.8,,1.5,,,25,29,5.2,13.8
himart,60,MALE,광주,시니어,15,10,8.2,10,7.3,3.2,7.1,,1.7,1.7,,12.6,13.5,3,6.2
himart,60,MALE,광주,키즈맘_중학생,2,,8.2,,8.2,1.9,,,1,,,15.4,16.7,4.2,6.8
himart,60,MALE,광주,중년_자녀동거,28,8,8.2,8,7.5,3,6.4,3,1.8,8.8,,21.6,25.5,4.5,11.6
himart,60,MALE,광주,,117,10,8.1,10,8.1,3.9,7.5,,3.5,8.9,,24.4,25.6,6.4,11
himart,60,MALE,광주,키즈맘_미취학,5,,8.4,,9.2,4.1,6.4,0,0.6,8.3,,29.3,34.2,7.9,14.7
himart,60,MALE,대구,키즈맘_미취학,6,,8.2,,5.7,0.6,,,0.6,,,29.1,29.5,7.4,14
himart,60,MALE,대구,시니어,17,10,8.1,10,5.5,2.6,6.4,,1.8,7.2,,15.9,18,3.8,8
himart,60,MALE,대구,키즈맘_초등생,2,0,8,0,9.8,0.7,,,1.2,7.8,,7,11.2,0.4,4.3
himart,60,MALE,대구,중년_자녀동거,34,6,8.1,6,7.6,3.2,6.4,1.2,3.2,6.2,,23.5,26.2,5.4,12.2
himart,60,MALE,대구,중년_2인,25,5,8.2,5,8.1,3.1,5.3,0,2.6,9.1,,26.8,30.4,6,14.2
himart,60,MALE,대구,중년_1인,14,0,8.3,0,6.3,4.1,6.4,0.1,1.7,6.4,,26.5,31.7,5.5,14.6
himart,60,MALE,대구,,146,5,8.1,5,6.1,3.8,7.8,,2.6,5.7,,25.3,26.5,6,12.5
himart,60,MALE,대전,중년_2인,41,7.9,8.4,7.9,8,4,6.4,0,3.3,8.4,,23.7,26.8,5.3,12
himart,60,MALE,대전,중년_1인,16,8.9,8.1,8.9,7.8,6.6,6.4,5.3,3.8,5.4,,25.4,29.4,5,14.7
himart,60,MALE,대전,시니어,36,7.2,8.3,7.2,6.7,2.9,6.4,8.3,2.8,7.7,,10.5,11.7,2.4,5
himart,60,MALE,대전,키즈맘_중학생,5,10,8.1,10,7,4.1,6.4,,1.3,0.4,,21.1,24.8,4.8,11.7
himart,60,MALE,대전,2인가구,1,,,,0,0.6,,,0.9,,,23.9,29.3,1.6,12.3
himart,60,MALE,대전,,219,8.6,8.3,8.6,7.4,3.1,5.5,8,1.6,5.2,,27.6,28.2,7,12.4
himart,60,MALE,대전,키즈맘_초등생,3,0,8.1,0,8.4,1.1,,,0.1,4.1,8.2,18,21.6,3,10.6
himart,60,MALE,대전,중년_자녀동거,42,8.2,8.3,8.2,6.9,4.2,7.1,0,2.7,6.7,,21.9,24.6,4.9,11.6
himart,60,MALE,대전,키즈맘_미취학,11,10,8,10,7,4,0.6,0,3.3,,,6.5,9.2,0.8,4.2
himart,60,MALE,부산,중년_자녀동거,101,8.4,8.2,8.4,7.4,3.9,7,4.6,1.8,6.8,8.1,22,24.8,4.9,11.1
himart,60,MALE,부산,,381,7.5,8.3,7.5,7.4,2.9,6.4,5.6,2.4,8.4,,24.4,25.1,6.2,10.8
himart,60,MALE,부산,중년_2인,60,5.2,8.4,5.2,7.2,3.9,5.5,3.2,2,8.7,,24.9,27.7,5.6,12.9
himart,60,MALE,부산,시니어,58,9.2,8.4,9.2,7.9,2.6,6.4,5.4,1.8,4.4,,10.8,12.7,2.4,5.7
himart,60,MALE,부산,키즈맘_중학생,3,,8.1,,4,3.4,,,1.2,,,25.9,32.1,4.8,14
himart,60,MALE,부산,키즈맘_미취학,20,8,8.1,8,7.5,3.5,6,,4.9,5.1,,24,26.6,5.7,12.2
himart,60,MALE,부산,키즈맘_초등생,9,10,8.2,10,9,5.9,6.4,0,7,9.9,,23.6,24.3,6,11.5
himart,60,MALE,부산,중년_1인,22,7.8,8.5,7.8,8,5.2,6.4,2.2,2.3,6.9,,22.3,26.5,4.7,12.7
himart,60,MALE,서울,시니어,139,7.5,8.3,7.5,7.4,4.2,6,2.7,2.4,6.4,8.2,12.3,14.2,2.6,6.6
himart,60,MALE,서울,중년_1인,60,9.1,8.3,9.1,7.5,4.3,4.7,3.2,2.9,7.6,8.1,25.9,29.6,5.8,13.7
himart,60,MALE,서울,키즈맘_중학생,17,8.3,8.2,8.3,7.2,5.8,7,4,2.3,7.9,,23.3,27.5,4.8,12.2
himart,60,MALE,서울,중년_자녀동거,290,7.7,8.2,7.7,7.7,4.7,5.7,2.6,2.4,6.1,8.2,22.6,25.9,4.9,12
himart,60,MALE,서울,키즈맘_미취학,48,7,8.1,7,7.7,4.8,6.8,0.1,2.9,6.6,8.1,20.7,25.1,4.2,11.4
himart,60,MALE,서울,중년_2인,137,7.2,8.2,7.2,7.2,4.8,7.1,2.9,2.1,5.4,8.5,22.7,25.9,4.9,11.8
himart,60,MALE,서울,키즈맘_초등생,12,10,8.3,10,7.3,6.8,6.4,5.6,2.8,8.6,,19.6,23.1,3.7,11.2
himart,60,MALE,서울,,1079,7.9,8.2,7.9,7.7,4.5,5.1,2.7,2.7,6.4,8.2,20.6,21.4,5.2,9.8
himart,60,MALE,세종,중년_자녀동거,4,0,8.2,0,6.9,2.3,6.4,,0.9,3.4,,18.5,23.8,3.2,10.1
himart,60,MALE,세종,중년_2인,9,5,8.3,5,8.7,2.1,6.4,,1.2,5.1,,21.6,25.7,4.5,12.2
himart,60,MALE,세종,중년_1인,3,,,,9,5.6,,,0.9,9.9,,30.4,32.8,6.6,15.5
himart,60,MALE,세종,키즈맘_중학생,1,,8.1,,0,0.5,,,,,,0,0,0,0
himart,60,MALE,세종,,30,10,8,10,5.1,3.7,,,2.8,,,32.4,32.2,9.3,14.1
himart,60,MALE,세종,시니어,1,,8.6,,9.4,1.4,,,0.2,,,0,0,0,0
himart,60,MALE,세종,키즈맘_미취학,1,,,,6.9,1.1,,,0.8,,,36.8,35.7,9,17.1
himart,60,MALE,울산,중년_1인,9,6.7,8.2,6.7,8.4,0.9,,4,0.6,5.9,,26.2,29.8,5.6,13.1
himart,60,MALE,울산,키즈맘_미취학,3,,8.3,,6.5,5.1,,,6.4,,,19.9,23.9,4.8,10
himart,60,MALE,울산,키즈맘_초등생,2,,8.7,,,,,,,,,36.7,37.6,9.3,18.4
himart,60,MALE,울산,,160,2.5,8.2,2.5,7,1.6,4.3,2.6,1.2,9,,26.6,29.5,6.1,13.5
himart,60,MALE,울산,중년_2인,30,10,8.4,10,8,3.2,5,0.2,2.6,7,,24.1,27.9,5.6,12.6
himart,60,MALE,울산,중년_자녀동거,37,8,8.1,8,6.2,3.3,5.1,0,2.4,8.6,,20.6,23.9,4.5,10.4
himart,60,MALE,울산,시니어,24,5,8.2,5,7,3.4,5.3,1.7,1.4,3.4,8.2,12.6,14.8,2.7,6.5
himart,60,MALE,인천,시니어,53,7.2,8.1,7.2,6.9,3.8,6.4,8,2,8.9,,10.3,12.2,2.1,5.5
himart,60,MALE,인천,중년_2인,65,7.8,8.3,7.8,6.6,4.3,6.8,3.6,1.8,7.5,,23.5,27,5.3,12.1
himart,60,MALE,인천,키즈맘_초등생,8,,8.1,,7.1,5.1,6.4,0,0.8,,,20.3,24,4.3,10.9
himart,60,MALE,인천,중년_자녀동거,116,7.3,8.3,7.3,7.3,3.4,5.6,2,1.9,4.8,8.2,21.1,24.6,4.5,11.3
himart,60,MALE,인천,키즈맘_중학생,5,,8.1,,6.7,2.1,,,0.6,,,14.6,16.6,3.4,7.4
himart,60,MALE,인천,,465,8.9,8.3,8.9,7.2,4.1,4.8,3.8,2,6.8,8.8,23.6,25.5,5.4,11.9
himart,60,MALE,인천,중년_1인,26,10,8.2,10,7.2,4.7,7.6,0,3.2,3.9,,28.9,31.7,6.3,15.5
himart,60,MALE,인천,키즈맘_미취학,23,0,8.1,0,6.7,3.6,6.4,,1.7,5.7,,18.7,22.2,4.2,9.9
himart,60,MALE,전남,키즈맘_초등생,1,,,,,,,,,,,0,0,0,0
himart,60,MALE,전남,중년_2인,12,8.7,8.3,8.7,8.8,4,6.4,,2.3,9.7,,25.7,30.2,5.3,13.7
himart,60,MALE,전남,중년_1인,10,3.4,8.1,3.4,6.6,3.2,6.4,,0.8,8,,25.1,26.9,5.6,13.6
himart,60,MALE,전남,,117,7.5,8.3,7.5,7.1,4.4,6.4,0,4.5,8.8,,25.8,26.4,6.9,11.5
himart,60,MALE,전남,키즈맘_미취학,3,,8.4,,6.3,5.8,7.4,0,5.3,,,22.2,22.7,5.4,10.3
himart,60,MALE,전남,중년_자녀동거,22,8,8.4,8,7.7,3.5,6.4,2.3,0.5,8,,27.7,29.8,6.6,13.8
himart,60,MALE,전남,시니어,20,10,8.3,10,7.1,3,6.4,,1.8,6,8.2,10.7,12.8,2.3,5.5
himart,60,MALE,전북,중년_자녀동거,51,7.5,8.3,7.5,7.4,3.5,7.4,6.2,2.5,8.2,,19.8,22.1,4.6,9.7
himart,60,MALE,전북,,181,10,8.1,10,7.9,4,6.8,,2.9,7.1,,23.9,24.5,6,11
himart,60,MALE,전북,중년_2인,30,10,8.2,10,6.9,3.9,4.8,8,3.2,7.7,,26,29.8,5.6,13.8
himart,60,MALE,전북,키즈맘_초등생,3,,8,,6.9,8.2,,,1,,,31.2,35.7,7.3,16.2
himart,60,MALE,전북,시니어,19,6,8.2,6,8,3,6.4,5.3,2.7,5.5,,8.2,10,1.3,4.6
himart,60,MALE,전북,중년_1인,10,3.1,8.2,3.1,7.3,4.1,7.3,,2.6,9.9,,29.3,31.5,7,14.2
himart,60,MALE,전북,키즈맘_중학생,1,,,,,0.7,,,,,,17.7,29.7,1.4,12.9
himart,60,MALE,전북,키즈맘_미취학,5,10,8.3,10,7.7,8.4,6.4,,6.8,0.2,,26.6,28.7,6.2,13.5
himart,60,MALE,제주,중년_2인,11,10,8.3,10,7.8,3.9,5,,2.7,7.9,,22.2,23.4,5.7,11.5
himart,60,MALE,제주,시니어,4,10,,10,9.8,1,0.6,,1.3,,,10.8,12.1,2.6,5.2
himart,60,MALE,제주,,43,,8,,7.2,2,6.4,,0.9,8.6,,15.8,16.3,4.5,6
himart,60,MALE,제주,중년_자녀동거,10,8,8.6,8,7.5,5,6.4,0.5,5.3,,,25.4,29.1,5.8,13.3
himart,60,MALE,제주,키즈맘_미취학,4,,8.3,,5,3.1,,,3.8,,,21.4,24.8,4.5,11.6
himart,60,MALE,충남,시니어,22,5,8.1,5,8.1,3.8,6.4,,1.4,5.1,,6.9,7.4,1.7,3.7
himart,60,MALE,충남,,217,8,8.1,8,7.1,4.9,6.4,0,2.3,7.9,8.1,23.7,23.7,6.2,10.8
himart,60,MALE,충남,키즈맘_미취학,5,,9.1,,8.4,4.2,6.4,0,3.7,0.3,,26.7,28.1,6.2,13
himart,60,MALE,충남,중년_1인,28,,8.3,,7.3,3.9,6.4,8.7,2.4,7.8,,25.2,30.6,5.1,14.8
himart,60,MALE,충남,중년_자녀동거,47,8.8,8.2,8.8,7,2.8,6.6,,2.1,8.5,,20.8,24.1,4.2,10.9
himart,60,MALE,충남,키즈맘_초등생,3,,8.3,,7.1,1.5,,,2.3,,,25,24.6,6.3,12
himart,60,MALE,충남,중년_2인,34,10,8.1,10,7.4,3.2,4.8,0,1.7,4.9,,20.5,24.2,4.4,10.8
himart,60,MALE,충북,중년_2인,25,9.4,8.3,9.4,7.8,3.6,7.6,6.9,2.2,4.1,,25.6,29.1,5.9,13.2
himart,60,MALE,충북,중년_1인,11,5,8.2,5,7.6,4.5,6.4,,1.5,7.8,,30.5,32.6,7.1,15.1
himart,60,MALE,충북,키즈맘_중학생,2,10,,10,9,1.6,6.4,,0.5,,,7.6,10.7,0.4,4.6
himart,60,MALE,충북,,150,6,8.1,6,6.7,2.8,7.2,8,0.6,9.6,,19.3,20.5,4.8,9.2
himart,60,MALE,충북,키즈맘_초등생,5,7.1,8.2,7.1,8,2.7,,8,1.8,7.8,,19.6,21.8,4.1,9.3
himart,60,MALE,충북,시니어,21,10,8.1,10,7.8,1.8,6.4,8,0.7,4.6,,7.3,8.6,1.6,4.1
himart,60,MALE,충북,키즈맘_미취학,10,10,8.1,10,6.4,4,6.4,,1,,,25.6,29,5,12.8
himart,60,MALE,충북,중년_자녀동거,29,8.3,8.1,8.3,6.9,3.5,1,0,1.9,2.8,,23.2,26.4,5,11.9
himart,70,FEMALE,,,577,10,8.8,10,6.8,3,5.3,4,4,8.8,8.6,0,0,0,0
himart,70,FEMALE,,중년_자녀동거,93,8.5,9,8.5,6.7,2.4,8.3,,2.5,8,8.6,0,0,0,0
himart,70,FEMALE,,시니어,267,7.1,8.9,7.1,6.6,3.1,6.4,3.7,3.1,6.9,,0,0,0,0
himart,70,FEMALE,,키즈맘_초등생,9,7.5,8.8,7.5,7.3,3.8,,,2.3,8.3,,0,0,0,0
himart,70,FEMALE,,키즈맘_중학생,20,10,9,10,6.8,3.1,0,0,2.6,,,0,0,0,0
himart,70,FEMALE,,키즈맘_미취학,2,,,,9.3,0.8,,,0.9,,,0,0,0,0
himart,70,FEMALE,강원,시니어,18,7.5,,7.5,7,1.4,8,,1.9,9.3,,0,0,0,0
himart,70,FEMALE,강원,,25,,,,8,,,,,,,0,0,0,0
himart,70,FEMALE,강원,키즈맘_미취학,1,10,,10,8,6.2,,,3.6,8.2,,0,0,0,0
himart,70,FEMALE,강원,중년_자녀동거,1,,8.8,,7.9,7.3,,,1.7,,,0,0,0,0
himart,70,FEMALE,강원,키즈맘_중학생,1,,,,,0.5,,,,,,0,0,0,0
himart,70,FEMALE,경기,키즈맘_중학생,14,10,9,10,7.4,4.9,8.2,6.1,4.3,8.3,,0,0,0,0
himart,70,FEMALE,경기,키즈맘_미취학,6,0,9.1,0,5.8,7.2,8,0,4.1,9.6,,0,0,0,0
himart,70,FEMALE,경기,,369,4.6,9,4.6,5.2,3,,0.3,2.1,6.5,,0,0,0,0
himart,70,FEMALE,경기,중년_2인,2,10,9.1,10,7.9,5.9,,,5.1,,,0,0,0,0
himart,70,FEMALE,경기,키즈맘_초등생,14,2.2,9.1,2.2,8.2,2.5,8,,1.4,9.8,8.7,0,0,0,0
himart,70,FEMALE,경기,시니어,161,7.5,8.9,7.5,6.5,2.5,7.5,3.7,2.7,7,,0,0,0,0
himart,70,FEMALE,경기,중년_자녀동거,60,4.3,8.8,4.3,6.2,3,6,,3.6,8.3,,0,0,0,0
himart,70,FEMALE,경남,,54,,,,7.7,5.1,,,4.7,8.2,,0,0,0,0
himart,70,FEMALE,경남,시니어,20,2.9,9.1,2.9,7.2,1.4,,4,2.9,8.2,,0,0,0,0
himart,70,FEMALE,경남,중년_자녀동거,8,10,9.1,10,6.3,2.4,,,3.3,8.5,,0,0,0,0
himart,70,FEMALE,경남,키즈맘_초등생,1,,8.7,,9.1,,,,,,,0,0,0,0
himart,70,FEMALE,경남,키즈맘_중학생,8,0,8.9,0,8.2,2.1,,,3.1,,,0,0,0,0
himart,70,FEMALE,경북,중년_자녀동거,8,10,8.8,10,8.1,4.6,,,3.7,,,0,0,0,0
himart,70,FEMALE,경북,시니어,13,10,8.8,10,7.5,4.1,0,,3.7,5.1,8.6,0,0,0,0
himart,70,FEMALE,경북,,39,10,9.2,10,8.1,0.9,,,1.8,,,0,0,0,0
himart,70,FEMALE,경북,키즈맘_중학생,4,,8.7,,7.8,0.6,,,0.4,8.3,,0,0,0,0
himart,70,FEMALE,경북,키즈맘_초등생,2,0,,0,2.4,9.4,,,5.6,,,0,0,0,0
himart,70,FEMALE,광주,키즈맘_중학생,4,10,,10,6,2,,,3.7,4.2,,0,0,0,0
himart,70,FEMALE,광주,시니어,19,10,9.2,10,6.5,2.9,0,,4.1,8.9,,0,0,0,0
himart,70,FEMALE,광주,키즈맘_미취학,1,,8.7,,8,8.8,,8,,,,0,0,0,0
himart,70,FEMALE,광주,중년_자녀동거,5,,,,8.7,4.7,8,,1.8,,,0,0,0,0
himart,70,FEMALE,광주,키즈맘_초등생,4,10,9.2,10,8.4,9.1,,,9.3,9.6,,0,0,0,0
himart,70,FEMALE,광주,,45,,,,8.8,2.2,,,1.4,,,0,0,0,0
himart,70,FEMALE,대구,,47,10,8.7,10,7.5,1.1,10,,2.8,8.2,,0,0,0,0
himart,70,FEMALE,대구,시니어,27,10,8.8,10,6.9,2.3,8.7,,3.4,0.4,8.7,0,0,0,0
himart,70,FEMALE,대구,중년_자녀동거,6,10,,10,5.9,5.1,8,,6.8,8.8,8.7,0,0,0,0
himart,70,FEMALE,대구,키즈맘_초등생,2,0,,0,4,0.5,8,,,,,0,0,0,0
himart,70,FEMALE,대구,키즈맘_중학생,3,0,8.7,0,9.2,1.2,,,0.4,9.7,,0,0,0,0
himart,70,FEMALE,대전,시니어,22,10,9.3,10,6.9,3.2,6.7,0,3.6,9.1,,0,0,0,0
himart,70,FEMALE,대전,키즈맘_중학생,3,,,,8,2.6,,,0.2,8.3,,0,0,0,0
himart,70,FEMALE,대전,,44,10,8.8,10,7,2.3,8,,1.2,,,0,0,0,0
himart,70,FEMALE,대전,중년_자녀동거,8,8,9.2,8,7.3,4.5,,0.1,7.5,,,0,0,0,0
himart,70,FEMALE,부산,시니어,54,3,9,3,6.6,3,8,0,3.1,9,,0,0,0,0
himart,70,FEMALE,부산,중년_자녀동거,28,10,8.9,10,7.1,3.5,8,,3.6,9.2,8.6,0,0,0,0
himart,70,FEMALE,부산,키즈맘_초등생,5,10,8.9,10,8.4,4.2,,,4.3,8.2,,0,0,0,0
himart,70,FEMALE,부산,,133,10,,10,7.8,2.6,,,1.7,,,0,0,0,0
himart,70,FEMALE,부산,키즈맘_미취학,1,,9.2,,5.9,,,,,,,0,0,0,0
himart,70,FEMALE,부산,키즈맘_중학생,7,6.7,9,6.7,9.1,4.2,4,,1.3,8.2,8.6,0,0,0,0
himart,70,FEMALE,서울,중년_자녀동거,71,7.4,9,7.4,7.2,3.3,8.3,,2.6,8.7,8.7,0,0,0,0
himart,70,FEMALE,서울,키즈맘_미취학,8,0,,0,8.9,3.4,8,,4.9,,8.7,0,0,0,0
himart,70,FEMALE,서울,키즈맘_초등생,1,,,,,1,,,1.9,,,0,0,0,0
himart,70,FEMALE,서울,중년_2인,1,,,,9.4,0.6,,,3.8,,,0,0,0,0
himart,70,FEMALE,서울,키즈맘_중학생,10,10,9,10,7.1,4.7,5.3,5.4,3.3,,,0,0,0,0
himart,70,FEMALE,서울,,306,3.8,9,3.8,6.9,3.4,6,0,3.8,6.4,,0,0,0,0
himart,70,FEMALE,서울,시니어,122,7.2,9,7.2,6.9,3.3,8.4,5.4,3.5,4.6,,0,0,0,0
himart,70,FEMALE,세종,,3,,,,,,,,,,,,,,
himart,70,FEMALE,세종,시니어,2,10,9.1,10,8,0.9,8,,0.9,8.9,,0,0,0,0
himart,70,FEMALE,울산,중년_자녀동거,6,10,,10,8.6,1.2,,,5.2,8.1,,0,0,0,0
himart,70,FEMALE,울산,시니어,8,6,,6,6.7,1.5,,,4.5,,,0,0,0,0
himart,70,FEMALE,울산,,22,,,,0,2.1,,,1,,,0,0,0,0
himart,70,FEMALE,인천,키즈맘_미취학,1,,8.8,,8,1.5,,,,,,0,0,0,0
himart,70,FEMALE,인천,중년_자녀동거,28,3.3,9,3.3,5.7,3.9,8,8.5,3.7,7.2,,0,0,0,0
himart,70,FEMALE,인천,,127,3.3,8.9,3.3,8.2,4,8,0.7,3.7,,,0,0,0,0
himart,70,FEMALE,인천,시니어,51,8.3,8.8,8.3,6.1,3.2,6.9,8.8,3.9,9,8.7,0,0,0,0
himart,70,FEMALE,인천,키즈맘_초등생,6,,8.7,,4.8,2.8,8,,1.7,,,0,0,0,0
himart,70,FEMALE,인천,중년_2인,1,10,9.1,10,,1.1,,2,,,,0,0,0,0
himart,70,FEMALE,인천,키즈맘_중학생,4,,,,5.6,0.9,,,1.2,,,0,0,0,0
himart,70,FEMALE,전남,키즈맘_미취학,1,,,,,0.5,,,,,,0,0,0,0
himart,70,FEMALE,전남,키즈맘_초등생,1,,,,8,0.8,,,2.8,,,0,0,0,0
himart,70,FEMALE,전남,시니어,10,6,9.1,6,6.9,2.3,,0.1,2.2,8.2,8.6,0,0,0,0
himart,70,FEMALE,전남,,25,10,9,10,7.3,6.8,0.2,,4.7,,,0,0,0,0
himart,70,FEMALE,전남,중년_자녀동거,4,10,9.1,10,8.1,3,8,0,2.2,4.9,,0,0,0,0
himart,70,FEMALE,전북,키즈맘_중학생,6,5,9,5,8.8,3.8,,,4.2,8.6,,0,0,0,0
himart,70,FEMALE,전북,중년_자녀동거,6,10,8.8,10,7.9,5.1,,,1.9,,,0,0,0,0
himart,70,FEMALE,전북,키즈맘_초등생,1,,,,8,,9.9,,1.2,,,0,0,0,0
himart,70,FEMALE,전북,시니어,19,5,8.9,5,6.8,4.7,5.9,,5.6,,,0,0,0,0
himart,70,FEMALE,전북,,42,10,8.8,10,,5.3,,,4.1,8.2,,0,0,0,0
himart,70,FEMALE,제주,중년_자녀동거,3,,,,7.3,1.9,,,3.4,,,0,0,0,0
himart,70,FEMALE,제주,키즈맘_중학생,2,,,,8,1.4,,,0.1,,,0,0,0,0
himart,70,FEMALE,제주,,15,,,,,,,,1.4,,,0,0,0,0
himart,70,FEMALE,제주,키즈맘_초등생,1,,,,,2,,,,,,0,0,0,0
himart,70,FEMALE,제주,시니어,4,,,,5.3,0.5,8,,1.5,8.6,,0,0,0,0
himart,70,FEMALE,충남,키즈맘_중학생,3,0,,0,2.4,1.1,,0.1,,,,0,0,0,0
himart,70,FEMALE,충남,,59,10,,10,8.6,1.5,,,3.5,8.2,,0,0,0,0
himart,70,FEMALE,충남,키즈맘_초등생,3,,8.7,,7.8,4.7,,,7.7,,,0,0,0,0
himart,70,FEMALE,충남,시니어,30,8.2,8.9,8.2,5.7,2,,8,2.2,8.3,,0,0,0,0
himart,70,FEMALE,충남,중년_자녀동거,9,5,8.9,5,7,6.9,,,6.9,8.4,8.7,0,0,0,0
himart,70,FEMALE,충북,중년_자녀동거,1,,,,,1.3,8,,3.7,,,0,0,0,0
himart,70,FEMALE,충북,키즈맘_초등생,1,,,,,,,,,,,0,0,0,0
himart,70,FEMALE,충북,,24,10,,10,8,2.4,,,1.7,,,0,0,0,0
himart,70,FEMALE,충북,시니어,13,10,8.9,10,7.5,2.5,,,3.2,,,0,0,0,0
himart,70,FEMALE,충북,키즈맘_중학생,3,10,,10,4.8,0.6,,,,,,0,0,0,0
himart,70,MALE,,,565,7,9,7,7,2.9,3.2,0,2.4,6.2,8.7,0,0,0,0
himart,70,MALE,,키즈맘_미취학,8,10,8.9,10,8,4.4,3.7,,1.3,4.2,,0,0,0,0
himart,70,MALE,,키즈맘_초등생,11,10,8.9,10,6.4,3,,8,4.1,,,0,0,0,0
himart,70,MALE,,중년_2인,1,,,,9.8,8,,,2.6,,,0,0,0,0
himart,70,MALE,,중년_자녀동거,74,6.6,8.9,6.6,6.6,3.7,6.5,0,3.7,8.6,8.7,0,0,0,0
himart,70,MALE,,시니어,285,6.9,9,6.9,6.7,2.7,7.4,2.9,2.3,6.7,8.6,0,0,0,0
himart,70,MALE,,키즈맘_중학생,9,,8.9,,6.8,3.6,,,2.8,,,0,0,0,0
himart,70,MALE,강원,키즈맘_초등생,4,0,8.9,0,4.5,0.8,7.7,0.1,0.6,9.9,,0,0,0,0
himart,70,MALE,강원,시니어,15,10,8.9,10,8.5,4.3,6.4,0,1.7,,,0,0,0,0
himart,70,MALE,강원,키즈맘_미취학,2,,,,0,4,6.4,0.2,2.3,8.3,,0,0,0,0
himart,70,MALE,강원,,35,,8.9,,6.6,8.3,8.6,,8.9,,,0,0,0,0
himart,70,MALE,강원,키즈맘_중학생,1,,,,,,,,,,,0,0,0,0
himart,70,MALE,강원,중년_자녀동거,4,,,,8,0.9,,,0.8,,,0,0,0,0
himart,70,MALE,경기,,362,7.5,9,7.5,7.4,4,4.2,2.5,3.3,5.9,,0,0,0,0
himart,70,MALE,경기,키즈맘_미취학,9,,8.7,,6.3,5.4,5.1,,5.5,8.3,,0,0,0,0
himart,70,MALE,경기,중년_자녀동거,69,8.4,8.9,8.4,7.5,3.6,6,2.9,3.1,5.6,,0,0,0,0
himart,70,MALE,경기,키즈맘_초등생,9,0,8.8,0,7.4,3,6.4,,2.3,,,0,0,0,0
himart,70,MALE,경기,키즈맘_중학생,5,10,8.9,10,8.2,6.3,,,5.7,,,0,0,0,0
himart,70,MALE,경기,시니어,159,6.4,8.9,6.4,7,3.1,6.4,2.7,2.4,8.5,8.6,0,0,0,0
himart,70,MALE,경남,키즈맘_중학생,1,,,,0,1.6,,,0.7,,,0,0,0,0
himart,70,MALE,경남,,57,6.7,9.1,6.7,6.7,5.2,6.4,0,3.2,10,,0,0,0,0
himart,70,MALE,경남,시니어,29,10,9.1,10,7,4.6,5.8,4.6,5.8,6.8,8.6,0,0,0,0
himart,70,MALE,경남,중년_자녀동거,5,10,8.7,10,7.2,4.3,,,4.6,8.2,8.6,0,0,0,0
himart,70,MALE,경남,키즈맘_초등생,3,2,8.9,2,8.9,5.2,,9.2,3.7,,,0,0,0,0
himart,70,MALE,경남,키즈맘_미취학,1,,,,,1.6,,,,,,0,0,0,0
himart,70,MALE,경북,키즈맘_중학생,1,,,,,9.6,,,1.2,,,0,0,0,0
himart,70,MALE,경북,중년_자녀동거,5,10,8.7,10,7.3,1.6,,0,1,,,0,0,0,0
himart,70,MALE,경북,,43,,,,0,0.6,,,2,,,0,0,0,0
himart,70,MALE,경북,키즈맘_미취학,1,,,,9.9,9.4,,,9.2,8.4,,0,0,0,0
himart,70,MALE,경북,시니어,22,7.5,8.9,7.5,7.6,1.8,6.4,2.7,1.9,4.9,,0,0,0,0
himart,70,MALE,경북,키즈맘_초등생,2,,,,9.4,0.6,,,,,,0,0,0,0
himart,70,MALE,광주,키즈맘_중학생,2,10,,10,8,3.4,,,6.6,,,0,0,0,0
himart,70,MALE,광주,,40,,,,,,,,,,,,,,
himart,70,MALE,광주,시니어,21,2.5,9.3,2.5,7.6,3.6,7.8,6.7,3.6,8.3,,0,0,0,0
himart,70,MALE,광주,키즈맘_초등생,2,,,,8,2,,,,,,0,0,0,0
himart,70,MALE,광주,중년_자녀동거,6,,8.7,,7.7,3.4,,,2.4,,,0,0,0,0
himart,70,MALE,대구,중년_자녀동거,9,10,8.9,10,8.3,2.8,5,,2.2,,,0,0,0,0
himart,70,MALE,대구,키즈맘_미취학,4,3.3,9,3.3,7.3,3.2,1.9,,1.3,8.2,,0,0,0,0
himart,70,MALE,대구,,40,5,9.2,5,4.4,0.9,,,1.2,,,0,0,0,0
himart,70,MALE,대구,시니어,17,8.1,8.7,8.1,7.9,3,,,2.2,,,0,0,0,0
himart,70,MALE,대전,,47,,9.1,,2,0.8,,,,,,0,0,0,0
himart,70,MALE,대전,키즈맘_중학생,1,2.5,,2.5,,0.8,,,2.8,,,0,0,0,0
himart,70,MALE,대전,키즈맘_초등생,3,,,,6.9,1.7,,,,,,0,0,0,0
himart,70,MALE,대전,중년_자녀동거,9,0,9.1,0,8.3,5.5,,0,4.5,6.3,,0,0,0,0
himart,70,MALE,대전,시니어,23,8.3,8.8,8.3,7.2,3.6,6.4,2.7,3.7,,,0,0,0,0
himart,70,MALE,부산,시니어,57,5.6,8.9,5.6,6.5,3.1,6.4,6.2,3.3,8.3,,0,0,0,0
himart,70,MALE,부산,중년_자녀동거,11,,9.2,,7.9,3,,,2.5,8.2,,0,0,0,0
himart,70,MALE,부산,키즈맘_초등생,9,5,9.2,5,5.1,4.7,6.4,,2.1,,,0,0,0,0
himart,70,MALE,부산,키즈맘_중학생,3,,8.9,,8.4,5.1,,,0.5,,,0,0,0,0
himart,70,MALE,부산,키즈맘_미취학,3,,8.7,,8.3,4.4,,,9.8,8.5,,0,0,0,0
himart,70,MALE,부산,중년_2인,1,,,,5.3,,,,,,,0,0,0,0
himart,70,MALE,부산,,106,10,9.1,10,6.4,8.5,,,3.5,,,0,0,0,0
himart,70,MALE,서울,키즈맘_중학생,4,6.7,8.9,6.7,8.5,5.9,,,9.7,8.2,,0,0,0,0
himart,70,MALE,서울,중년_자녀동거,46,7.8,8.8,7.8,7.7,2.3,6.6,,1.4,8.3,,0,0,0,0
himart,70,MALE,서울,시니어,125,7.2,8.9,7.2,7.1,3.2,6.3,2.7,2.7,5.4,8.7,0,0,0,0
himart,70,MALE,서울,키즈맘_초등생,8,10,9.2,10,5,0.6,6.4,,1.2,,,0,0,0,0
himart,70,MALE,서울,,256,4.3,8.9,4.3,5.8,5.5,6.4,3.2,4.2,8.6,,0,0,0,0
himart,70,MALE,서울,키즈맘_미취학,7,6,9,6,8.6,5.3,6.4,,3.2,7.3,,0,0,0,0
himart,70,MALE,세종,,3,,9.2,,,,,,,,,0,0,0,0
himart,70,MALE,세종,시니어,1,,,,8,0.6,9,,,,,0,0,0,0
himart,70,MALE,세종,중년_자녀동거,1,10,,10,,0.6,,,,,,0,0,0,0
himart,70,MALE,울산,시니어,13,10,9.2,10,7.1,1,6.4,,3.1,4.3,,0,0,0,0
himart,70,MALE,울산,중년_자녀동거,6,3.4,8.9,3.4,6.3,1.3,3.8,,0.6,,,0,0,0,0
himart,70,MALE,울산,,29,,,,6,1.2,,,,,,0,0,0,0
himart,70,MALE,인천,키즈맘_중학생,1,10,8.7,10,8,9.8,,,3.4,,,0,0,0,0
himart,70,MALE,인천,,100,10,9.2,10,5.4,1.4,,,0.4,,,0,0,0,0
himart,70,MALE,인천,시니어,54,8.4,9,8.4,7.5,2.4,4.3,2.7,1.9,5.6,8.6,0,0,0,0
himart,70,MALE,인천,키즈맘_초등생,4,,8.7,,6,5.2,,,8.5,,,0,0,0,0
himart,70,MALE,인천,키즈맘_미취학,4,5,8.8,5,8.3,3.8,6.4,,5.2,8.6,,0,0,0,0
himart,70,MALE,인천,중년_자녀동거,19,5,9,5,6.2,2.7,6.4,4,1.9,,,0,0,0,0
himart,70,MALE,전남,,33,,,,2.6,1.6,,,1.5,,,0,0,0,0
himart,70,MALE,전남,중년_자녀동거,7,5,9,5,6.5,2.7,7.2,,1.9,8.2,,0,0,0,0
himart,70,MALE,전남,키즈맘_초등생,1,,,,8,0.9,,,0.1,8.2,,0,0,0,0
himart,70,MALE,전남,키즈맘_중학생,2,10,9.1,10,8.8,0.6,,0.1,,,,0,0,0,0
himart,70,MALE,전남,시니어,17,10,9,10,6,1.2,4,2.3,2.3,7.3,,0,0,0,0
himart,70,MALE,전북,시니어,28,6.7,9,6.7,7.2,3.1,7.5,,2.8,2.8,,0,0,0,0
himart,70,MALE,전북,,48,,,,3.7,0.7,6.4,,1.2,,,0,0,0,0
himart,70,MALE,전북,키즈맘_중학생,3,10,9,10,7,6.8,,,8.8,8.7,,0,0,0,0
himart,70,MALE,전북,키즈맘_초등생,1,,,,9.7,,,,,,,0,0,0,0
himart,70,MALE,전북,중년_자녀동거,3,10,,10,5.4,0.6,,,3.2,,,0,0,0,0
himart,70,MALE,전북,키즈맘_미취학,1,,,,9.2,,,,1,,,0,0,0,0
himart,70,MALE,제주,키즈맘_미취학,2,,,,8.2,6.7,,,8.8,,,0,0,0,0
himart,70,MALE,제주,키즈맘_초등생,1,,,,9.7,0.4,6.4,,0.2,,,0,0,0,0
himart,70,MALE,제주,중년_자녀동거,1,,,,0,1.4,,,,,,0,0,0,0
himart,70,MALE,제주,,20,,,,6.3,0.6,,,,,,0,0,0,0
himart,70,MALE,제주,시니어,8,8.6,,8.6,6.4,1,,,2.5,8.8,,0,0,0,0
himart,70,MALE,충남,키즈맘_초등생,1,,,,,1.2,,,8.1,3.8,,0,0,0,0
himart,70,MALE,충남,,42,3.8,9.2,3.8,7.3,7.2,,,1.1,,,0,0,0,0
himart,70,MALE,충남,중년_자녀동거,3,10,9,10,9.7,5.4,,8,2.6,,,0,0,0,0
himart,70,MALE,충남,키즈맘_중학생,2,10,8.7,10,8,9.4,,,8,,,0,0,0,0
himart,70,MALE,충남,시니어,21,10,9,10,6.5,3,8.2,0,2.9,0.2,,0,0,0,0
himart,70,MALE,충북,키즈맘_미취학,1,10,,10,8,0.9,,,1.4,,,0,0,0,0
himart,70,MALE,충북,중년_자녀동거,7,,9.1,,7.7,3,,,1.1,8.2,,0,0,0,0
himart,70,MALE,충북,시니어,13,6.7,8.8,6.7,6.5,3.6,8.2,,4.7,4.3,,0,0,0,0
himart,70,MALE,충북,,34,,9,,6.3,1.5,8.8,0.1,2.5,,,0,0,0,0
himart,70,MALE,충북,키즈맘_중학생,2,10,9.2,10,7.1,2.6,,,,,,0,0,0,0
himart,80,FEMALE,,키즈맘_초등생,1,,8.7,,8,2.3,,,0.1,,,0,0,0,0
himart,80,FEMALE,,시니어,58,7,9,7,7.1,3.4,3,2.7,3.5,6.2,,0,0,0,0
himart,80,FEMALE,,중년_자녀동거,19,10,8.9,10,7.9,6.5,8,8.5,5,5.4,,0,0,0,0
himart,80,FEMALE,,,105,,9.1,,5.8,2,,0.6,1.5,,,0,0,0,0
himart,80,FEMALE,,키즈맘_미취학,1,,9.1,,5.9,6,,,5.8,,,0,0,0,0
himart,80,FEMALE,,키즈맘_중학생,1,,8.7,,8,4.3,,,8.1,,,0,0,0,0
himart,80,FEMALE,강원,시니어,1,,,,,,,,,,,0,0,0,0
himart,80,FEMALE,강원,키즈맘_중학생,1,,9,,8,0.9,,,4.2,,,0,0,0,0
himart,80,FEMALE,강원,,9,,,,,,,,,,,,,,
himart,80,FEMALE,강원,중년_자녀동거,4,,9,,6,1.7,,8,1.8,,,0,0,0,0
himart,80,FEMALE,경기,키즈맘_중학생,4,,9.2,,9.9,3.4,8,,2.4,3.2,,0,0,0,0
himart,80,FEMALE,경기,키즈맘_초등생,1,,8.8,,8,1,8,,0.9,,,0,0,0,0
himart,80,FEMALE,경기,시니어,33,10,8.9,10,7,2.9,5,,3.2,8.3,8.6,0,0,0,0
himart,80,FEMALE,경기,중년_자녀동거,15,10,8.8,10,7.6,4.7,8,8,2.9,5.6,,0,0,0,0
himart,80,FEMALE,경기,,70,10,8.9,10,8.4,5.5,,,6.8,,,0,0,0,0
himart,80,FEMALE,경기,키즈맘_미취학,1,,,,8,3,8,,1.6,,,0,0,0,0
himart,80,FEMALE,경남,시니어,2,,,,,,,,,,,0,0,0,0
himart,80,FEMALE,경남,키즈맘_미취학,1,,,,,,,,,,,0,0,0,0
himart,80,FEMALE,경남,키즈맘_중학생,2,10,8.9,10,6.4,8.8,,,4.4,,,0,0,0,0
himart,80,FEMALE,경남,중년_자녀동거,2,,9.1,,8.5,0.7,,,3.7,,,0,0,0,0
himart,80,FEMALE,경남,,10,,,,,,,,,,,,,,
himart,80,FEMALE,경북,중년_자녀동거,3,,8.9,,7.6,5.3,,,7.3,,,0,0,0,0
himart,80,FEMALE,경북,,12,10,,10,8,0.5,,,,,,0,0,0,0
himart,80,FEMALE,경북,시니어,5,5,8.7,5,9.8,3.3,,0,8.9,,,0,0,0,0
himart,80,FEMALE,경북,키즈맘_중학생,1,,,,8,0.6,,,,,,0,0,0,0
himart,80,FEMALE,경북,키즈맘_초등생,1,,9.1,,8.9,9,,0.1,9.1,0.3,,0,0,0,0
himart,80,FEMALE,광주,시니어,4,10,,10,4,0.8,,0.6,1.9,8.6,,0,0,0,0
himart,80,FEMALE,광주,,5,,9.2,,,0.6,,,,,,0,0,0,0
himart,80,FEMALE,대구,,1,,,,,,,,,,,,,,
himart,80,FEMALE,대전,,6,,,,,,,,,,,,,,
himart,80,FEMALE,대전,시니어,3,,,,,0.6,,,,,,0,0,0,0
himart,80,FEMALE,대전,중년_자녀동거,2,,9.2,,7.9,0.5,,,,,,0,0,0,0
himart,80,FEMALE,부산,시니어,5,10,,10,7.4,3.7,,,2.6,3.2,,0,0,0,0
himart,80,FEMALE,부산,,15,,9.1,,8.4,2.1,,,0.3,,,0,0,0,0
himart,80,FEMALE,부산,중년_자녀동거,4,,9.2,,8,3,,0,4,,,0,0,0,0
himart,80,FEMALE,서울,중년_2인,1,,,,,,,,,8.4,,0,0,0,0
himart,80,FEMALE,서울,,54,0,8.9,0,4.6,6.1,,,2.1,8.4,,0,0,0,0
himart,80,FEMALE,서울,시니어,32,4.7,9,4.7,6.1,1.5,8,4.6,1.2,6.1,,0,0,0,0
himart,80,FEMALE,서울,중년_자녀동거,9,6.8,8.9,6.8,7.6,3.9,8,,6.6,0.4,,0,0,0,0
himart,80,FEMALE,울산,중년_자녀동거,2,,9.2,,6.3,1.4,,,5.2,,,0,0,0,0
himart,80,FEMALE,울산,시니어,2,,,,8.2,6.7,,,9.3,3.7,,0,0,0,0
himart,80,FEMALE,울산,,4,,,,,,,,,,,,,,
himart,80,FEMALE,인천,키즈맘_미취학,1,,9,,8.6,9.3,,,3.8,,,0,0,0,0
himart,80,FEMALE,인천,키즈맘_중학생,2,7.4,9.2,7.4,9.8,4.9,,,2.7,9.9,,0,0,0,0
himart,80,FEMALE,인천,중년_자녀동거,3,10,9.3,10,9.8,0.5,8,8.3,1.2,,,0,0,0,0
himart,80,FEMALE,인천,,12,,9,,5.9,7,,8,,,,0,0,0,0
himart,80,FEMALE,인천,시니어,3,5,,5,4,1.6,8,0.1,8.1,8.2,,0,0,0,0
himart,80,FEMALE,인천,키즈맘_초등생,1,10,,10,,,8,,5,,,0,0,0,0
himart,80,FEMALE,전남,,3,,,,,,,,,,,,,,
himart,80,FEMALE,전남,중년_자녀동거,1,,9.1,,9.7,9.5,,,9.1,,,0,0,0,0
himart,80,FEMALE,전북,,6,,,,,,,,,,,,,,
himart,80,FEMALE,전북,중년_자녀동거,2,,9.1,,,1,,,,,,0,0,0,0
himart,80,FEMALE,전북,시니어,3,10,,10,8.3,2,,,2,,,0,0,0,0
himart,80,FEMALE,제주,중년_자녀동거,2,,9.2,,4.9,0.5,,,3,,,0,0,0,0
himart,80,FEMALE,제주,,2,,,,,,,,,,,,,,
himart,80,FEMALE,충남,중년_자녀동거,2,,,,4.9,2.5,,,,,,0,0,0,0
himart,80,FEMALE,충남,시니어,8,10,8.8,10,9.1,3.4,,,0.8,,8.6,0,0,0,0
himart,80,FEMALE,충남,,10,,,,,,,,,,,,,,
himart,80,FEMALE,충북,시니어,2,,,,7.9,1.3,,,0.6,,,0,0,0,0
himart,80,FEMALE,충북,,2,,,,,,,,,,,,,,
himart,80,MALE,,키즈맘_중학생,3,,8.7,,8,1.2,,,,,,0,0,0,0
himart,80,MALE,,중년_자녀동거,10,,8.9,,5.7,5.9,,,5.6,,,0,0,0,0
himart,80,MALE,,시니어,50,7.6,8.8,7.6,7.6,3.5,,,4.3,9.2,8.7,0,0,0,0
himart,80,MALE,,키즈맘_초등생,1,,,,8,9.5,,,9.9,,,0,0,0,0
himart,80,MALE,,키즈맘_미취학,4,10,,10,6.1,3.3,9.1,0.1,3,,,0,0,0,0
himart,80,MALE,,,103,1,8.9,1,7.9,3.4,6.4,8.9,3.2,,,0,0,0,0
himart,80,MALE,강원,,9,,9.1,,6.8,0.8,,,1.8,,,0,0,0,0
himart,80,MALE,강원,중년_자녀동거,4,,9.1,,7.4,0.7,9.1,4.9,2.1,,,0,0,0,0
himart,80,MALE,강원,시니어,3,,,,2,1.6,,,3.1,,,0,0,0,0
himart,80,MALE,경기,,47,,,,0,,6.4,,3.5,,,0,0,0,0
himart,80,MALE,경기,키즈맘_초등생,1,,8.9,,8.5,5.3,6.4,,2,9,,0,0,0,0
himart,80,MALE,경기,중년_자녀동거,7,,9,,8.5,2.9,,0.1,0.7,,,0,0,0,0
himart,80,MALE,경기,시니어,27,9.3,9.1,9.3,6.7,2.5,6.4,8,1.7,7.5,,0,0,0,0
himart,80,MALE,경기,키즈맘_미취학,1,,,,7.8,1.3,,,8.2,,,0,0,0,0
himart,80,MALE,경기,키즈맘_중학생,1,,,,8,,,,,,,0,0,0,0
himart,80,MALE,경남,키즈맘_중학생,1,10,,10,8.9,0.6,,,1.7,8.2,,0,0,0,0
himart,80,MALE,경남,,7,,,,,0.6,,,,2.8,,0,0,0,0
himart,80,MALE,경남,중년_자녀동거,1,,,,,0.6,8,,,,,0,0,0,0
himart,80,MALE,경남,시니어,4,,8.7,,5.2,1.1,,,4.1,,,0,0,0,0
himart,80,MALE,경북,시니어,5,3,8.9,3,8.2,2.5,,0.1,5.3,,,0,0,0,0
himart,80,MALE,경북,중년_자녀동거,1,,,,5.8,,,,,,,0,0,0,0
himart,80,MALE,경북,,8,,,,,,,,,,,,,,
himart,80,MALE,광주,중년_자녀동거,1,10,,10,5.4,6.6,,,8.7,,,0,0,0,0
himart,80,MALE,광주,시니어,4,,,,7.3,0.8,,,0.2,,,0,0,0,0
himart,80,MALE,광주,,8,,,,,,,,,,,,,,
himart,80,MALE,광주,키즈맘_초등생,1,,,,,,,,,,,0,0,0,0
himart,80,MALE,대구,,9,,,,,,,,,,,,,,
himart,80,MALE,대구,시니어,7,,8.7,,7.8,6.2,,,4,,,0,0,0,0
himart,80,MALE,대전,중년_자녀동거,2,,,,,6.8,,,0.7,,,0,0,0,0
himart,80,MALE,대전,,8,,,,9.9,1.3,,,,,,0,0,0,0
himart,80,MALE,대전,시니어,3,,8.8,,0.2,0.5,,,3.3,8.3,,0,0,0,0
himart,80,MALE,부산,,18,,,,7.6,0.8,,,,9.9,,0,0,0,0
himart,80,MALE,부산,키즈맘_미취학,1,,8.8,,,0.6,,,,9.9,,0,0,0,0
himart,80,MALE,부산,시니어,10,4.6,9,4.6,4.4,1.3,,,3,,,0,0,0,0
himart,80,MALE,부산,중년_자녀동거,1,,,,8.6,0.6,,,0.9,,,0,0,0,0
himart,80,MALE,서울,키즈맘_미취학,1,5,,5,2,0.6,,,,,,0,0,0,0
himart,80,MALE,서울,,36,,,,7,0.7,,,,8.3,,0,0,0,0
himart,80,MALE,서울,중년_자녀동거,4,,,,5,1.2,,,2.8,,,0,0,0,0
himart,80,MALE,서울,시니어,16,5.1,9,5.1,6.5,2.4,3.2,,1.2,,,0,0,0,0
himart,80,MALE,서울,키즈맘_중학생,1,,8.7,,,0.7,,,,,,0,0,0,0
himart,80,MALE,세종,중년_자녀동거,1,10,,10,,2.2,,0,0.1,,,0,0,0,0
himart,80,MALE,세종,,1,,,,,,,,,,,,,,
himart,80,MALE,울산,시니어,1,,8.7,,8,,6.4,,0.5,,,0,0,0,0
himart,80,MALE,울산,키즈맘_중학생,1,10,9.3,10,7.4,0.6,,,3.4,,,0,0,0,0
himart,80,MALE,울산,,3,,,,,,,,,,,,,,
himart,80,MALE,울산,중년_자녀동거,1,,,,,1.5,,,5.8,,,0,0,0,0
himart,80,MALE,인천,중년_자녀동거,3,0.1,9.1,0.1,8.2,9.2,,,0.9,,,0,0,0,0
himart,80,MALE,인천,,15,,,,,,,,,,,,,,
himart,80,MALE,인천,시니어,6,10,,10,7.5,0.6,10,,0.7,,,0,0,0,0
himart,80,MALE,전남,중년_자녀동거,2,7.6,9.1,7.6,9.6,6.7,,0.1,0.1,,,0,0,0,0
himart,80,MALE,전남,시니어,3,0,8.7,0,8,3.3,0.4,,2.8,,,0,0,0,0
himart,80,MALE,전남,,8,,9.1,,,0.6,,,1.2,,,0,0,0,0
himart,80,MALE,전북,중년_자녀동거,1,,8.8,,9.5,,,,,,,0,0,0,0
himart,80,MALE,전북,시니어,2,10,8.7,10,8,9,,,5,8.4,,0,0,0,0
himart,80,MALE,전북,,3,,,,,,,,,,,,,,
himart,80,MALE,충남,시니어,8,10,8.8,10,5.2,3.2,10,8,3.2,,,0,0,0,0
himart,80,MALE,충남,중년_자녀동거,2,,,,2,,,,,,,0,0,0,0
himart,80,MALE,충남,,11,,,,,,,,,,,,,,
himart,80,MALE,충북,,9,,,,,,,,,,,,,,
himart,80,MALE,충북,중년_자녀동거,2,10,,10,,0.7,,,3.2,,,0,0,0,0
himart,80,MALE,충북,시니어,5,,,,7.9,0.7,6.4,,0.4,,,0,0,0,0
himart,90,FEMALE,,키즈맘_중학생,1,,8.8,,8,,,,,,,0,0,0,0
himart,90,FEMALE,,시니어,1,10,8.7,10,9.7,,,,,,,0,0,0,0
himart,90,FEMALE,,,7,,9.2,,8.5,6.1,,,9.7,,,0,0,0,0
himart,90,FEMALE,강원,중년_자녀동거,1,,,,8,,,,,,,0,0,0,0
himart,90,FEMALE,강원,,2,,,,,,,,,,,,,,
himart,90,FEMALE,강원,시니어,1,,9.8,,6.6,0.5,,,,,,0,0,0,0
himart,90,FEMALE,경기,,10,,9.5,,7.6,9,,0,0.5,,,0,0,0,0
himart,90,FEMALE,경기,시니어,4,,,,5.5,3.6,,,0.8,,,0,0,0,0
himart,90,FEMALE,경남,시니어,1,,,,7.6,,,,,,,0,0,0,0
himart,90,FEMALE,경남,,1,,,,,,,,,,,,,,
himart,90,FEMALE,광주,시니어,1,,9.5,,,0.6,,,0.9,8.3,,0,0,0,0
himart,90,FEMALE,광주,,2,,,,,,,,,,,,,,
himart,90,FEMALE,대구,시니어,2,,,,7.4,3.2,8,,4.6,9.9,,0,0,0,0
himart,90,FEMALE,대구,중년_자녀동거,1,,,,8,0.8,,,1.1,,,0,0,0,0
himart,90,FEMALE,대구,,3,,,,,,,,,,,,,,
himart,90,FEMALE,서울,시니어,3,10,8.9,10,7.4,4.3,,,5.6,9,8.7,0,0,0,0
himart,90,FEMALE,서울,,4,,,,,,,,,,,,,,
himart,90,FEMALE,인천,,1,,,,,,,,,,,,,,
himart,90,FEMALE,인천,중년_자녀동거,1,10,,10,8.5,10,,8,9.9,,,0,0,0,0
himart,90,FEMALE,인천,시니어,1,10,,10,7.8,10,,0.1,9.6,,,0,0,0,0
himart,90,FEMALE,전남,,2,,,,,,,,,,,,,,
himart,90,FEMALE,전북,,1,,,,,,,,,,,,,,
himart,90,FEMALE,충남,,1,,,,,,,,,,,,,,
himart,90,MALE,,시니어,4,0,9.2,0,2,,,0.1,,,,0,0,0,0
himart,90,MALE,,,7,,,,,,,,,,,,,,
himart,90,MALE,,중년_자녀동거,2,,9.1,,7.6,1.5,10,8,,,,0,0,0,0
himart,90,MALE,경기,,4,,,,,,,,,,,,,,
himart,90,MALE,경기,시니어,3,5,9.1,5,7.9,9.2,,,9.8,8.3,,0,0,0,0
himart,90,MALE,대구,,2,,,,,,,,,,,,,,
himart,90,MALE,대구,시니어,2,,8.7,,8,9,,,2.3,,,0,0,0,0
himart,90,MALE,부산,키즈맘_초등생,1,,,,,,,,,,,0,0,0,0
himart,90,MALE,부산,,2,,,,7.9,0.5,,,,,,0,0,0,0
himart,90,MALE,서울,중년_자녀동거,1,,8.7,,9.4,0.6,,,0.5,,,0,0,0,0
himart,90,MALE,서울,시니어,1,,,,,,,,,,,0,0,0,0
himart,90,MALE,서울,,3,,,,,,,,,,,,,,
himart,90,MALE,서울,키즈맘_초등생,1,,8.8,,9.9,5.4,,,0.8,,,0,0,0,0
himart,90,MALE,인천,,1,,,,,,,,,,,,,,
himart,90,MALE,전남,,1,,,,,,,,,,,,,,
himart,90,MALE,전북,,1,,,,,,,,,,,,,,
himart,90,MALE,제주,키즈맘_중학생,1,,9.2,,5.4,0.5,,,2,,,0,0,0,0
himart,90,MALE,제주,,1,,,,,,,,,,,,,,
himart,90,MALE,제주,중년_자녀동거,1,,8.8,,8,0.7,,,1.7,,,0,0,0,0
himart,90,MALE,충남,,1,,,,,,,,,,,,,,
lge,,,,,293,9.3,4.7,9.3,3.4,1.2,,,3.7,,,0,0,0,0
lge,,,강원,,9,,,,,,,,,,,,,,
lge,,,경기,,328,10,8.1,10,,,,,,,,0,0,0,0
lge,,,경남,,20,,,,,,,,,,,,,,
lge,,,경북,,15,10,7.4,10,,1.1,,,4.4,,,0,0,0,0
lge,,,광주,,10,,,,,,,,,,,,,,
lge,,,대구,,23,,,,,,,,,,,,,,
lge,,,대전,,15,,,,,,,,,,,,,,
lge,,,부산,,137,,,,,,,,,,,,,,
lge,,,서울,,469,10,3.9,10,,1.8,,8,1.9,,,0,0,0,0
lge,,,세종,,2,,,,,,,,,,,,,,
lge,,,울산,,11,,,,,,,,,,,,,,
lge,,,인천,,48,,,,,,,,,,,,,,
lge,,,전남,,3,,,,,,,,,,,,,,
lge,,,전북,,9,,,,,,,,,,,,,,
lge,,,제주,,5,,,,,,,,,,,,,,
lge,,,충남,,18,,,,,,,,,,,,,,
lge,,,충북,,11,,,,,,,,,,,,,,
lge,00,FEMALE,,키즈맘_미취학,4,,9.9,,8.8,2,,,,,,0,0,0,0
lge,00,FEMALE,,키즈맘_중학생,7,,9.9,,5.7,,,,,,,0,0,0,0
lge,00,FEMALE,,,241,,9.9,,5.7,3,,,5.5,,,0,0,0,0
lge,00,FEMALE,,키즈맘_초등생,101,10,9.9,10,6.2,1.4,,,4.2,10,,0,0,0,0
lge,00,FEMALE,강원,,2,,,,7.9,,,,,,,0,0,0,0
lge,00,FEMALE,경기,키즈맘_초등생,7,,,,8,1.8,,,,,,0,0,0,0
lge,00,FEMALE,경기,키즈맘_중학생,1,,,,,,,,,,,0,0,0,0
lge,00,FEMALE,경기,,17,,9.9,,8,4.8,,,1.6,,,0,0,0,0
lge,00,FEMALE,경남,,8,,,,,,,,,,,,,,
lge,00,FEMALE,경남,키즈맘_초등생,2,,9.9,,3.9,1.8,,,,,,0,0,0,0
lge,00,FEMALE,경북,,4,,,,,,,,,,,,,,
lge,00,FEMALE,경북,키즈맘_초등생,3,,,,,1.8,,,,,,0,0,0,0
lge,00,FEMALE,광주,키즈맘_초등생,1,0,,0,,0.8,,,1.8,,,0,0,0,0
lge,00,FEMALE,광주,,2,,,,,,,,,,,,,,
lge,00,FEMALE,부산,키즈맘_초등생,5,,9.9,,,1.8,,,,,,0,0,0,0
lge,00,FEMALE,부산,,6,,,,,,,,,,,,,,
lge,00,FEMALE,서울,키즈맘_중학생,1,,,,,,,,,,,0,0,0,0
lge,00,FEMALE,서울,키즈맘_초등생,3,,9.9,,,,,,,,,0,0,0,0
lge,00,FEMALE,서울,,4,,,,,,,,,,,,,,
lge,00,FEMALE,울산,,4,,,,8,0.7,,,3.5,,,0,0,0,0
lge,00,FEMALE,인천,,5,,,,,,,,,,,,,,
lge,00,FEMALE,인천,키즈맘_중학생,1,,,,,,,,,,,0,0,0,0
lge,00,FEMALE,인천,키즈맘_초등생,1,,,,,0.8,,,1,,,0,0,0,0
lge,00,FEMALE,전남,키즈맘_초등생,3,,9.9,,,1.3,,,2.2,,,0,0,0,0
lge,00,FEMALE,전남,,5,,,,,,,,,,,,,,
lge,00,FEMALE,전남,키즈맘_중학생,1,10,,10,6.5,,,,,,,0,0,0,0
lge,00,FEMALE,전북,키즈맘_초등생,2,,,,0,,,,,,,0,0,0,0
lge,00,FEMALE,전북,,4,,,,,1.8,,,,,,0,0,0,0
lge,00,FEMALE,전북,키즈맘_미취학,1,,9.9,,,0.7,,,,,,0,0,0,0
lge,00,FEMALE,제주,,2,,,,,,,,,,,,,,
lge,00,FEMALE,제주,키즈맘_초등생,1,,,,,,,,,,,0,0,0,0
lge,00,FEMALE,충남,,2,,,,,,,,,,,,,,
lge,00,FEMALE,충남,키즈맘_초등생,1,,9.9,,3.5,,,,,,,0,0,0,0
lge,00,FEMALE,충북,,2,,,,,,,,,,,,,,
lge,00,FEMALE,충북,키즈맘_초등생,2,,9.9,,7.9,1.8,,,,,,0,0,0,0
lge,00,MALE,,키즈맘_중학생,13,10,9.9,10,7.7,1.8,6.4,,3.5,,,0,0,0,0
lge,00,MALE,,키즈맘_초등생,75,,9.9,,5,1.7,,,1.8,,,0,0,0,0
lge,00,MALE,,,220,,9.9,,4.8,1.1,,,,,,0,0,0,0
lge,00,MALE,,키즈맘_미취학,2,,9.9,,8,1.8,,,,,,0,0,0,0
lge,00,MALE,강원,,2,,,,,,,,,,,,,,
lge,00,MALE,경기,키즈맘_초등생,5,,,,7.7,2.9,,,8.9,,,0,0,0,0
lge,00,MALE,경기,,13,,9.9,,8,,,,,,,0,0,0,0
lge,00,MALE,경남,키즈맘_초등생,4,10,9.9,10,8.8,2.5,,8,0.2,,,0,0,0,0
lge,00,MALE,경남,,6,,,,,,,,,,,,,,
lge,00,MALE,경북,키즈맘_초등생,1,,,,0,,,,,,,0,0,0,0
lge,00,MALE,경북,,7,,,,,,,,,,,0,0,0,0
lge,00,MALE,광주,,2,,,,,,,,,,,,,,
lge,00,MALE,대구,,4,,,,,,,,,,,,,,
lge,00,MALE,대구,키즈맘_초등생,1,,,,,,,,,,,0,0,0,0
lge,00,MALE,대전,키즈맘_초등생,2,,,,,,,,,,,0,0,0,0
lge,00,MALE,대전,,2,,,,,,,,,,,,,,
lge,00,MALE,부산,,1,,,,,,,,,,,,,,
lge,00,MALE,부산,키즈맘_초등생,1,,,,,,,,,,,0,0,0,0
lge,00,MALE,서울,키즈맘_초등생,3,,,,,,,,,,,0,0,0,0
lge,00,MALE,서울,,4,,,,,,,,,,,0,0,0,0
lge,00,MALE,울산,,1,,,,,,,,,,,,,,
lge,00,MALE,울산,키즈맘_초등생,2,,,,,,,,,,,0,0,0,0
lge,00,MALE,인천,,2,,,,,,,,,,,,,,
lge,00,MALE,인천,키즈맘_초등생,1,10,,10,9.7,1.7,,,0.2,10,,0,0,0,0
lge,00,MALE,전남,키즈맘_중학생,2,,9.9,,,,,,,,,0,0,0,0
lge,00,MALE,전남,,4,,,,,,,,,,,,,,
lge,00,MALE,전북,키즈맘_미취학,1,,,,8,0.8,8.4,,2.9,,,0,0,0,0
lge,00,MALE,전북,키즈맘_초등생,2,10,9.9,10,5.5,1.3,,,1.3,,,0,0,0,0
lge,00,MALE,전북,,5,,,,,,,,,,,,,,
lge,00,MALE,제주,,2,,,,,,,,,,,,,,
lge,00,MALE,충남,,4,,9.9,,7.9,,,,,,,0,0,0,0
lge,00,MALE,충남,키즈맘_초등생,1,,,,9.7,0.8,,,0.1,,,0,0,0,0
lge,00,MALE,충북,,2,,,,,,,,,,,,,,
lge,10,FEMALE,,키즈맘_중학생,859,7.2,7.9,7.2,5.2,1.2,8.3,3.1,3.8,5.9,,2.3,2.3,0.5,1.3
lge,10,FEMALE,,키즈맘_초등생,240,7.6,7.9,7.6,5.5,1.6,4.3,6.9,4.2,9.8,,2.1,2,0.5,1.1
lge,10,FEMALE,,중년_자녀동거,576,7,7.8,7,5.2,1.7,6.2,4.2,4.8,7.2,9.1,12.8,12.5,2.9,7
lge,10,FEMALE,,,3333,7,7.9,7,5,1.3,8,3.9,4.1,9.6,,5.8,4.5,1.9,2.4
lge,10,FEMALE,강원,키즈맘_중학생,69,7.5,7.9,7.5,3.9,1.3,,0.8,5.2,,,1.7,1.8,0.4,0.8
lge,10,FEMALE,강원,키즈맘_초등생,19,10,7.7,10,3.5,0.5,,,,,,2.7,2.7,0.8,1.4
lge,10,FEMALE,강원,중년_자녀동거,28,6,7.8,6,5.3,3.6,,4.2,7.9,,,13.4,13.9,3,7
lge,10,FEMALE,강원,,194,10,7.9,10,4.1,2.3,,,6.7,,,5.9,4.7,2,2.4
lge,10,FEMALE,경기,키즈맘_중학생,536,7.2,7.8,7.2,4.5,1.4,8,3.6,3.4,9.6,,2,1.9,0.5,1.1
lge,10,FEMALE,경기,키즈맘_초등생,168,6.6,7.8,6.6,5.3,1.5,8,1.3,4.3,,,2.9,2.8,0.7,1.6
lge,10,FEMALE,경기,중년_자녀동거,257,7.2,7.8,7.2,4.8,1.8,8.4,3.3,4.7,3.1,,14.9,14.8,3.5,7.9
lge,10,FEMALE,경기,,1699,8.7,7.8,8.7,5.4,1.6,,4,3.9,,,4.4,3.5,1.4,1.9
lge,10,FEMALE,경남,키즈맘_초등생,44,4.7,7.7,4.7,5.4,1.5,,,2.8,,,2.5,2.3,0.7,1.2
lge,10,FEMALE,경남,중년_자녀동거,88,6.7,7.8,6.7,4.3,1.3,8,8.4,4.2,,,14,13.8,3.4,7.4
lge,10,FEMALE,경남,,580,7.3,7.9,7.3,4.5,1.7,,8,6.4,,,7.6,6,2.5,3.2
lge,10,FEMALE,경남,키즈맘_중학생,178,7.9,7.8,7.9,4,1.2,8,5.1,3.7,,,1.4,1.5,0.3,0.8
lge,10,FEMALE,경북,중년_자녀동거,36,6.7,7.7,6.7,5.4,1.9,,,6.1,,9.2,12.2,12.1,3.3,6.4
lge,10,FEMALE,경북,키즈맘_초등생,23,7.5,7.9,7.5,4.1,1.6,0.1,0,5.6,,,1.7,1.8,0.4,1
lge,10,FEMALE,경북,키즈맘_중학생,105,9,7.9,9,4.6,1.1,,5.3,6.3,,,1.7,1.7,0.4,0.9
lge,10,FEMALE,경북,,326,6.5,7.9,6.5,6.2,1,,0,3.8,,,11.3,8.2,3.9,4.4
lge,10,FEMALE,광주,키즈맘_초등생,14,,8,,4.8,2.3,,0,4.9,,,2.6,2.7,0.6,0.9
lge,10,FEMALE,광주,키즈맘_중학생,51,7.5,7.8,7.5,4.7,0.8,,0.8,2.9,,,3.4,3.3,0.8,1.9
lge,10,FEMALE,광주,,164,5.7,7.7,5.7,8,0.6,,0,1.4,,,1.4,0.7,0.7,0.5
lge,10,FEMALE,광주,중년_자녀동거,28,10,7.9,10,4.6,1.7,,8.5,6.3,0.2,,14.7,14.3,4,7.9
lge,10,FEMALE,대구,키즈맘_중학생,77,8.7,7.9,8.7,5.1,0.8,,2.9,2.8,9.6,,3.3,3.2,0.8,1.7
lge,10,FEMALE,대구,키즈맘_초등생,20,10,7.9,10,4.9,0.3,,,,,,0,0,0,0
lge,10,FEMALE,대구,,237,6.7,8.1,6.7,2.8,1,,0,8.1,,,3.5,1.7,1.7,1.4
lge,10,FEMALE,대구,중년_자녀동거,32,8.1,7.8,8.1,4.1,1.1,,8.6,2.9,,,14.8,14.7,3.3,8.5
lge,10,FEMALE,대전,키즈맘_초등생,11,4.1,7.7,4.1,7.8,0.8,,,4.5,,,1.3,0.9,0.4,0.9
lge,10,FEMALE,대전,키즈맘_중학생,63,5.3,8,5.3,3.9,1.2,,8,3.2,,9.1,0.7,0.7,0.1,0.4
lge,10,FEMALE,대전,,196,2.1,7.7,2.1,0,0.8,,,0.1,,,6.4,3.5,2.5,2.1
lge,10,FEMALE,대전,중년_자녀동거,30,7.9,8,7.9,6.5,1.7,8.5,8.9,2.4,,,13.3,13.1,2.6,8.2
lge,10,FEMALE,부산,,628,10,7.9,10,4.8,1.4,,8,5.7,,,4.1,3.3,1.4,1.8
lge,10,FEMALE,부산,키즈맘_초등생,40,5,7.7,5,6.4,1.4,,0,3.2,,,1.4,1.1,0.3,1.1
lge,10,FEMALE,부산,키즈맘_중학생,178,7.5,7.9,7.5,4.6,1.2,8,2.8,3.6,0.1,,3.1,3,0.7,1.5
lge,10,FEMALE,부산,중년_자녀동거,75,7.8,7.8,7.8,5.1,1,8.3,3.1,3.1,9.6,,15.3,14.7,4,8
lge,10,FEMALE,서울,중년_자녀동거,91,8.3,7.8,8.3,5.7,1.6,,9.7,4.1,2.1,,13.8,13.3,3.1,7.6
lge,10,FEMALE,서울,키즈맘_초등생,29,7.5,8,7.5,7.2,2.2,8.8,0,3.7,,,2.9,3,0.6,1.5
lge,10,FEMALE,서울,키즈맘_중학생,179,7,7.8,7,5.3,1.4,8,2.1,3.3,2.1,9.2,2.2,2,0.5,1.2
lge,10,FEMALE,서울,,534,9.2,8.2,9.2,6.1,1.7,8,4.9,4.4,9.6,,9.7,7.4,3.1,3.9
lge,10,FEMALE,세종,중년_자녀동거,7,10,7.8,10,6.3,0.6,,8,0.5,,,13.7,13.3,3.6,7.7
lge,10,FEMALE,세종,키즈맘_초등생,1,,,,2.8,,,,,,,0,0,0,0
lge,10,FEMALE,세종,키즈맘_중학생,15,7.6,7.7,7.6,4.2,1.9,,,6.9,,,0.6,0.5,0,0.4
lge,10,FEMALE,세종,,56,7.1,7.5,7.1,8,0.7,,,0.3,,,0,0,0,0
lge,10,FEMALE,울산,중년_자녀동거,23,7.5,7.7,7.5,5.6,2.2,,8,6,,,12.9,12.1,2.8,7.6
lge,10,FEMALE,울산,,200,,8.3,,6.4,0.6,,0,3.1,,,2,0.7,0.9,0.8
lge,10,FEMALE,울산,키즈맘_초등생,16,8.4,8.1,8.4,3.6,0.5,,0,1.1,,,1.4,1.4,0.1,1.4
lge,10,FEMALE,울산,키즈맘_중학생,65,6.7,7.9,6.7,4.5,1.1,,0,3.2,,,1.7,1.4,0.4,0.9
lge,10,FEMALE,인천,키즈맘_초등생,35,10,7.9,10,5.2,2.3,,5.3,4.8,9.7,,1,0.9,0.1,0.7
lge,10,FEMALE,인천,중년_자녀동거,77,5.6,7.7,5.6,5.9,1.7,8,8.3,4.2,9.9,,13.4,12.7,3.1,7.5
lge,10,FEMALE,인천,,464,7.2,8.2,7.2,6.1,1.4,,4.8,5.6,9.9,,6.9,5.7,2.1,3
lge,10,FEMALE,인천,키즈맘_중학생,139,7.9,7.9,7.9,5.7,1.5,,4.4,4.4,9.6,,0.9,1,0.2,0.5
lge,10,FEMALE,전남,키즈맘_초등생,16,10,7.7,10,3.4,0.4,,,0.5,,,3.5,3.2,0.8,2.2
lge,10,FEMALE,전남,키즈맘_중학생,64,8.3,7.9,8.3,5.3,1.6,8,2.9,5.1,,,3.8,3.8,0.8,2.1
lge,10,FEMALE,전남,중년_자녀동거,25,7.8,7.7,7.8,3.6,1.2,,,4.8,,,6.6,5.9,1.3,4.3
lge,10,FEMALE,전남,,168,7,7.8,7,8,0.9,,,4.5,,,15.3,13.8,4.4,7.3
lge,10,FEMALE,전북,,232,7.4,7.8,7.4,5.2,0.8,,,1.9,,,9.5,9.5,2.2,4.7
lge,10,FEMALE,전북,중년_자녀동거,40,6.2,7.7,6.2,4.7,1.5,,,5.4,,,15,14.5,3.8,8.2
lge,10,FEMALE,전북,키즈맘_중학생,78,5.9,7.8,5.9,5.5,1.2,,0,3.8,,,2.2,2,0.6,1.2
lge,10,FEMALE,전북,키즈맘_초등생,13,10,7.6,10,5.4,0.5,,,4.7,,,1.9,1.9,0.4,1.4
lge,10,FEMALE,제주,중년_자녀동거,14,10,7.9,10,6.2,1.2,,8.9,3.3,,,15.8,15.1,4.1,7.9
lge,10,FEMALE,제주,키즈맘_초등생,9,0,8,0,6.6,0.7,,0,1.3,,,3.6,3.8,0.9,1.7
lge,10,FEMALE,제주,키즈맘_중학생,39,10,8.2,10,4.7,0.7,0,0,3.3,,,2.4,2.6,0.6,1.2
lge,10,FEMALE,제주,,107,10,7.7,10,7.3,1,,,0.8,,,0,0,0,0
lge,10,FEMALE,충남,키즈맘_중학생,111,6.7,7.9,6.7,5.6,0.9,4,1.4,2.6,,,2,2,0.4,1.3
lge,10,FEMALE,충남,키즈맘_초등생,24,7.5,7.6,7.5,7.1,1.2,,,1.8,,,3.5,3.3,0.9,1.6
lge,10,FEMALE,충남,중년_자녀동거,48,6.4,7.9,6.4,5.9,2.3,8,2.9,4.8,,9.2,14.8,14.8,3.5,8
lge,10,FEMALE,충남,,341,5,8,5,4.6,2.5,0,0,5.5,,,4.6,3.8,1.3,2.1
lge,10,FEMALE,충북,중년_자녀동거,26,10,7.8,10,4.4,1.9,,0,5,9.6,,12,11.1,2.7,6.2
lge,10,FEMALE,충북,키즈맘_중학생,60,5.8,8,5.8,4.7,1.8,8,2,3.3,,,1.5,1.6,0.4,0.8
lge,10,FEMALE,충북,,239,10,8.4,10,5.1,0.4,,0,,,,12.9,10.6,4,5.4
lge,10,FEMALE,충북,키즈맘_초등생,18,,7.7,,6.9,0.8,,8.3,2.2,,,0.5,0.4,0.1,0.4
lge,10,MALE,,중년_자녀동거,577,7.1,7.8,7.1,5.5,1,3.2,4.4,2.3,6.5,9.2,14.9,16.8,3.1,8.2
lge,10,MALE,,키즈맘_초등생,219,8.2,7.8,8.2,5.2,1.1,6.4,2.8,2.7,9.6,,3.2,3.4,0.8,1.6
lge,10,MALE,,,2945,6.3,7.8,6.3,5.6,0.9,6.4,0.9,1.4,9.6,,8.9,7.8,2.4,3.8
lge,10,MALE,,키즈맘_중학생,785,7.6,7.9,7.6,5.3,0.9,6.9,5.2,2.7,9.6,,2.6,2.9,0.5,1.4
lge,10,MALE,강원,,140,10,7.7,10,5.2,2.7,,,9.8,,,14.6,12.4,3.8,5.3
lge,10,MALE,강원,중년_자녀동거,19,7.5,7.7,7.5,6.5,0.8,,,5.9,,,13.9,14,3.1,6.6
lge,10,MALE,강원,키즈맘_초등생,16,,7.7,,6.6,0.8,,,3.2,,,7.3,8.2,1.3,4.4
lge,10,MALE,강원,키즈맘_중학생,43,10,7.9,10,4.9,0.6,,0,0.9,,,2.8,2.9,0.6,1.2
lge,10,MALE,경기,키즈맘_초등생,124,8.2,7.8,8.2,5.3,1.2,,,1.9,9.6,,3.7,4.1,0.7,1.9
lge,10,MALE,경기,중년_자녀동거,267,6.5,7.8,6.5,5.2,0.9,3.2,2.8,2.8,7.3,,15.8,17.9,3.2,8.7
lge,10,MALE,경기,키즈맘_중학생,546,6.9,7.8,6.9,5.5,1.1,5.4,5.5,2.7,9.6,9.2,2.4,2.6,0.5,1.3
lge,10,MALE,경기,,1623,8.9,7.8,8.9,6.5,1.3,6.4,2.7,3.4,,,8.3,6.6,2.4,3.4
lge,10,MALE,경남,키즈맘_중학생,161,7.6,7.7,7.6,4.8,1.1,6.4,8,2.3,0,,1.6,1.8,0.3,0.9
lge,10,MALE,경남,,463,9.1,7.7,9.1,3.6,0.8,,,2.9,,,9.8,7.8,2.9,4
lge,10,MALE,경남,중년_자녀동거,70,6.2,7.7,6.2,5.5,1.4,,0,3.6,,,14.4,15.9,3.1,7.9
lge,10,MALE,경남,키즈맘_초등생,31,10,7.7,10,3.7,1.8,,,4.1,7.3,,3.4,3.4,0.8,1.7
lge,10,MALE,경북,키즈맘_초등생,28,10,7.8,10,7.5,1.2,,8.9,3.6,,,1.2,1.7,0.1,0.7
lge,10,MALE,경북,중년_자녀동거,35,5.6,7.8,5.6,5.6,1,6.4,,1.1,,,11.1,13.3,2.1,6.5
lge,10,MALE,경북,키즈맘_중학생,106,7.5,7.8,7.5,4.6,1.2,,5.1,2.8,,,1.4,1.6,0.2,0.8
lge,10,MALE,경북,,290,10,8,10,3.3,0.4,,,2.8,,,7.7,6.7,2.2,3.5
lge,10,MALE,광주,키즈맘_초등생,12,7,7.5,7,4.2,1,,,0.5,,,2.1,2.9,0.2,1.6
lge,10,MALE,광주,키즈맘_중학생,63,7.7,7.8,7.7,5.3,0.8,6.4,0,1.3,,,2.1,2.7,0.4,1.3
lge,10,MALE,광주,중년_자녀동거,34,5.1,7.8,5.1,4.9,0.8,,,2,,,11.4,12.6,2.2,6.6
lge,10,MALE,광주,,184,7.1,7.7,7.1,3.2,1.5,,,5.9,,,5,5.2,1.2,2.7
lge,10,MALE,대구,,178,10,7.7,10,3.8,0.6,,0.1,3.2,,,16.3,14.9,4.7,7.3
lge,10,MALE,대구,중년_자녀동거,29,7.4,7.7,7.4,7,1.7,,8,2.2,,,14.5,16.7,2.6,8.6
lge,10,MALE,대구,키즈맘_중학생,61,6.5,7.7,6.5,4.4,1.1,,0,4.6,,,1,1,0.2,0.5
lge,10,MALE,대구,키즈맘_초등생,13,10,7.7,10,5.5,0.7,,,2.1,,,2.6,2.5,0.6,1.1
lge,10,MALE,대전,,143,6.8,7.7,6.8,0,0.5,,,,,,3.5,2.6,1,1.2
lge,10,MALE,대전,키즈맘_초등생,15,0,7.6,0,2.8,0.8,,,2.2,,,2,2.2,0.2,1.4
lge,10,MALE,대전,중년_자녀동거,27,4.1,7.7,4.1,5.4,0.5,,0,0.9,,,19,19.8,4.2,9.6
lge,10,MALE,대전,키즈맘_중학생,40,8.6,7.6,8.6,4.4,0.8,,8,1.4,,,0.8,1,0.2,0.3
lge,10,MALE,부산,키즈맘_초등생,36,5,7.8,5,6.3,1.2,,,2.8,,,2.7,2.9,0.4,1.4
lge,10,MALE,부산,키즈맘_중학생,161,7.2,7.8,7.2,5.6,0.9,,5.3,2.4,,9.1,2.5,3,0.5,1.6
lge,10,MALE,부산,중년_자녀동거,56,6.5,7.8,6.5,4.7,0.9,9,4,2,0.1,,14.9,15.9,3.2,8.2
lge,10,MALE,부산,,534,7.7,7.7,7.7,4.5,1,,0,2.9,,,9.7,7.6,2.8,4.1
lge,10,MALE,서울,중년_자녀동거,103,6.8,7.7,6.8,5.9,0.7,4.9,6.3,2.9,,,15.6,17.7,3.1,9
lge,10,MALE,서울,키즈맘_초등생,22,5,7.9,5,5.7,1.9,,,1.9,,,2.8,3.1,0.8,1.1
lge,10,MALE,서울,,488,8.9,7.8,8.9,6.1,0.7,,,1.2,,,6.9,5.4,2.1,2.6
lge,10,MALE,서울,키즈맘_중학생,156,6.3,7.8,6.3,4.8,1,1.5,4,2.9,0.1,,3.1,3.4,0.7,1.7
lge,10,MALE,세종,,47,,,,,,,,,,,,,,
lge,10,MALE,세종,중년_자녀동거,5,0,7.8,0,5.5,0.7,,,0.5,,,17,17.5,4.1,8.5
lge,10,MALE,세종,키즈맘_초등생,2,,7.9,,,1.9,,,8.1,,,0,0,0,0
lge,10,MALE,세종,키즈맘_중학생,20,8.9,7.8,8.9,6.1,1.1,,,2.5,,,2.7,3,0.5,1.4
lge,10,MALE,울산,키즈맘_초등생,10,10,7.9,10,6.8,0.9,,0.1,0.6,,,5.6,6.1,1.2,2.9
lge,10,MALE,울산,중년_자녀동거,27,3.3,7.7,3.3,6.2,1.1,6.4,0,3.3,,,18.3,20.4,3.7,9.5
lge,10,MALE,울산,,189,5,7.7,5,6.6,0.6,,,,,,5.4,4.6,1.5,2.2
lge,10,MALE,울산,키즈맘_중학생,70,6.9,7.7,6.9,5.8,1,,0,2.5,,9.1,4.9,5.5,1.1,2.4
lge,10,MALE,인천,중년_자녀동거,57,7,7.8,7,4.8,2.8,0.6,4,3.5,9.6,,17.1,18.3,3.5,8.9
lge,10,MALE,인천,키즈맘_초등생,42,6.3,7.8,6.3,5.3,0.9,,4,5.1,,,3.9,3.9,0.9,2.1
lge,10,MALE,인천,,393,0.7,7.6,0.7,5.2,1.2,,,2.2,,,6,5.8,1.6,2.9
lge,10,MALE,인천,키즈맘_중학생,124,6.2,7.8,6.2,4.8,1.1,6.4,4,3,,,2.2,2.3,0.4,1.1
lge,10,MALE,전남,,186,10,8,10,4.4,0.4,,,,,,7.8,6.8,2.2,3.4
lge,10,MALE,전남,키즈맘_초등생,14,6.2,7.7,6.2,2.4,1.1,,,0.9,,,2.6,2.7,0.7,0.8
lge,10,MALE,전남,키즈맘_중학생,69,7.7,8,7.7,5.2,1.2,,0,3.9,4.9,,3.5,3.5,0.8,1.6
lge,10,MALE,전남,중년_자녀동거,24,4,7.8,4,5.3,1.1,,8.9,3.5,,,12.4,14.1,2.2,7.7
lge,10,MALE,전북,,240,8,7.7,8,5.8,0.5,6.4,,3.1,,,7.7,6.6,2,3.5
lge,10,MALE,전북,키즈맘_초등생,15,8.6,7.8,8.6,5.9,0.5,,,2.1,,,1.8,2.2,0.1,1.2
lge,10,MALE,전북,중년_자녀동거,48,7.2,7.7,7.2,4.1,1.2,,8,1.3,,,13.8,15.4,2.8,7.6
lge,10,MALE,전북,키즈맘_중학생,87,6.1,7.7,6.1,5.1,0.9,9.1,0.1,0.7,,9.1,2.9,3.1,0.5,1.7
lge,10,MALE,제주,중년_자녀동거,12,3.9,7.7,3.9,5,3.8,,,5.7,,,11,11.6,2.5,5.7
lge,10,MALE,제주,키즈맘_중학생,42,8.2,7.8,8.2,5.1,0.9,,4,2.1,,,2.5,2.9,0.6,1.3
lge,10,MALE,제주,키즈맘_초등생,11,10,8,10,8.5,1.1,,,3.5,,,3.4,3.4,0.8,1.8
lge,10,MALE,제주,,107,10,8,10,4.3,1.9,,,8.5,,,11.8,11.4,3,5.3
lge,10,MALE,충남,중년_자녀동거,48,7,7.9,7,5.8,0.9,,5.9,2.6,,,15.1,16.9,2.9,8.6
lge,10,MALE,충남,키즈맘_중학생,86,6.9,7.7,6.9,5.5,1.6,6.4,6.6,3.9,,,1.7,1.7,0.4,0.9
lge,10,MALE,충남,키즈맘_초등생,20,10,7.8,10,5.3,1,,8,5.2,,,1.4,1.4,0.1,1.1
lge,10,MALE,충남,,256,10,8,10,3.4,1,,,3.1,,,8.9,8.6,2.6,4.3
lge,10,MALE,충북,키즈맘_중학생,56,8.8,7.8,8.8,5.8,1.2,,,4.9,,,2.8,3.3,0.5,1.7
lge,10,MALE,충북,키즈맘_초등생,21,,7.9,,5,0.5,,,,,,1.3,1.3,0.2,0.8
lge,10,MALE,충북,,177,10,8.7,10,6.5,0.9,,,1.6,,,0,0,0,0
lge,10,MALE,충북,중년_자녀동거,28,10,7.7,10,6.2,1.1,,,3.4,2.9,,13.6,14.9,2.5,8
lge,100,FEMALE,대구,,1,,,,,,,,,,,,,,
lge,100,FEMALE,서울,,1,,,,,,,,,,,0,0,0,0
lge,100,FEMALE,전남,중년_자녀동거,1,,9.1,,7.6,2.9,,,4.6,,,0,0,0,0
lge,100,FEMALE,전남,,1,,,,,,,,,,,,,,
lge,100,MALE,,,1,,8.7,,9.1,0.6,,,,,,0,0,0,0
lge,20,FEMALE,,키즈맘_초등생,78,8.1,7.1,8.1,5.7,4.2,,5.5,7,8.9,7.5,19.3,17.5,4.7,10.6
lge,20,FEMALE,,키즈맘_중학생,142,7.6,7.1,7.6,6.2,3.3,8,6.1,6.7,,,19.2,18.4,4.5,10.8
lge,20,FEMALE,,키즈맘_미취학,198,7.6,7.2,7.6,6.4,4.8,5,4.9,6.3,8.5,7.8,22.3,21.2,5.5,11.9
lge,20,FEMALE,,2인가구,71,8.6,7.1,8.6,6.4,4.5,,8.1,7.4,8,,19.3,18.4,4.5,10.9
lge,20,FEMALE,,,6121,7.8,7.2,7.8,6.1,4.5,7.3,5.6,6.5,6.2,7.8,23.1,20.5,6.5,11.2
lge,20,FEMALE,,1인가구,617,8,7.2,8,6.3,5.1,7.4,5.3,7.1,6.1,7.6,22.9,22.7,5.6,12.2
lge,20,FEMALE,,중년_자녀동거,1558,7.5,7.1,7.5,6.2,3.8,7,5.5,6.4,5.9,7.7,20.6,19.8,5,11.2
lge,20,FEMALE,강원,키즈맘_초등생,5,6.5,6.3,6.5,8.5,7,,,9.6,,,11.2,8.3,2.7,8.4
lge,20,FEMALE,강원,,292,7.4,7.3,7.4,5.5,5.9,8,6.2,7.2,1.9,7.7,25.6,22.3,7.5,12.1
lge,20,FEMALE,강원,키즈맘_미취학,16,8.6,7.3,8.6,5.7,6.2,8,0,6.4,,7.5,27.2,27.1,6.6,13.2
lge,20,FEMALE,강원,1인가구,25,7.2,7.2,7.2,5.4,5.3,8,8,6.9,,7.6,23.4,22.6,5.9,11.7
lge,20,FEMALE,강원,키즈맘_중학생,8,6.4,6.5,6.4,5.9,3.8,,,6.8,,,17.6,17.5,3.3,11.6
lge,20,FEMALE,강원,중년_자녀동거,79,7.5,7.1,7.5,6,3.6,8,5,6.9,,,21,19.6,5.3,11
lge,20,FEMALE,강원,2인가구,2,10,6.3,10,8.2,9.4,,,6.4,,,19.8,17,6.4,9.7
lge,20,FEMALE,경기,중년_자녀동거,930,7.4,7.1,7.4,6.2,3.9,8.1,5.7,6.5,5.2,7.8,21,19.9,5.2,11.2
lge,20,FEMALE,경기,키즈맘_중학생,84,7.4,7.1,7.4,5.5,3,8,6.5,6.1,,8,19.3,19,4.3,10.6
lge,20,FEMALE,경기,키즈맘_초등생,49,8.2,7.2,8.2,6.8,4.3,8,9.1,6.4,8.1,,20.9,19.8,5.3,10.7
lge,20,FEMALE,경기,키즈맘_미취학,129,8,7.2,8,7,5.1,4.3,4.2,6.5,6.4,7.6,22.8,21.7,5.7,11.9
lge,20,FEMALE,경기,,3174,7.7,7.1,7.7,6.4,5.1,7.4,5.9,6.4,6,7.6,24.5,21,7.2,11.6
lge,20,FEMALE,경기,1인가구,319,8.6,7.2,8.6,6.2,5.6,8,3.9,6.9,6.4,7.7,21.7,20.9,5.4,11.6
lge,20,FEMALE,경기,2인가구,52,8.2,7.4,8.2,6,6.3,8,4.9,7.4,8,,23.2,22.3,5.7,12.4
lge,20,FEMALE,경남,키즈맘_초등생,13,8.7,7,8.7,7.2,3.3,,,5.5,8,,21.2,19,4.9,11.6
lge,20,FEMALE,경남,키즈맘_미취학,45,6.6,7.1,6.6,6.2,6.1,,0,6.8,8.1,7.8,21,18.9,5.2,11.2
lge,20,FEMALE,경남,1인가구,109,7.6,7.4,7.6,5.8,5.7,5.3,6,7,6.5,7.6,23.9,23.4,6.2,12
lge,20,FEMALE,경남,키즈맘_중학생,17,5,7,5,5.5,2.8,,8,6.6,,,18.9,18.4,4.8,9.8
lge,20,FEMALE,경남,중년_자녀동거,226,6.9,7,6.9,5.8,4.1,8,5.3,6.6,6,7.5,20.4,19.3,5,11.2
lge,20,FEMALE,경남,,826,8.5,7.1,8.5,6,4.9,8,4.4,6.5,5.4,7.6,25.7,22.8,7.7,12
lge,20,FEMALE,경남,2인가구,14,9,7.3,9,5.9,6.5,,0,7.3,,7.7,24.7,25.1,5.9,12.9
lge,20,FEMALE,경북,,536,7.6,7,7.6,5.6,4.8,8,8.4,7,8,7.5,21.6,17.2,6.6,10.1
lge,20,FEMALE,경북,키즈맘_미취학,26,9.7,7.1,9.7,6.7,5.8,,4.7,7.5,,,20.1,17.9,5.4,10.8
lge,20,FEMALE,경북,키즈맘_초등생,8,10,6.9,10,3.3,3.8,,,6.9,,7.6,21.2,19.6,6.1,11.2
lge,20,FEMALE,경북,중년_자녀동거,109,6.9,6.9,6.9,5.4,3.1,0,6.7,6.5,2.9,7.6,21.2,20.2,4.9,11.9
lge,20,FEMALE,경북,1인가구,99,7.9,7.2,7.9,6.3,4.8,8,0,6.8,8.5,,23.9,23.5,5.9,12.7
lge,20,FEMALE,경북,2인가구,10,9.1,7.4,9.1,5.2,3.5,,0,5,,,24.8,25.5,6.6,12
lge,20,FEMALE,경북,키즈맘_중학생,11,3.3,7.3,3.3,6.8,3.3,,5.7,7.8,,,25.1,24.6,5.9,13.7
lge,20,FEMALE,광주,키즈맘_미취학,29,7.2,7.3,7.2,6.5,5.1,,8.6,5.9,,8.4,22.6,21.8,5.6,11.8
lge,20,FEMALE,광주,중년_자녀동거,102,7.2,7.2,7.2,6.5,4,10,5.6,6.5,4.1,7.6,19.6,17.8,4.7,10.7
lge,20,FEMALE,광주,키즈맘_중학생,11,10,7.4,10,7.3,4.3,,8,8.6,,,24.4,23.6,6.7,11.8
lge,20,FEMALE,광주,,382,7.5,7,7.5,6.1,5.2,4.4,5.8,6.1,8.1,8.1,23,17.9,7.3,10.7
lge,20,FEMALE,광주,1인가구,44,7.5,7.2,7.5,6,5.4,8,5.1,6.8,8,7.5,19.6,19.2,4.7,11.2
lge,20,FEMALE,광주,2인가구,4,5,6.4,5,8.9,5.3,,,6.2,,,17.5,13.5,4.9,9.3
lge,20,FEMALE,광주,키즈맘_초등생,2,10,7.6,10,7.6,9,,,1.1,,,33.6,35,8.5,16
lge,20,FEMALE,대구,,403,7.8,7.2,7.8,6.2,4.6,10,4.5,6.2,9.9,7.7,24.4,20.3,7.2,11.3
lge,20,FEMALE,대구,중년_자녀동거,117,8.1,7.2,8.1,6.1,4.4,5.2,4.4,6.5,4.7,8.3,21.6,21.5,5.1,11.5
lge,20,FEMALE,대구,1인가구,32,6.9,7,6.9,6.2,6,,4.6,7.5,,,20.3,19,4.9,11.5
lge,20,FEMALE,대구,키즈맘_미취학,14,8.8,7,8.8,6.5,6,4,8.6,6.6,,,22.6,21.8,4.6,13.2
lge,20,FEMALE,대구,키즈맘_중학생,11,10,6.9,10,3.8,3.1,,,7.9,,,22.2,21.4,5,11
lge,20,FEMALE,대구,2인가구,5,10,7.4,10,6,5,,0,8.1,2.9,,21.5,20.2,6.2,10.5
lge,20,FEMALE,대구,키즈맘_초등생,4,10,7,10,8.3,3.1,,,6.8,,,13.9,10.6,1.3,9.5
lge,20,FEMALE,대전,키즈맘_미취학,13,4.4,7.5,4.4,6,5.7,,0,6.8,5.3,,25.8,23.7,6.7,13.1
lge,20,FEMALE,대전,,446,7.6,7.2,7.6,5.8,4.9,8,0,6.8,7,,26.2,21.2,8.3,12.2
lge,20,FEMALE,대전,1인가구,47,8.2,7.2,8.2,6.4,5.4,8,6.6,7.3,,,20.5,18.9,5.1,10.9
lge,20,FEMALE,대전,2인가구,4,10,7.4,10,4,8.7,,,7.6,,,17,16.8,3,10.7
lge,20,FEMALE,대전,키즈맘_중학생,9,3.1,6.8,3.1,3.7,5,,,7.4,,8.2,14.8,13,2.8,10.2
lge,20,FEMALE,대전,중년_자녀동거,126,8.6,7,8.6,5.3,4.1,9,5.8,7,8,7.5,21.1,20.2,5.3,11.4
lge,20,FEMALE,대전,키즈맘_초등생,7,10,6.4,10,3.8,5.8,,,7.6,,,16.8,14.5,2.9,10.4
lge,20,FEMALE,부산,,930,7.5,7.2,7.5,6.1,5.5,8,6.2,6.7,6.5,,23.8,20.9,6.9,11.5
lge,20,FEMALE,부산,키즈맘_중학생,29,8.3,7.1,8.3,5.7,3.2,,4,7,,,16.3,15.6,3.7,9.8
lge,20,FEMALE,부산,중년_자녀동거,259,7.5,7.1,7.5,6.1,4.2,6.4,3.7,6.7,8.2,7.7,21.3,20.3,5.2,11.3
lge,20,FEMALE,부산,키즈맘_초등생,9,7.3,7.1,7.3,7,2,,0,6.8,,,23.5,23.9,6,12.9
lge,20,FEMALE,부산,2인가구,9,5,7.6,5,4.9,3.6,,0,6,8.9,,25.4,23.6,6.4,13
lge,20,FEMALE,부산,1인가구,98,7.6,7.3,7.6,6.6,4.9,8,4,6.8,6.6,7.6,21.8,20.6,5.6,11.6
lge,20,FEMALE,부산,키즈맘_미취학,42,6.5,7,6.5,5.6,5.5,8,8.3,7.1,4.1,,24.2,22.1,6.2,12.6
lge,20,FEMALE,서울,키즈맘_미취학,73,7.6,7.3,7.6,6.5,5.5,8,6.7,6.4,4.6,,24,22.9,6,12
lge,20,FEMALE,서울,,1796,7.3,7.2,7.3,6.7,5.2,7.9,6.1,6.3,5.2,8,24.2,20.6,7,11.3
lge,20,FEMALE,서울,키즈맘_중학생,46,6.2,7,6.2,6.1,2.4,8,7,6,8.7,7.9,17.6,16.6,4.1,10.3
lge,20,FEMALE,서울,1인가구,145,7.5,7.3,7.5,6.4,5.8,8,4.3,7.5,8.1,7.7,23.3,22.7,6,12.1
lge,20,FEMALE,서울,키즈맘_초등생,22,6.6,6.9,6.6,5.3,4.3,8,,6.5,6.1,7.5,21.5,20.2,4.9,11.8
lge,20,FEMALE,서울,2인가구,27,7.4,7.2,7.4,7.2,4.2,,2.9,6.1,,7.6,20,19,4.6,10.7
lge,20,FEMALE,서울,중년_자녀동거,478,7.9,7.2,7.9,6.3,4,6.7,5.4,6.3,7.4,7.6,21,20.5,5,11.4
lge,20,FEMALE,세종,1인가구,10,10,6.9,10,8.5,5.8,1.1,,6.8,6.1,,17.4,17.2,3.8,10.9
lge,20,FEMALE,세종,2인가구,2,10,6.9,10,4.2,3.5,,,8.3,,,24.4,24.1,5.6,13.4
lge,20,FEMALE,세종,중년_자녀동거,24,6.9,6.8,6.9,6,4,,,6.9,,,19.7,19.1,4.7,11.7
lge,20,FEMALE,세종,키즈맘_미취학,4,10,8.2,10,5.2,9.3,,9,7.5,8.6,,22.7,22.7,6.4,12.3
lge,20,FEMALE,세종,키즈맘_초등생,2,,6.9,,2.8,5,,,5.3,,,25.8,26.5,6.4,13.4
lge,20,FEMALE,세종,,91,5.2,7.1,5.2,7.4,6.9,8,0,8.2,9.9,,25.3,23.4,7.5,12
lge,20,FEMALE,세종,키즈맘_중학생,1,,6.3,,8,6,8,,1.8,,,10.6,11.3,0.6,12.2
lge,20,FEMALE,울산,키즈맘_중학생,13,5.9,7.2,5.9,5.6,4.4,,8,7.4,,,17.9,16.8,4.4,10.6
lge,20,FEMALE,울산,1인가구,33,9.3,7.1,9.3,6,5,8,,8.2,8.1,,21.5,22,5.2,11.7
lge,20,FEMALE,울산,키즈맘_초등생,5,0,6.3,0,8,4,,,6.1,,,12.5,9.7,3.3,7.9
lge,20,FEMALE,울산,키즈맘_미취학,14,10,6.9,10,5.3,4.8,,,6.7,,,27.5,24.9,7.2,13.6
lge,20,FEMALE,울산,중년_자녀동거,91,7.4,7.1,7.4,5.7,3.7,,5.7,6.8,,7.8,21.3,21.2,5.1,11.5
lge,20,FEMALE,울산,2인가구,4,6.7,7.2,6.7,3,5.2,,,7.4,,,14.5,12.5,4.5,8.8
lge,20,FEMALE,울산,,324,7.8,7,7.8,6.4,4.6,8,4,6.5,9.1,8.8,25,20.7,7.7,11.3
lge,20,FEMALE,인천,,818,8.3,7.2,8.3,6.2,4.6,6.9,5.7,5.7,6.6,7.6,23.5,19.8,7,11.1
lge,20,FEMALE,인천,2인가구,12,10,7.1,10,7.7,6.4,,8.2,8.6,,,17.8,16.6,4.2,9.6
lge,20,FEMALE,인천,키즈맘_초등생,18,6.9,7.1,6.9,5.2,4.3,8,8.5,6.3,8.2,8.4,19.4,15.9,5.5,9.9
lge,20,FEMALE,인천,중년_자녀동거,222,6.9,7.2,6.9,6.2,4.1,8,5.9,6.3,8.7,,21.7,20.9,5.3,11.8
lge,20,FEMALE,인천,1인가구,65,7.1,7.4,7.1,6.1,5.2,8,2.4,6.7,2.9,7.6,24.7,23.8,6.1,12.4
lge,20,FEMALE,인천,키즈맘_미취학,43,8.4,7.4,8.4,6.4,5.2,6.5,2.7,7.5,7.4,,25.2,24.1,6.5,12.9
lge,20,FEMALE,인천,키즈맘_중학생,17,7.5,7.2,7.5,5.8,5.5,,8.5,4.8,8.1,,18.2,18.9,3.8,10.6
lge,20,FEMALE,전남,,290,8.6,6.9,8.6,6.1,5.6,,9.2,7.6,8,,24.6,20.5,7.2,11.5
lge,20,FEMALE,전남,키즈맘_초등생,3,7.5,7.6,7.5,6.4,5.9,,,8.6,,,20.4,20.2,5,11.5
lge,20,FEMALE,전남,2인가구,4,10,7.5,10,5.3,0.9,,,5.6,9.5,,22.3,16.2,7.3,9.2
lge,20,FEMALE,전남,키즈맘_미취학,17,6.8,6.9,6.8,3.8,5.6,,3.9,8,8,,18.2,15.4,4.9,10.3
lge,20,FEMALE,전남,키즈맘_중학생,7,9.2,7.1,9.2,7,5.5,,9,7.9,,,20.6,18.3,5.5,10.8
lge,20,FEMALE,전남,1인가구,50,6.9,7.3,6.9,5.9,6.2,,2.9,7.5,5.6,7.8,26.7,26.1,6.6,13.5
lge,20,FEMALE,전남,중년_자녀동거,93,8.4,7.2,8.4,5.7,4.7,8,4.8,6.3,6.6,,20.4,19.1,5.1,11.4
lge,20,FEMALE,전북,1인가구,55,7.3,7.2,7.3,6.1,6.6,8,8.5,7.4,6.1,7.5,22.9,22.5,5.6,12.7
lge,20,FEMALE,전북,2인가구,4,5,7.8,5,7.7,6.4,,,6.3,,,25.3,24.4,6.6,13.5
lge,20,FEMALE,전북,중년_자녀동거,102,6.7,7,6.7,6.4,4.6,8,8.5,6.6,8.4,7.5,21.1,19.3,5.2,11.6
lge,20,FEMALE,전북,키즈맘_중학생,18,10,6.9,10,5.3,4.2,8,4.8,5.4,8,,19.5,17.5,4.9,11.5
lge,20,FEMALE,전북,,440,7,7.1,7,6.1,5.6,8,6.1,6.9,3,,25.9,22,7.6,12.3
lge,20,FEMALE,전북,키즈맘_초등생,7,8.1,7.2,8.1,6.2,2.5,,10,7,,,30,27.4,7.5,12
lge,20,FEMALE,전북,키즈맘_미취학,27,8,7.1,8,6,5.5,8,6.3,6.7,8.2,,19.9,18.3,5.2,10.2
lge,20,FEMALE,제주,키즈맘_초등생,6,10,6.9,10,5.4,3.8,,,9.2,,,24.4,23.3,5.5,12.6
lge,20,FEMALE,제주,키즈맘_중학생,7,5.6,7.4,5.6,6.7,4.5,0,,4.3,,,20.3,21.1,4.7,11.9
lge,20,FEMALE,제주,중년_자녀동거,41,7.4,7.2,7.4,6.5,3.9,8,8.6,6.1,,,22.5,22.4,5.5,11.8
lge,20,FEMALE,제주,1인가구,27,8.1,7.3,8.1,5.3,6.4,6,4,8.4,8.6,8.1,19.7,18.7,4.7,10.8
lge,20,FEMALE,제주,2인가구,7,5.6,7.2,5.6,6.4,7,,,6.4,,,22.2,22.1,5.2,11.8
lge,20,FEMALE,제주,키즈맘_미취학,12,8.7,7.2,8.7,7,5.5,8,,6.7,,,27,25.6,7.2,12.9
lge,20,FEMALE,제주,,181,8.9,7.5,8.9,6.1,5.8,,8.4,6.4,,7.5,26,21.9,7.4,12.4
lge,20,FEMALE,충남,1인가구,65,7.3,7.2,7.3,6.1,5.8,8,6.1,6.8,8,7.8,21.9,20.5,5.7,11.6
lge,20,FEMALE,충남,2인가구,12,4,6.9,4,6.1,3.4,8,0.1,7.7,,,23.8,20.5,6.8,12
lge,20,FEMALE,충남,키즈맘_미취학,15,8.2,7,8.2,7.2,6.4,8,,8.2,8,,23.5,22.6,5.4,12.7
lge,20,FEMALE,충남,,445,8.2,7.1,8.2,6.7,5.7,,4.5,6.7,8.1,,24.1,20.3,6.9,11.6
lge,20,FEMALE,충남,키즈맘_초등생,10,8.3,6.8,8.3,7.2,5.4,,,8.8,,,18.8,18.5,3.9,10.8
lge,20,FEMALE,충남,중년_자녀동거,113,7.1,7.2,7.1,6.1,4.7,0,6.9,6.6,7.5,7.6,21.1,19.6,5.3,11.2
lge,20,FEMALE,충남,키즈맘_중학생,10,5,6.6,5,6.2,2,9.4,,6.8,,,17.6,15.9,4.3,11
lge,20,FEMALE,충북,2인가구,5,,,,6.9,5.7,,,6.7,,,33.5,31.5,8.5,14.6
lge,20,FEMALE,충북,키즈맘_중학생,15,7.8,6.7,7.8,6.5,4.3,,8,7.5,3.4,,19.5,16.8,4.2,11.4
lge,20,FEMALE,충북,키즈맘_미취학,16,8.9,7.3,8.9,4.7,6.9,8,5.7,5.4,,7.5,20,18,5.2,11.4
lge,20,FEMALE,충북,,404,7.7,7,7.7,6.3,5.7,2.7,5.1,6.8,0.3,8.4,24.4,19.7,7.7,10.9
lge,20,FEMALE,충북,1인가구,53,8.4,7.3,8.4,6.7,5.4,0,3.8,8.1,7.1,,20.9,19.8,5.2,12.1
lge,20,FEMALE,충북,키즈맘_초등생,5,8.4,7.5,8.4,6.6,4.5,8,,4.5,,,24,24.5,5.5,12.9
lge,20,FEMALE,충북,중년_자녀동거,72,6.3,7.2,6.3,6.3,4.2,,7.7,7.3,3.2,7.5,20.6,19.5,4.9,11.3
lge,20,MALE,,중년_자녀동거,1970,7.3,7,7.3,6.1,2.6,5.7,5.1,4.6,6.5,7.6,21.1,23.5,4.3,11.6
lge,20,MALE,,1인가구,796,7.4,7.2,7.4,6.1,3.7,5.2,4.7,5.5,7,7.7,22.5,24.5,4.9,12
lge,20,MALE,,키즈맘_미취학,223,7.3,7.1,7.3,6,3.6,5.5,3.4,5.3,7,7.5,23.1,25,4.9,12.2
lge,20,MALE,,2인가구,73,7.7,7.1,7.7,6.3,4.6,6.4,3.4,5.5,9,7.7,21.7,25,4.3,12.2
lge,20,MALE,,,7022,7.7,7,7.7,6.1,3.2,6.5,5.2,5.2,7,7.6,22.9,22.1,5.7,11
lge,20,MALE,,중년_1인,1,,,,7.9,0.5,6.4,,,,,11.9,18.2,1,7.5
lge,20,MALE,,키즈맘_중학생,143,7.9,6.9,7.9,5.7,1.9,6.4,5.1,3.4,8.2,7.6,19.9,23.2,3.8,11.7
lge,20,MALE,,키즈맘_초등생,80,7.7,7.1,7.7,5.4,3,6.4,6,3.8,3,7.7,22.8,24.9,5.2,11.7
lge,20,MALE,강원,,347,6.1,7.2,6.1,6.1,3.7,6.4,4,5.2,8.9,7.5,26,24.9,6.7,12
lge,20,MALE,강원,1인가구,45,8.5,7.4,8.5,5.6,3.3,,4.2,3.8,,7.6,22.9,25.4,4.7,12.4
lge,20,MALE,강원,키즈맘_중학생,10,10,7.4,10,5,1.4,,,2.3,,,21.4,25,4.9,11.5
lge,20,MALE,강원,키즈맘_초등생,4,,6.8,,5.4,5.5,6.4,,8.8,,,15.7,16.6,2.7,9.7
lge,20,MALE,강원,2인가구,2,10,7.6,10,7.7,5.6,,,4.5,,,37,36.5,8.9,16.3
lge,20,MALE,강원,중년_자녀동거,106,7.8,7.2,7.8,6.1,2.7,6.4,1.8,5.2,,8.2,20.6,22.6,4.2,11.5
lge,20,MALE,강원,키즈맘_미취학,11,4.3,7.1,4.3,6.8,4.7,,,4.8,,,24.5,24.6,6,10.6
lge,20,MALE,경기,중년_자녀동거,1247,7.1,7.1,7.1,5.8,2.8,6.6,5.4,4.7,4.3,7.6,21.9,24.1,4.5,12
lge,20,MALE,경기,,3843,7.3,7.1,7.3,6.3,3.9,5.3,5.3,5.1,6.6,7.6,24.8,23.7,6.3,11.8
lge,20,MALE,경기,키즈맘_초등생,37,8.7,7.1,8.7,5.9,3.2,6.4,8,4.2,,,21,21.7,4.4,11.1
lge,20,MALE,경기,키즈맘_미취학,188,7.9,7.2,7.9,6.3,4.2,6.4,4.5,4.7,6.9,7.7,22.9,24.5,4.9,12.2
lge,20,MALE,경기,1인가구,441,7.5,7.2,7.5,6.2,3.7,5.3,4.8,4.6,6,7.6,22.4,24.8,4.7,12.1
lge,20,MALE,경기,키즈맘_중학생,99,7.1,6.9,7.1,5.2,2.2,6.4,4,5.4,,7.9,18.8,21.5,3.3,11.1
lge,20,MALE,경기,2인가구,42,7.7,7.2,7.7,6.2,3.8,6.4,4,5.4,9.2,7.5,21.6,24.5,4.5,11.5
lge,20,MALE,경남,1인가구,145,6.5,7.1,6.5,6.1,3.9,5,2.3,4.9,3.8,7.5,21.9,23.8,4.8,12
lge,20,MALE,경남,중년_자녀동거,311,7,7,7,5.8,3.1,6.4,5.4,4.6,7.2,7.5,21.6,23.5,4.4,12.1
lge,20,MALE,경남,키즈맘_미취학,45,7.7,7.2,7.7,5.9,3,6.4,4.3,4.6,8.1,7.5,24.7,26.3,5.4,12.6
lge,20,MALE,경남,,983,7.9,7.1,7.9,6,4.1,6.2,1,5.1,6.7,7.7,25.1,24.3,6.4,12.2
lge,20,MALE,경남,2인가구,5,10,7.5,10,6.9,2.9,,,2.5,,,28.7,34.5,7.4,12.8
lge,20,MALE,경남,키즈맘_중학생,22,9,6.8,9,4.1,1.8,6.4,,4.7,,,18.9,21.5,3.2,11.9
lge,20,MALE,경남,키즈맘_초등생,17,7.4,6.9,7.4,5.8,2.6,,8,6.4,8.1,7.5,21.5,24.4,4,11.9
lge,20,MALE,경북,1인가구,86,7.7,7.1,7.7,6.3,3.3,6.4,5.7,4.8,8,7.5,19.9,22.1,3.8,11.5
lge,20,MALE,경북,2인가구,8,,7,,5.2,3.8,6.4,,9.5,,,21.6,26.3,4.2,12.7
lge,20,MALE,경북,키즈맘_초등생,6,8.3,6.8,8.3,2,2.1,,,5.4,,,17.8,19,3.4,10.5
lge,20,MALE,경북,키즈맘_미취학,23,9.7,7.2,9.7,5.3,3.6,6.4,0,5,,7.8,22.2,23.6,5.3,11.8
lge,20,MALE,경북,중년_자녀동거,168,7.9,7,7.9,6.3,3.1,4.3,5.3,5,,7.6,20.9,23,4.3,11.4
lge,20,MALE,경북,키즈맘_중학생,11,0.2,7,0.2,6.5,2.2,,0.1,3.8,,8.1,20.1,20.3,3.9,11.1
lge,20,MALE,경북,,606,7.2,7.1,7.2,6.3,3.5,6.4,2.7,5.1,8.4,7.6,24,23.7,6.1,11.6
lge,20,MALE,광주,중년_자녀동거,155,6.9,7,6.9,6.1,3.2,,6.2,6.4,7.3,7.5,21,22.7,4.3,11.7
lge,20,MALE,광주,키즈맘_중학생,14,10,6.9,10,5.6,3.2,6.4,,5.3,,,21.5,24.7,4.7,11.8
lge,20,MALE,광주,키즈맘_미취학,27,8.6,7.2,8.6,5.3,4.8,,,5.6,0.4,7.6,22.5,24.1,5,12.1
lge,20,MALE,광주,1인가구,51,6.2,7.2,6.2,5.8,3.8,6.4,2.8,6.6,0.2,7.6,24.2,25.4,5.4,12.8
lge,20,MALE,광주,키즈맘_초등생,6,10,6.9,10,8.2,6.1,,,5.8,,7.5,20.1,23.4,3,11.6
lge,20,MALE,광주,,473,4.8,7.2,4.8,5.8,3.4,,0,5.3,,7.5,24.5,24,6,11.9
lge,20,MALE,광주,2인가구,10,7.3,7.4,7.3,6.1,5.8,,,6.4,,,21,21.3,4.9,11
lge,20,MALE,대구,,548,7.4,7.2,7.4,5.8,3.9,7.2,2,5.4,6,7.8,25.2,24.8,6.3,12.2
lge,20,MALE,대구,중년_자녀동거,163,8,7,8,5.6,2.9,7.1,5.9,5,3.2,,21.4,23.5,4.6,11.8
lge,20,MALE,대구,1인가구,75,6.7,7.2,6.7,6.6,4.1,6.4,0.8,5.7,6.8,8,23.1,25.3,4.9,13
lge,20,MALE,대구,2인가구,7,10,7.7,10,7.8,3.5,,,2.2,,,27.3,28.2,6.4,10.8
lge,20,MALE,대구,키즈맘_초등생,6,7.3,6.8,7.3,5.4,3.6,,,4.7,,,22.5,26.7,5,13.7
lge,20,MALE,대구,키즈맘_중학생,11,6.2,6.7,6.2,5.6,2.1,,,2.2,,,16.2,18.3,2.6,10
lge,20,MALE,대구,키즈맘_미취학,25,7.5,7,7.5,4.9,3.9,6.4,,4.6,4.3,7.5,21.4,23.2,4.6,11.8
lge,20,MALE,대전,,542,7.1,7.1,7.1,6.4,4.2,6.4,2.1,5.6,8,7.5,24.5,22.9,6.4,11.8
lge,20,MALE,대전,1인가구,72,8,7,8,6,3.9,0,2.7,4.9,8.7,,20.9,22.6,4.3,11.9
lge,20,MALE,대전,키즈맘_초등생,10,10,6.5,10,7.7,0.9,,,5.8,,,17.1,19.4,2.2,9.9
lge,20,MALE,대전,중년_자녀동거,166,8.5,7.1,8.5,6,3.1,6.4,4.8,5.3,5.5,,19.8,21.8,3.7,11.4
lge,20,MALE,대전,2인가구,9,9.3,7.3,9.3,7.2,5.1,,4.3,6.7,,7.5,16.6,17.2,4.1,9.1
lge,20,MALE,대전,키즈맘_미취학,13,5,7.3,5,6.8,4.1,6.4,8,4.3,,,27,27.5,6.2,13.2
lge,20,MALE,대전,키즈맘_중학생,14,10,7.3,10,6,3,6.4,,4.4,,7.5,21,24.7,4.3,11
lge,20,MALE,부산,키즈맘_중학생,23,10,7,10,6.9,2.7,,,4.7,,,20.2,21.7,4.6,10.9
lge,20,MALE,부산,,988,7.2,7,7.2,5.7,3.2,4.9,3.7,5.2,,7.7,24.8,23,6.3,11.6
lge,20,MALE,부산,1인가구,108,8.4,7.3,8.4,6.4,4.1,6.4,4.2,4.4,5,7.6,23.7,25.5,5.3,12.3
lge,20,MALE,부산,중년_자녀동거,333,7.1,7.1,7.1,6,3.1,6.4,3.3,4.8,8.1,7.7,22.5,24.2,4.9,12
lge,20,MALE,부산,키즈맘_초등생,10,4.3,7.2,4.3,5.6,1.7,,,,,,21.2,24.5,4.3,11.8
lge,20,MALE,부산,키즈맘_미취학,42,6.8,7.5,6.8,6.2,5.3,6.4,4.7,5,8.2,7.7,21.6,23.9,4.8,11.5
lge,20,MALE,부산,2인가구,13,10,7.2,10,8,4.3,,,8.4,,8.3,20.4,22.5,3.8,12.3
lge,20,MALE,서울,2인가구,19,7.5,7.2,7.5,7.1,3.3,,0.1,4.7,,,22.2,26.8,4.8,12.4
lge,20,MALE,서울,키즈맘_미취학,78,7.6,7.2,7.6,6.2,3.7,6.4,2.9,4.3,,,23.3,24.8,5.3,11.9
lge,20,MALE,서울,키즈맘_중학생,43,7.9,7.1,7.9,6.2,1.8,,3,3.3,,7.5,20.5,24.3,3.8,11.9
lge,20,MALE,서울,키즈맘_초등생,14,6.5,7.1,6.5,3.2,3.6,,,0.1,,7.5,20.9,22.6,4,12.5
lge,20,MALE,서울,중년_자녀동거,599,7.8,7.1,7.8,6.7,2.9,6,3.9,4.6,6.5,7.5,21.3,23.8,4.3,11.6
lge,20,MALE,서울,1인가구,169,7.9,7.2,7.9,6.3,4.2,6.2,3.3,4.7,8.1,7.7,22,24.9,4.7,12.1
lge,20,MALE,서울,,1982,7.9,7.2,7.9,6.3,3.8,5,5.9,5.1,4.5,7.8,24.7,23.4,6.3,11.8
lge,20,MALE,세종,키즈맘_중학생,1,,,,8,0.7,,,,,,15.1,20,2.3,8.9
lge,20,MALE,세종,1인가구,15,8.4,6.8,8.4,6.1,1.8,6.4,9,5.2,,8.1,21.4,23.9,4.4,12.4
lge,20,MALE,세종,2인가구,1,,,,8.8,,,,,,,18,27,0.9,13
lge,20,MALE,세종,중년_자녀동거,30,7.5,6.9,7.5,5.2,2.6,,0.8,5.8,8.1,,20.8,22.9,3.9,11.8
lge,20,MALE,세종,키즈맘_미취학,2,,7.1,,9,5.2,6.4,,1.3,,,13,18.2,1,11.6
lge,20,MALE,세종,,80,10,7,10,6.8,1.7,,0,2.8,,,22.9,21.2,6,11.3
lge,20,MALE,울산,2인가구,3,10,6.4,10,7.7,4.9,,,7.7,,,18.8,21.9,2.9,11.7
lge,20,MALE,울산,키즈맘_중학생,6,3.4,7.7,3.4,5.2,2.4,,8,2.1,,,26.3,28,6.9,12.5
lge,20,MALE,울산,키즈맘_초등생,6,5,6.8,5,8.2,2.6,,,4.7,,,21.9,27.1,4.6,13.1
lge,20,MALE,울산,키즈맘_미취학,14,5,7.2,5,5.1,4.3,,,7.1,3.8,,23.3,24.9,5.3,12
lge,20,MALE,울산,1인가구,37,4.9,7.5,4.9,7.2,3.5,6.4,1.7,6.2,,7.5,23.4,25.6,5.5,12.2
lge,20,MALE,울산,중년_자녀동거,119,7.6,7.1,7.6,5.6,2.8,6.4,4.1,4.2,,7.6,21.5,23.7,4.4,11.9
lge,20,MALE,울산,,365,6.2,7.3,6.2,6.1,3.7,8,4.3,5.2,3.8,,27.8,26.3,7.3,12.9
lge,20,MALE,인천,키즈맘_미취학,43,8.1,7,8.1,5.6,4.3,,2.9,3.1,9.3,7.5,22.5,24.2,4.9,11.8
lge,20,MALE,인천,2인가구,10,10,7.2,10,6.5,5.2,,0,3.6,,,25.9,27.6,5.8,13.4
lge,20,MALE,인천,키즈맘_중학생,13,7.9,7.2,7.9,5.6,2.1,6.4,0,4.3,8,,17.1,19.3,3.2,10.4
lge,20,MALE,인천,1인가구,88,7.2,7,7.2,6.3,3.6,5.5,4.1,5,2.4,8,22.4,25.3,4.8,12.1
lge,20,MALE,인천,키즈맘_초등생,21,7.8,7.1,7.8,6.2,2.9,,,5.3,8.2,,23.3,24.2,4.8,12.3
lge,20,MALE,인천,중년_자녀동거,282,7.4,7,7.4,6.6,2.7,6.4,4.9,4,8.7,7.5,21.5,23.3,4.6,11.4
lge,20,MALE,인천,,895,6.5,7.1,6.5,5.9,3.9,,5.8,5,6,,23.4,22.6,5.9,11.3
lge,20,MALE,전남,1인가구,44,8.3,7.3,8.3,6.2,4.8,,8,5.9,8,7.6,21.9,24.6,4.4,12.4
lge,20,MALE,전남,중년_자녀동거,99,6.7,7,6.7,5.8,3.4,4.1,8,5.1,8.1,7.5,21.7,23.1,4.7,12
lge,20,MALE,전남,키즈맘_미취학,16,7.5,7.3,7.5,7.6,4.4,6.4,9.9,6.9,8,,23.1,24.2,5.1,12.3
lge,20,MALE,전남,키즈맘_초등생,6,0,7.3,0,4.9,3.4,,,6.9,,,24.9,26.1,4.8,12.6
lge,20,MALE,전남,,325,6.1,7,6.1,6.1,3.9,6.4,3.9,6,4.4,,22.8,22.1,5.7,10.8
lge,20,MALE,전남,2인가구,5,10,6.4,10,7.4,5.2,,,2.8,,,18.6,20.8,3.1,12
lge,20,MALE,전남,키즈맘_중학생,6,3.6,7.7,3.6,4.2,5,,,6.5,8,,20.3,22.5,4.5,11.8
lge,20,MALE,전북,2인가구,7,10,6.4,10,8.8,1,,,2.6,,,17.1,19.7,2.6,11.1
lge,20,MALE,전북,키즈맘_미취학,35,7.5,7.1,7.5,5.8,4.3,3.1,8,5.7,8.4,,22,21.8,4.3,11
lge,20,MALE,전북,중년_자녀동거,143,7.1,7,7.1,6.1,3.5,0.7,2.1,5.2,8.9,7.7,21.2,22.5,4.3,11.6
lge,20,MALE,전북,1인가구,63,8,7.1,8,6.3,4.6,5.2,6,5.1,,7.6,23.1,24.6,5,12.5
lge,20,MALE,전북,키즈맘_중학생,15,4.9,6.5,4.9,2.9,0.8,,,5.4,8.8,7.5,16.7,17.6,2.7,10.7
lge,20,MALE,전북,,529,7.4,7.2,7.4,6,4.3,7,4.8,5,7.3,7.7,23.9,22.3,6.2,11.6
lge,20,MALE,전북,키즈맘_초등생,8,10,6.9,10,2.1,2.8,6.4,,4,,,22.8,25.6,4.2,13
lge,20,MALE,제주,키즈맘_미취학,14,6.7,7.6,6.7,5.6,4.4,6.4,8,3.9,0.3,,23.6,23.9,5.7,11.6
lge,20,MALE,제주,키즈맘_초등생,4,3.8,7.1,3.8,8.5,1.3,,,,,,13.1,16,1.8,10.4
lge,20,MALE,제주,키즈맘_중학생,7,5,7.4,5,6.1,0.9,3.2,,2.6,,,23.8,23.2,6,11.4
lge,20,MALE,제주,1인가구,24,10,7.3,10,6.5,4,,0.1,4.4,,,23.6,25.2,5.1,12.4
lge,20,MALE,제주,2인가구,4,,6.9,,,0.9,,,3.2,,,25.4,26.3,5.1,13.9
lge,20,MALE,제주,중년_자녀동거,76,7.5,7.2,7.5,5.1,2.4,6.4,0,4.9,4.6,7.8,22.1,23.8,4.8,11.7
lge,20,MALE,제주,,223,5.7,7.7,5.7,5.3,4.1,6.4,8,5.2,,,24.7,24.8,6.2,12.2
lge,20,MALE,충남,중년_자녀동거,194,8.1,7,8.1,6.6,3.1,6.4,6.2,4.7,8.3,,20.8,22.9,4.2,11.5
lge,20,MALE,충남,키즈맘_미취학,27,10,7,10,6.2,5,,,5.8,8,,25.9,26.7,6.4,11.8
lge,20,MALE,충남,,597,8.3,7,8.3,5,4.2,6.4,8.5,5.4,7.7,7.8,23.6,22,6,11.3
lge,20,MALE,충남,키즈맘_초등생,5,10,7.2,10,6,1.7,6.4,,5,,,16.3,18.7,3.4,9.7
lge,20,MALE,충남,2인가구,6,5,7,5,8.3,2.4,,,2.1,,,24.1,28.5,4.5,13.2
lge,20,MALE,충남,키즈맘_중학생,13,1.4,6.4,1.4,6.2,1.7,6.4,,2.3,,,17.1,19.5,2.8,11
lge,20,MALE,충남,1인가구,84,7.5,7.1,7.5,6.7,3.7,3.3,8.1,5.4,,7.5,20.2,23.3,3.9,11.7
lge,20,MALE,충북,중년_자녀동거,110,6.6,7.2,6.6,5.7,2.8,7.6,3.6,5,5.8,8.1,21.9,24,4.5,12.2
lge,20,MALE,충북,2인가구,8,5,7.4,5,3.3,4.6,,,7.1,8.4,,24.2,24.6,5.4,12
lge,20,MALE,충북,키즈맘_초등생,8,3.2,7.1,3.2,6.2,2.3,,9.3,1.4,,,21.3,24.3,4.3,12.1
lge,20,MALE,충북,,447,7.6,7.3,7.6,6.1,3.7,6.4,2.1,4.6,8.2,7.8,22.3,20.3,6,10.5
lge,20,MALE,충북,1인가구,78,7.3,7.1,7.3,6,3.7,6.4,4.3,4.9,,7.6,22.9,24.9,4.9,12.1
lge,20,MALE,충북,키즈맘_중학생,6,7.2,7.5,7.2,4.1,4.8,,8,8,,,21.8,23.6,5.1,10.3
lge,20,MALE,충북,키즈맘_미취학,20,5.6,6.7,5.6,3.5,3.5,,,4.1,,,19,20.1,3.8,11.2
lge,30,FEMALE,,2인가구,221,7.8,7.3,7.8,7.8,6.3,8,3,6.3,6.2,7.8,23.9,22.8,5.9,12.4
lge,30,FEMALE,,1인가구,515,7.7,7.3,7.7,7.5,6.1,7.4,4.2,6.4,5,7.7,24.6,23.4,6.3,12.5
lge,30,FEMALE,,키즈맘_미취학,502,8,7.2,8,7.4,6.2,7.5,4.5,6.3,5.9,7.5,24.2,22.9,6.3,12.3
lge,30,FEMALE,,,6071,8.2,7.3,8.2,7.4,6,7.3,4.9,6.2,5.1,7.6,24.8,22,7,11.9
lge,30,FEMALE,,중년_자녀동거,723,8.2,7.2,8.2,7.5,5.5,6.6,5.2,5.7,6.8,7.6,23,22,5.8,12
lge,30,FEMALE,,키즈맘_중학생,35,6.8,7.2,6.8,6.4,3.9,4.7,8.6,6.3,8.7,,20.5,18.9,5.3,10.3
lge,30,FEMALE,,키즈맘_초등생,156,7.9,7.2,7.9,7,5.2,6.3,3.7,5.7,6.7,7.3,23.8,22.6,6,12.1
lge,30,FEMALE,강원,중년_자녀동거,29,7.8,7.3,7.8,7.2,6,8,5.4,6.1,5.2,,23.3,21.5,6,11.8
lge,30,FEMALE,강원,1인가구,27,5.5,7.2,5.5,6.4,6.5,6.1,0.2,6.7,7.7,,23.3,22.2,5.8,12
lge,30,FEMALE,강원,,277,8.1,7.1,8.1,6.5,5.1,5.6,4.9,6.4,6,,24.2,21.4,6.8,11.3
lge,30,FEMALE,강원,키즈맘_미취학,30,8.2,7.3,8.2,6.5,6.4,8,9,6.1,5.2,7.3,24.1,22.1,6.6,12.6
lge,30,FEMALE,강원,2인가구,6,10,7.8,10,7.4,5.4,,0.4,6,3.9,,12.4,12.9,2.6,7.2
lge,30,FEMALE,강원,키즈맘_중학생,8,5,7.4,5,7.9,2.8,,0.3,5.4,7.7,,21.3,18.7,5.7,11.1
lge,30,FEMALE,강원,키즈맘_초등생,21,9.7,7.1,9.7,6.6,6.2,,0,6.2,8,,20.9,18.8,5.2,10.8
lge,30,FEMALE,경기,2인가구,143,7.3,7.3,7.3,7.8,6.5,7.3,2.9,5.9,6.7,7.7,24.4,23.1,6.1,12.3
lge,30,FEMALE,경기,키즈맘_미취학,372,8,7.2,8,7.5,5.9,7.2,5.1,5.9,7.3,7.6,23.7,22,6.1,12
lge,30,FEMALE,경기,키즈맘_중학생,51,6.7,7.2,6.7,7.9,5.2,8,5.5,7,6.7,7.7,22,21.4,5.3,11.5
lge,30,FEMALE,경기,1인가구,340,8.3,7.3,8.3,7.1,6.3,7.7,4.4,6.3,6.7,7.6,23.5,21.8,6,11.9
lge,30,FEMALE,경기,,3756,8,7.3,8,7.3,6,7.7,5.3,6.3,6.5,7.7,23.9,20.8,6.8,11.3
lge,30,FEMALE,경기,중년_자녀동거,466,8.1,7.3,8.1,7.7,5.6,7,4.6,6,6.5,7.3,23.9,22.8,6.1,12.3
lge,30,FEMALE,경기,키즈맘_초등생,181,7.4,7.3,7.4,7,5.3,7.7,4.4,5.9,7,8,24.7,23.2,6.3,12.2
lge,30,FEMALE,경남,중년_자녀동거,85,8.8,7.2,8.8,7.7,5.4,5.8,6.6,5.8,6.2,,22.4,21.1,5.6,11.5
lge,30,FEMALE,경남,키즈맘_중학생,18,7.6,7.3,7.6,7.9,5.7,8,,7.1,5.9,,23,22.2,6.1,10.9
lge,30,FEMALE,경남,키즈맘_미취학,80,7.7,7.2,7.7,6.6,5.5,8,8.2,6.5,5.2,8.1,26.7,25.2,6.9,13.2
lge,30,FEMALE,경남,,763,8.3,7.3,8.3,6.9,5.7,7.3,4.3,6.9,6.7,7.9,23.3,19.4,6.8,10.8
lge,30,FEMALE,경남,1인가구,72,7.9,7.4,7.9,7.1,6,8,6.2,7,7.7,7.4,24.2,22,6.1,12.4
lge,30,FEMALE,경남,2인가구,21,8,7.1,8,6.9,7.2,,8.9,7,5.4,,22.7,20,5.6,11.4
lge,30,FEMALE,경남,키즈맘_초등생,47,6.9,7.2,6.9,7.2,5.4,8,2.7,4.9,8.3,7.4,23,20.7,5.9,11.3
lge,30,FEMALE,경북,1인가구,55,8.5,7.3,8.5,7.3,5.8,6.5,5.3,6.5,7.9,7.9,22.5,20.7,5.8,11.5
lge,30,FEMALE,경북,중년_자녀동거,45,9.4,7.4,9.4,7.3,5.2,6.4,4.2,5.5,5.8,,22,20.7,5.9,11.3
lge,30,FEMALE,경북,2인가구,20,9,7.5,9,8.1,6.1,,9.4,6.4,7.8,,25.9,25.1,6.8,12.8
lge,30,FEMALE,경북,키즈맘_초등생,45,8.4,7.2,8.4,7,6.2,8.5,0.1,6.4,8.5,,25.8,25.3,6.4,13.5
lge,30,FEMALE,경북,키즈맘_중학생,21,7.9,7.1,7.9,8,5.4,,8.3,6.2,7.7,,19.1,17.4,4.9,10.3
lge,30,FEMALE,경북,키즈맘_미취학,73,6.6,7.2,6.6,7.1,6.2,8,5.1,6.5,5.1,,26.3,24.9,6.9,12.8
lge,30,FEMALE,경북,,552,7.9,7.3,7.9,7.1,5.6,8.4,3.2,6.9,4.8,8,24.5,21.8,7,11.7
lge,30,FEMALE,광주,키즈맘_초등생,19,6,6.9,6,7.4,4.8,8,0.3,6.2,8.3,7.4,21.9,19.1,5.2,10.6
lge,30,FEMALE,광주,,396,6.5,7.3,6.5,7,5.6,8.3,3.8,5.6,7.8,7.4,26.6,23.9,7.2,12.6
lge,30,FEMALE,광주,키즈맘_중학생,6,10,6.9,10,8.2,4.2,,,2.6,,,26.1,23.6,7,13.2
lge,30,FEMALE,광주,중년_자녀동거,42,7.3,7,7.3,7.1,5.3,8.2,4.6,6.3,7.7,7.3,23.6,22.1,6.1,11.9
lge,30,FEMALE,광주,2인가구,23,8,7.6,8,5.9,5.8,9,8,5.8,,,23,20.7,6.4,11.8
lge,30,FEMALE,광주,1인가구,37,9,6.9,9,6.6,6,7,8,5.9,,,21.3,19.6,5.8,11.2
lge,30,FEMALE,광주,키즈맘_미취학,43,6.1,7.2,6.1,7.4,5.4,8,4.1,7.2,6.4,,25.6,23.3,6.5,12.7
lge,30,FEMALE,대구,중년_자녀동거,52,8.2,7.3,8.2,6.8,4.7,8,3.1,5.1,8.5,7.3,22,21.1,6.1,11.6
lge,30,FEMALE,대구,2인가구,23,9.3,7.1,9.3,7.5,6.4,,4,6.9,8,7.7,23.3,21.7,6,11.9
lge,30,FEMALE,대구,키즈맘_미취학,51,8.2,7.3,8.2,6.9,4.4,9.8,2.5,5.7,5.1,7.3,25.3,24.6,6.5,12.9
lge,30,FEMALE,대구,키즈맘_초등생,35,7.8,7.1,7.8,7.4,5.6,8,,6.9,8.8,,25,23.9,6.4,12.4
lge,30,FEMALE,대구,1인가구,54,7.5,7.4,7.5,6.7,7,6,7.4,7.5,7.8,7.6,23.8,22.2,6.2,12.3
lge,30,FEMALE,대구,,547,8.2,7.3,8.2,7.2,5.6,8,4.9,6.5,6.8,7.8,24.7,22.1,6.8,11.8
lge,30,FEMALE,대구,키즈맘_중학생,7,6.4,7.3,6.4,8.4,6.7,8,,7.6,8.2,7.4,24.6,25.2,5.7,13.4
lge,30,FEMALE,대전,키즈맘_중학생,9,5,7,5,7.7,4.9,,,7,,,26.3,24.4,6.3,12.4
lge,30,FEMALE,대전,키즈맘_미취학,59,9.5,7.1,9.5,7.8,5.1,5.3,3.6,5.2,8.8,7.6,24.2,21.5,6.1,12
lge,30,FEMALE,대전,,521,7.9,7.3,7.9,7.1,7.1,4,1.9,7.2,4.5,7.3,27.6,25.4,7.3,13.4
lge,30,FEMALE,대전,2인가구,14,10,7.6,10,8.2,6,8,4.5,6.4,,7.2,26.3,25.1,6.7,13.2
lge,30,FEMALE,대전,키즈맘_초등생,24,8,7.2,8,6.8,5,8,8.3,4.5,5.5,,21.2,19,5.1,10.7
lge,30,FEMALE,대전,1인가구,52,8.3,7.2,8.3,7.2,6.6,8.5,9.1,5.7,2.1,,23.9,22.8,6.6,12.3
lge,30,FEMALE,대전,중년_자녀동거,67,7,7.3,7,7.5,5.4,6.4,3.3,5.3,7.9,,22.8,21.9,5.8,12.1
lge,30,FEMALE,부산,중년_자녀동거,117,7.7,7.2,7.7,7.1,5.7,7.4,4.3,5.8,4.8,7.4,24.1,22.7,6.3,12.2
lge,30,FEMALE,부산,,957,7.5,7.3,7.5,7.6,6.2,8,3.9,6.6,6.3,7.4,25.7,22.6,7.3,12.2
lge,30,FEMALE,부산,2인가구,37,6.8,7.2,6.8,6.6,6.1,8.3,9.4,6.7,,7.4,24.2,23.1,6.1,12.4
lge,30,FEMALE,부산,1인가구,85,8.6,7.2,8.6,6.8,6.3,8.4,5.4,6.3,5.3,7.4,24.5,23,6.3,12.1
lge,30,FEMALE,부산,키즈맘_미취학,106,7.7,7.2,7.7,7,6.2,7.4,5.2,6,5.4,8,23.8,22.4,6,12.5
lge,30,FEMALE,부산,키즈맘_초등생,47,9.2,7.1,9.2,7.7,5,8,,6.5,7.4,7.5,22.3,20,5.5,11.2
lge,30,FEMALE,부산,키즈맘_중학생,13,6,7.2,6,7.4,5.5,8,9.2,6.1,,,24.4,24.6,5.8,12.2
lge,30,FEMALE,서울,키즈맘_미취학,244,7.8,7.3,7.8,7.5,6.4,7.7,3.3,6.6,6.6,7.6,23.6,22,6.1,12
lge,30,FEMALE,서울,중년_자녀동거,324,8.4,7.3,8.4,7.5,6,7.7,5.4,5.9,5.9,8.3,24.5,23.3,6.4,12.4
lge,30,FEMALE,서울,1인가구,222,7.7,7.4,7.7,7.3,6.7,7.6,6.1,6.6,5.7,7.8,24.6,23.8,6.2,12.5
lge,30,FEMALE,서울,2인가구,92,8.9,7.2,8.9,7.9,7.6,5.4,1.7,6.7,7.4,7.6,23.4,22.1,5.9,12.1
lge,30,FEMALE,서울,키즈맘_초등생,44,7.6,7.3,7.6,7.6,5.4,8,5.2,5.9,6.3,8.2,21.1,18.7,5.3,10.7
lge,30,FEMALE,서울,,2683,8.2,7.3,8.2,7.5,6.2,6.5,4.3,6.4,5.4,7.7,24.7,22,6.9,11.8
lge,30,FEMALE,서울,키즈맘_중학생,14,6.5,7.4,6.5,7.1,5.1,8,0.4,5.3,,,23.2,22.4,5.9,11.8
lge,30,FEMALE,세종,,75,10,7.4,10,7.1,6.9,8,,8.2,0.1,,28.4,28.1,7.4,14.5
lge,30,FEMALE,세종,2인가구,2,,,,7.1,7.2,,,6.2,,,24.8,25.5,5.6,14.3
lge,30,FEMALE,세종,키즈맘_초등생,2,10,6.4,10,8,6.2,,,9.8,,,16.9,12.3,3.2,10.2
lge,30,FEMALE,세종,키즈맘_중학생,1,,7.8,,9.1,7.8,,,8.4,,,0.6,0.6,0.1,0.3
lge,30,FEMALE,세종,1인가구,13,10,7.4,10,6.9,6.9,8,6,5.3,7.7,,22.6,20,5.7,13
lge,30,FEMALE,세종,중년_자녀동거,8,4.9,7.2,4.9,7.5,8,8,,5.9,,,27.7,27.1,7.6,13.8
lge,30,FEMALE,세종,키즈맘_미취학,10,6.7,6.9,6.7,7.3,4.6,4,,7.4,4.5,,17.7,16.5,4.5,10
lge,30,FEMALE,울산,2인가구,20,7.6,7.2,7.6,7.6,6.5,8,8.3,6.6,,,23.6,23.1,5.4,12.5
lge,30,FEMALE,울산,,325,8,7.3,8,7.1,6.3,7.3,0.3,6.7,6,7.2,25.2,22.2,7.2,11.9
lge,30,FEMALE,울산,키즈맘_미취학,35,6.5,7.1,6.5,7.3,5.5,6.8,5.4,6.8,8.2,,24.8,22.6,6.3,12.3
lge,30,FEMALE,울산,키즈맘_중학생,4,6.7,6.3,6.7,7.7,4.7,10,,5.2,7.8,,21.2,21,5,10.5
lge,30,FEMALE,울산,1인가구,18,7.4,7.2,7.4,8.1,5.2,,0.3,6,7.7,,24.2,22.4,5.9,11.9
lge,30,FEMALE,울산,키즈맘_초등생,24,10,7.1,10,7.8,5,,8,4.9,7.7,,23.9,22.8,6.2,12.3
lge,30,FEMALE,울산,중년_자녀동거,49,8.5,7.4,8.5,7.7,5.7,8,5.4,5.9,6.1,,24.9,23.4,6.4,12.7
lge,30,FEMALE,인천,키즈맘_중학생,14,10,7,10,7.5,5.4,8,0,6.6,7.8,,25.2,23.7,6.3,12.8
lge,30,FEMALE,인천,키즈맘_미취학,123,7.7,7.3,7.7,7.4,6.4,8.3,4.5,5.9,6,7.5,24.7,22.9,6.5,12.3
lge,30,FEMALE,인천,키즈맘_초등생,45,7,7.2,7,7.4,5.4,8,4.9,4.9,5.9,8,24.4,23.1,6.1,11.8
lge,30,FEMALE,인천,,1079,8.8,7.3,8.8,7.2,5.5,6.8,3.5,5.6,7.4,7.5,24.6,21.6,6.9,11.8
lge,30,FEMALE,인천,1인가구,86,6.5,7.3,6.5,7.8,5,7.1,6.3,5.8,6.5,7.3,24.8,23.5,6.1,12.6
lge,30,FEMALE,인천,중년_자녀동거,146,7.4,7.3,7.4,7.4,5.3,7.5,5.6,5.5,6.8,7.2,22.3,20.5,6,11.4
lge,30,FEMALE,인천,2인가구,33,8.4,6.8,8.4,7.2,6.9,8,0,6.7,,7.9,23.3,21,6.2,11.7
lge,30,FEMALE,전남,키즈맘_초등생,17,7.4,7.3,7.4,7.9,4.8,8,,4.8,8.8,,27.3,26.4,6.5,13.7
lge,30,FEMALE,전남,1인가구,36,8.7,7.5,8.7,7.8,6.5,8,5.6,7,,7.8,21.5,20.9,5.4,12
lge,30,FEMALE,전남,키즈맘_중학생,5,5,7.4,5,8.3,8.6,,5,6.8,6.1,,14.8,13.2,3.1,8.5
lge,30,FEMALE,전남,키즈맘_미취학,31,8.2,7.4,8.2,7.8,6.1,8,4.2,6.9,5.4,7.4,26.2,24.8,6.8,13.2
lge,30,FEMALE,전남,중년_자녀동거,43,7.6,7.4,7.6,7.1,4.9,8,2.8,7.2,7.7,,25.4,24.4,6.7,12.1
lge,30,FEMALE,전남,2인가구,10,10,7.2,10,8.3,6,2,9.4,6.5,,,18,17.5,4.9,10.3
lge,30,FEMALE,전남,,306,6.2,7,6.2,7.2,6.2,7.3,8.6,7,2.5,,24.5,21.7,6.7,12.3
lge,30,FEMALE,전북,2인가구,12,7.5,6.8,7.5,7.7,6.1,,,8.1,7.7,,27.5,25.5,6.6,13.9
lge,30,FEMALE,전북,키즈맘_미취학,45,7,7,7,7.6,5.9,8,0,7.2,8,7.4,23.1,21.3,5.9,11.7
lge,30,FEMALE,전북,,487,9,7.1,9,7.2,6.1,5.9,4.9,6.4,7.2,,26.5,23.2,7.4,12.7
lge,30,FEMALE,전북,1인가구,48,7.8,7.4,7.8,7.2,5.4,,9.1,5.4,5.4,,24.8,22.9,6.7,11.8
lge,30,FEMALE,전북,중년_자녀동거,55,6.3,7.1,6.3,7,5.6,8,4.3,6.1,3.3,7.3,22.1,20.4,5.7,11.2
lge,30,FEMALE,전북,키즈맘_중학생,17,8.4,7.3,8.4,7.6,6.2,8,0,5.3,7.9,,23.7,23.6,6.2,12
lge,30,FEMALE,전북,키즈맘_초등생,19,8.5,7.1,8.5,6.7,3.8,,0.4,5.6,,,22.3,19.3,6,11.5
lge,30,FEMALE,제주,2인가구,7,6.7,7.4,6.7,6.2,7.3,8,,7.4,,,26.1,24.5,6.2,12.4
lge,30,FEMALE,제주,키즈맘_중학생,8,7.7,7.6,7.7,6.8,4.3,,0,3.4,2.5,8.3,15.3,14.7,4,8.4
lge,30,FEMALE,제주,키즈맘_미취학,20,7.4,7.3,7.4,7.4,4.7,8,8,5.4,9.8,,23.7,23,5.8,12.1
lge,30,FEMALE,제주,키즈맘_초등생,16,7.6,7.4,7.6,6.4,3.1,8,,5,,,31.8,30.7,8.1,15
lge,30,FEMALE,제주,1인가구,18,8.3,8.1,8.3,7.5,6.8,5.9,8,7.5,0.1,7.4,24.3,23.9,6.8,11.6
lge,30,FEMALE,제주,중년_자녀동거,20,9.1,7.9,9.1,6.5,2.4,0.7,4.2,4.6,5.4,,24.4,23.5,5.9,12.8
lge,30,FEMALE,제주,,215,8,7.2,8,6.8,4.4,8,4.2,5.7,,7.3,24.4,21.8,6.9,11.7
lge,30,FEMALE,충남,키즈맘_초등생,23,8,7.3,8,7.2,6.7,8,8,7.6,3,,22.6,20.3,5.7,11.6
lge,30,FEMALE,충남,,511,8.4,7.3,8.4,7.4,6,8.2,4.3,6.6,6.3,,25.7,23,7.2,12.2
lge,30,FEMALE,충남,2인가구,20,9.1,7,9.1,6.9,6.1,8,4,7.1,5.6,,22.2,20.1,5.3,11.5
lge,30,FEMALE,충남,키즈맘_중학생,11,6.7,7.3,6.7,6.1,3.5,0,,7.2,8.1,,23.6,22.7,5.9,12.1
lge,30,FEMALE,충남,키즈맘_미취학,40,7.8,7.3,7.8,7.8,5.9,8,2.8,6.1,8.9,7.6,23,21.2,5.9,11.9
lge,30,FEMALE,충남,1인가구,55,8.9,7.3,8.9,6.9,6.3,5.2,5.9,6.5,8,7.2,23.8,23.7,5.9,12.5
lge,30,FEMALE,충남,중년_자녀동거,55,8.1,7.3,8.1,7.2,5.9,9,6,5.3,4.8,,23.4,22.5,5.8,12.4
lge,30,FEMALE,충북,1인가구,36,7.4,7.1,7.4,6,6.1,8.8,4.9,5.9,7.8,7.3,22.2,19.6,6.1,11.5
lge,30,FEMALE,충북,키즈맘_미취학,23,8.6,7.1,8.6,8,4.3,5.3,9.4,5.3,,7.9,18.9,15.8,4.9,10.2
lge,30,FEMALE,충북,,367,8.4,7.2,8.4,7.8,6.6,8,2.6,6.9,6.4,7.6,24.9,22,7,12.2
lge,30,FEMALE,충북,2인가구,7,10,7.2,10,6.3,4.3,,,6.1,,,23.7,22.5,6.5,11.8
lge,30,FEMALE,충북,키즈맘_중학생,6,10,7.7,10,6.7,1.6,8,8.5,3.6,,,18.6,20,4,10.8
lge,30,FEMALE,충북,중년_자녀동거,33,8.5,7.2,8.5,7.9,6.6,8,5.8,6.4,4.2,7.3,24.7,22.6,6.5,12.5
lge,30,FEMALE,충북,키즈맘_초등생,31,7.5,7.2,7.5,7.8,5.2,8,0,5.6,7.7,,25.5,23.5,6.6,12.6
lge,30,MALE,,중년_자녀동거,986,7.7,7.1,7.7,7.3,4.7,5.7,4.6,4.7,6.9,7.8,23.8,25.1,5.3,12.1
lge,30,MALE,,,6442,7.7,7.1,7.7,7.4,5.3,6.3,3.3,4.9,6.3,7.5,25,24.3,6.2,11.9
lge,30,MALE,,키즈맘_미취학,419,8.1,7.1,8.1,7.6,5.4,5.3,2.9,4.5,6,7.3,24,25.1,5.2,12.2
lge,30,MALE,,1인가구,640,7.9,7.1,7.9,7.3,5.5,6.4,3.1,4.8,5.4,7.7,24.1,25.6,5.4,12.3
lge,30,MALE,,키즈맘_초등생,98,6.5,7.2,6.5,7.7,4.4,6.4,1.8,4.2,5.6,7.4,25.6,26,5.7,12.5
lge,30,MALE,,키즈맘_중학생,31,7.8,7.2,7.8,6.9,5,10,0.2,3.6,4.8,7.6,23.1,25.3,5.3,11.9
lge,30,MALE,,2인가구,190,8.5,7.1,8.5,7.5,5.9,6.1,3.7,4.7,6.3,7.5,23.5,24.9,5.1,11.9
lge,30,MALE,강원,2인가구,19,10,6.9,10,8.1,4.9,6.4,0.2,3.4,8.6,,15.9,15.7,3.5,7.7
lge,30,MALE,강원,,447,6.7,7.2,6.7,6.9,5.5,5.3,4.9,4.9,5.8,,26.4,25.7,6.5,12.5
lge,30,MALE,강원,키즈맘_초등생,19,6,7,6,8.4,6,,,3.3,3.9,8.2,19.2,20.6,4.1,10
lge,30,MALE,강원,키즈맘_중학생,4,,7.9,,8,6.9,,,4.8,7.5,,25.7,26.1,5.8,13.5
lge,30,MALE,강원,중년_자녀동거,71,8.1,7.3,8.1,7.4,4.4,5.6,2.7,4.4,7.2,,26.4,28,6.2,12.9
lge,30,MALE,강원,키즈맘_미취학,50,8.5,7.2,8.5,7,5.8,3.2,3.6,5.1,2,7.4,25.5,26.3,5.5,12.5
lge,30,MALE,강원,1인가구,53,5.9,7.1,5.9,7.4,6.5,5.7,2.8,5.7,3.7,7.4,22.3,23.1,5.1,11.3
lge,30,MALE,경기,2인가구,158,9.2,7,9.2,7.5,6.7,6.1,1.1,4.5,5.5,7.5,24.5,25.3,5.3,12.1
lge,30,MALE,경기,1인가구,498,8,7.2,8,7.3,5.7,6.5,3.8,5.1,5.9,7.5,24.7,25.7,5.6,12.4
lge,30,MALE,경기,,4674,7.6,7.2,7.6,7.3,5.5,6.4,3.7,4.8,6.5,7.6,26.5,25.4,6.7,12.4
lge,30,MALE,경기,중년_자녀동거,762,7.5,7.1,7.5,7.5,4.8,6.5,3.2,4.4,5.9,7.5,24.2,25.3,5.4,12.2
lge,30,MALE,경기,키즈맘_미취학,447,7.6,7.2,7.6,7.2,5.4,6.7,3.7,4.7,5.6,7.9,25.4,25.8,5.6,12.4
lge,30,MALE,경기,키즈맘_중학생,35,6.5,7.2,6.5,7.5,5,6.4,8,4.6,8.5,,24.7,26.5,5.7,12.3
lge,30,MALE,경기,키즈맘_초등생,139,7.5,7.2,7.5,7.5,5.4,6.2,5.8,4.7,4.7,8,24.2,25.1,5.3,11.9
lge,30,MALE,경남,,1074,7.3,7.1,7.3,7.3,5.2,6.9,5.4,5.4,5.1,,24.8,23.7,6.2,11.6
lge,30,MALE,경남,1인가구,116,8.5,7.2,8.5,7.1,5.7,7.6,2.5,5.2,4.8,7.4,23.3,24.8,5.2,11.8
lge,30,MALE,경남,2인가구,23,10,7.1,10,7.9,6.4,,0.4,5.9,,,24.2,26,5.4,12
lge,30,MALE,경남,키즈맘_초등생,38,7.2,7.2,7.2,7.6,5.1,0.1,8,4.6,7.8,,28.1,28.3,6.4,13.3
lge,30,MALE,경남,중년_자녀동거,176,8.8,7.1,8.8,7.2,5.1,5.7,2.5,4.2,7.3,7.4,24.6,25.4,5.5,12.2
lge,30,MALE,경남,키즈맘_미취학,107,7.5,7.2,7.5,7.5,5.6,7.3,2.4,4.7,7.3,8,22.6,23.5,5,11.5
lge,30,MALE,경남,키즈맘_중학생,14,6.7,6.7,6.7,6.5,4.3,6.4,,4.6,7.7,,19.3,22.6,3.2,11
lge,30,MALE,경북,키즈맘_초등생,34,8.8,7,8.8,7.9,4.4,6.4,8,5,7.7,,23,23.9,5.1,11.4
lge,30,MALE,경북,2인가구,36,6.5,7.1,6.5,6.9,6.3,,,4.9,,,23.3,25.4,5,11.6
lge,30,MALE,경북,1인가구,95,6.3,7.2,6.3,7.4,5.1,6.4,2,4.6,6.1,7.2,23.9,25.4,5.2,12.2
lge,30,MALE,경북,중년_자녀동거,104,7,7,7,7.3,4.7,6.4,0.2,4.4,7.7,7.8,25.1,26,5.5,12.3
lge,30,MALE,경북,키즈맘_중학생,6,10,7.3,10,8,5.6,8.2,,4.5,,7.4,20.9,22.9,5.2,10.8
lge,30,MALE,경북,,737,8.2,7.2,8.2,7.1,5.1,7.6,5,5.1,7.1,,26,25.4,6.6,12.1
lge,30,MALE,경북,키즈맘_미취학,74,9.3,7.2,9.3,6.7,5.9,6.4,4.2,4.9,5,7.2,23.1,23.4,5.1,11.5
lge,30,MALE,광주,키즈맘_초등생,31,7.7,7.1,7.7,7.6,5.1,6.2,5.3,4.1,,7.8,23.4,23.5,5.1,11.5
lge,30,MALE,광주,1인가구,51,8.9,7.2,8.9,6.8,4.7,6.4,6.3,5.2,0.1,,25,25.6,5.2,12.7
lge,30,MALE,광주,중년_자녀동거,94,6.9,7.1,6.9,7.2,5,5.4,0.8,4.9,8.1,7.8,23.9,25.1,5.1,12.2
lge,30,MALE,광주,2인가구,18,8.8,7,8.8,7.7,5.1,6.4,0,5.7,,,22.3,23.8,4.9,11.1
lge,30,MALE,광주,키즈맘_미취학,60,8,7,8,7,5.2,6.4,0,4.3,6.1,,24,24.5,5.1,11.9
lge,30,MALE,광주,,500,7.3,7,7.3,7.1,5.6,6.4,3.7,4.7,5.8,,25,24.6,6.2,12
lge,30,MALE,광주,키즈맘_중학생,6,10,7.2,10,8.2,3.3,,2.5,5.1,,,24.1,25,5.5,11.6
lge,30,MALE,대구,키즈맘_초등생,23,10,6.8,10,7.5,4.9,6.7,,4.4,7.7,,22.6,23.9,4.5,11.8
lge,30,MALE,대구,,718,7.5,7.1,7.5,7.2,5.9,6.4,3.9,4.5,6.2,7.6,27.3,26.2,6.8,12.6
lge,30,MALE,대구,2인가구,18,6,7,6,7.1,6.1,6.4,,6.7,9,,21.5,22,4.4,10.5
lge,30,MALE,대구,중년_자녀동거,112,7.9,7.1,7.9,7.3,4.8,7.3,6.4,4.4,8.6,7.4,22.1,23.4,4.9,11.1
lge,30,MALE,대구,키즈맘_미취학,85,6.3,7.2,6.3,7.4,5.9,6.4,4.4,4.6,1.5,7.4,24.8,25.2,5.7,12.2
lge,30,MALE,대구,키즈맘_중학생,7,,7.4,,6.9,5.1,,1.5,5.5,,,24.6,25.9,5.7,12
lge,30,MALE,대구,1인가구,84,9.1,7.2,9.1,6.9,5.5,6.4,4.1,4.4,5.8,,23.9,25.7,5.6,12.2
lge,30,MALE,대전,2인가구,23,5.6,7.2,5.6,7.3,3.1,8.2,5.3,4.4,,,22.9,23.9,5,12.5
lge,30,MALE,대전,1인가구,79,7.4,7.5,7.4,6.9,5.1,6.4,4.2,4.2,5.5,7.7,24.9,25.5,5.9,12.2
lge,30,MALE,대전,중년_자녀동거,106,7,7.1,7,7.8,5,0.2,0.2,5,7.8,7.4,24.1,24.9,5.4,12.2
lge,30,MALE,대전,키즈맘_중학생,6,10,7.2,10,6,6,,,4.6,,,24.8,23.7,6.1,10.9
lge,30,MALE,대전,,629,8,7.1,8,7.4,5.3,6.7,3.6,4.6,7.6,8.3,27.2,26.3,6.7,13.1
lge,30,MALE,대전,키즈맘_미취학,54,7.7,7.3,7.7,7.8,5.9,6.4,3.5,4.7,7.9,,23.7,23.9,5.3,11.7
lge,30,MALE,대전,키즈맘_초등생,24,7.5,7.1,7.5,7.8,5.7,6.4,8,3.8,6.4,,22.9,23.4,5,11.3
lge,30,MALE,부산,키즈맘_미취학,126,7.7,7,7.7,7.5,6.1,6.4,2.7,4.7,7.3,7.2,25.2,25.6,5.7,12.1
lge,30,MALE,부산,2인가구,48,6.9,7,6.9,7.4,5.1,7.1,2,4.6,4.8,,23.7,24.9,4.9,12
lge,30,MALE,부산,중년_자녀동거,198,8.5,7.1,8.5,7,4.7,6.2,3.2,4.4,4,7.9,23.4,24.2,5.2,11.8
lge,30,MALE,부산,,1240,7.7,7.1,7.7,7.2,5.8,6,5.3,4.5,6.4,7.6,25.9,25,6.4,12.2
lge,30,MALE,부산,1인가구,143,6.8,7.2,6.8,7.1,5.5,6.4,5.3,5,8.3,,23.3,24.7,5.3,11.8
lge,30,MALE,부산,키즈맘_초등생,34,10,7.1,10,6.4,5.1,6.4,2.1,3.5,0.1,7.8,25.2,25.5,5.9,12.3
lge,30,MALE,부산,키즈맘_중학생,15,7.5,7.2,7.5,7.6,4.4,6.4,,6.8,5.9,,28.7,29.5,6.2,14
lge,30,MALE,서울,키즈맘_중학생,8,10,7.1,10,7.3,4.7,,8,4.9,,,24.6,25.7,5.8,11.7
lge,30,MALE,서울,키즈맘_초등생,37,7.2,7.3,7.2,7.3,6.3,4.8,2.7,4,5.3,,22.1,22.4,4.7,10.9
lge,30,MALE,서울,2인가구,84,7.9,7.2,7.9,8,6.2,4.9,8,4.2,6.7,7.3,23.9,25.5,5,12.2
lge,30,MALE,서울,,2996,7.9,7.2,7.9,7.5,6,6.4,3.5,5,5.1,7.6,26.3,25.6,6.6,12.5
lge,30,MALE,서울,중년_자녀동거,450,8.2,7.2,8.2,7.4,5.1,6.5,3.1,4.7,6.6,7.7,23.4,24.6,5.3,11.9
lge,30,MALE,서울,키즈맘_미취학,243,8.5,7.2,8.5,7.7,6.1,7.1,5.2,4.8,5.3,7.8,25.2,26,5.8,12.5
lge,30,MALE,서울,1인가구,297,8.3,7.2,8.3,7.5,5.6,6.2,5.3,5.2,7.1,7.8,24,25.2,5.4,12.2
lge,30,MALE,세종,1인가구,11,9.6,6.9,9.6,5.9,5.6,6.4,,3.3,,,25.1,26.1,5.7,12.2
lge,30,MALE,세종,2인가구,1,10,,10,4.4,6.1,,,1.3,,,23.5,34,7.1,14.6
lge,30,MALE,세종,,112,8.8,7.4,8.8,8.1,5.6,6.4,0.4,4.7,3.9,7.9,27,24.7,7.4,12
lge,30,MALE,세종,키즈맘_미취학,14,5.6,7.3,5.6,7.1,5.8,3.2,8,4,9.9,,24.2,25.1,5.6,12.5
lge,30,MALE,세종,키즈맘_초등생,4,10,7.3,10,7.1,5.5,,,2.6,8,,29.7,28.6,7,13
lge,30,MALE,세종,중년_자녀동거,7,10,6.9,10,6.8,4.6,6.4,,5.1,9.8,,16.9,19.4,3.1,10
lge,30,MALE,울산,2인가구,15,8.3,6.8,8.3,7,5.5,6.4,4,4.9,,,24.3,24.7,5.6,11.9
lge,30,MALE,울산,,480,9,7.2,9,7,5.1,6.4,4.3,4.7,5.8,7.5,25.9,25.6,6.2,12.6
lge,30,MALE,울산,1인가구,64,8.1,7.1,8.1,7.3,5.7,6.4,4.1,5.3,7.7,7.6,24,25.6,5.3,12.2
lge,30,MALE,울산,키즈맘_중학생,7,5.3,6.9,5.3,5.8,7.1,,,3.9,4.9,,16.3,16.7,3.4,8.8
lge,30,MALE,울산,키즈맘_미취학,62,8.2,7.2,8.2,6.9,6,7.3,0,4.9,9.3,7.3,26.3,26.4,6.1,12.9
lge,30,MALE,울산,중년_자녀동거,57,9.1,7.2,9.1,7.4,4.8,6.4,4,5.3,9.4,,24.2,26.2,5.3,11.9
lge,30,MALE,울산,키즈맘_초등생,17,3.4,7.3,3.4,7.1,3.8,10,,4.5,7.9,8,23.5,24.3,5.1,11.7
lge,30,MALE,인천,키즈맘_초등생,41,7.4,7,7.4,7.2,4.9,5.7,6.2,4.2,6.3,7.9,25.7,26,6,12.5
lge,30,MALE,인천,2인가구,34,8.6,7.3,8.6,8.3,5.6,6.4,2.3,4.7,2,7.8,21.4,21.7,4.6,10.4
lge,30,MALE,인천,1인가구,121,7,7.3,7,7,5.9,5.1,1.8,5,3.5,7.3,23.8,25,5.6,11.8
lge,30,MALE,인천,키즈맘_중학생,16,7.5,7.4,7.5,7.8,6.7,6.4,8,4.8,5,8.1,24.4,25.2,5.6,11.8
lge,30,MALE,인천,중년_자녀동거,211,7.7,7,7.7,7.3,5.2,6.4,5.4,4.9,7.7,8,24.1,25.5,5.3,12.1
lge,30,MALE,인천,,1237,7.5,7.1,7.5,7.4,5.4,6.7,6.4,4.6,7.1,7.6,25.4,24,6.5,11.7
lge,30,MALE,인천,키즈맘_미취학,138,7.6,7.2,7.6,7.3,5.5,6.3,3.2,4.7,6.5,7.5,24.9,25.3,5.6,12.3
lge,30,MALE,전남,1인가구,43,6.3,7.3,6.3,7.1,5.2,6.4,4.6,4.7,7.7,8,23.2,24.2,5.3,12.3
lge,30,MALE,전남,중년_자녀동거,85,9,7.1,9,7,4.3,6.4,8,3.9,5.2,,23.4,24.9,5.2,12.1
lge,30,MALE,전남,키즈맘_초등생,21,10,7.4,10,7.4,5.3,10,4,5.2,3.9,,25.9,25.8,5.9,11.9
lge,30,MALE,전남,2인가구,19,6.6,7.3,6.6,8.1,5.5,6.4,,5.5,4.1,,25.6,27.1,6.2,12.4
lge,30,MALE,전남,키즈맘_미취학,43,5.9,7.4,5.9,7.5,5.3,6.4,4.6,5.9,6.5,,25.8,26.8,5.6,13.4
lge,30,MALE,전남,키즈맘_중학생,4,6.8,7.1,6.8,8.3,4.9,,,4.4,,,12.8,11.6,2.3,7
lge,30,MALE,전남,,445,8.4,7.1,8.4,7.3,4.7,6.8,4,6,6.9,7.9,25.9,24.4,6.4,12.2
lge,30,MALE,전북,2인가구,13,7.8,7.3,7.8,8.2,4.9,6.4,0.4,5.2,5.2,,24.9,24.8,5.7,12.2
lge,30,MALE,전북,1인가구,73,7.3,7,7.3,7,4.9,6.4,5.5,4.6,6.8,7.2,23.6,24.6,5.2,12.3
lge,30,MALE,전북,키즈맘_중학생,9,10,7.1,10,6.8,5.5,,,4.4,7.7,,24.1,27.4,5.1,12.4
lge,30,MALE,전북,키즈맘_미취학,50,8.5,7.1,8.5,7.3,5.5,5.5,2.9,4,7.9,,24,24.8,4.9,12
lge,30,MALE,전북,중년_자녀동거,92,8.7,7.1,8.7,7.5,4.6,5.1,0.1,4.5,8.1,7.6,22.7,22.6,5,11.4
lge,30,MALE,전북,키즈맘_초등생,19,6,7.2,6,7.5,6.3,6.4,8,5.4,4.9,,29.1,28.9,6.6,13.7
lge,30,MALE,전북,,547,7.8,7.2,7.8,7.1,5.1,6.9,7.3,6,2.7,,26.6,25.2,6.7,12.4
lge,30,MALE,제주,중년_자녀동거,40,8.4,7.5,8.4,7.3,3.7,6.4,0.1,3.6,4.2,,28.3,28.5,6.8,13.6
lge,30,MALE,제주,키즈맘_초등생,12,7.5,7.6,7.5,7.9,2.3,,,4.9,0.2,,30.6,31.2,6.7,14.4
lge,30,MALE,제주,키즈맘_미취학,26,4.6,7.3,4.6,6.7,4.4,,,5.1,6.4,,27.8,27.9,6.9,12.7
lge,30,MALE,제주,1인가구,30,7.5,7.4,7.5,7.4,5.2,3.4,8.9,4,9.9,,28.8,29.1,6.7,13.3
lge,30,MALE,제주,,240,7.1,7.4,7.1,7.7,4.3,6.4,8.6,4.4,5.4,,27.7,26.8,7.2,12.7
lge,30,MALE,제주,2인가구,5,8.9,6.9,8.9,9.5,3,,0.4,4.5,,,19.8,22.8,4.7,10.2
lge,30,MALE,제주,키즈맘_중학생,5,0,7.3,0,8.6,3.7,,0,3.6,0.1,,31.4,35.3,7.7,15.8
lge,30,MALE,충남,키즈맘_중학생,7,5.5,7.4,5.5,7.1,4.7,6.4,8,6.2,,,20.6,23,4.4,10.9
lge,30,MALE,충남,키즈맘_미취학,72,7.3,7.1,7.3,7.1,5.4,7,0.6,4.2,6.4,7.3,25.6,26.1,5.7,12.4
lge,30,MALE,충남,1인가구,84,7.9,7.3,7.9,7.5,5.5,4.4,1.7,4.9,8.5,8,23.2,24.7,5.2,11.7
lge,30,MALE,충남,중년_자녀동거,101,8.3,7.4,8.3,7.2,4.4,7.2,4.1,5,4.8,7.4,24.6,25.3,5.5,12
lge,30,MALE,충남,,671,7.4,7.2,7.4,7,5.2,5.7,5.2,5.3,5.8,7.2,23.1,22.2,5.5,11
lge,30,MALE,충남,키즈맘_초등생,26,7,7,7,7,4.8,6.4,0.5,3.7,,7.2,21.8,21.9,4.5,11.1
lge,30,MALE,충남,2인가구,16,6.9,7.2,6.9,6.9,6.5,6.4,0.5,4.8,2.4,,26.1,26.4,5.9,12.5
lge,30,MALE,충북,중년_자녀동거,84,7.3,6.9,7.3,6.9,4.8,6.4,1,4.8,7.7,7.4,22.9,23.8,5.1,11.6
lge,30,MALE,충북,키즈맘_초등생,18,10,7.2,10,7.9,5,6.4,8,3.6,7.8,7.4,23.8,24.3,5.5,11.6
lge,30,MALE,충북,1인가구,77,8.5,7.2,8.5,7.6,5.5,7,2.2,4.7,6.4,,24.8,26.7,5.4,12.7
lge,30,MALE,충북,,550,8.1,7.1,8.1,7.3,5.6,6.9,1.3,4.8,7.8,7.9,27.2,26.6,6.6,13.2
lge,30,MALE,충북,키즈맘_중학생,2,5.8,6.3,5.8,8,4.6,,,0.1,,,22,17.5,3.4,10
lge,30,MALE,충북,2인가구,16,9,7.3,9,8.2,4.4,6.4,8,5.4,7.7,,24.4,27.3,5.6,12.3
lge,30,MALE,충북,키즈맘_미취학,46,8.4,7.3,8.4,7.8,4.8,6.8,8,5.2,1.1,7.9,26.1,26.9,6.2,12.8
lge,40,FEMALE,,키즈맘_중학생,392,7.4,7.1,7.4,7.7,4.4,6.7,4.4,4.5,4.9,7.8,23.3,23.6,5.6,12.3
lge,40,FEMALE,,키즈맘_미취학,150,8.5,6.9,8.5,7.5,5.2,5.9,3.6,4.8,7.3,,22.6,22.2,5.9,12
lge,40,FEMALE,,키즈맘_초등생,357,7.8,7.1,7.8,7.4,4.2,7.7,4.3,4.4,6,8.3,24.4,24.3,6.1,12.5
lge,40,FEMALE,,1인가구,351,7.6,7.2,7.6,7.5,5.3,8,5.5,4.7,6.1,8,24.8,24.5,6.3,13.1
lge,40,FEMALE,,중년_자녀동거,660,8.5,7.2,8.5,7.6,4.7,7.8,4.2,4.3,6.3,7.7,23.8,23.6,6.1,12.4
lge,40,FEMALE,,2인가구,128,8.3,7.2,8.3,7.1,5.1,6.4,4.4,4.9,8.8,7.5,23.4,22.8,6.2,11.8
lge,40,FEMALE,,,4929,8.1,7.3,8.1,7.6,5.1,7.1,5,4.6,6.2,7.9,24.6,22.7,6.9,11.6
lge,40,FEMALE,강원,키즈맘_초등생,35,8.3,7.4,8.3,7.2,4.9,6.6,2.6,4.5,7.2,,25.8,25.6,6.6,12.6
lge,40,FEMALE,강원,중년_자녀동거,51,7.3,7.3,7.3,7.1,5.1,5.8,5.8,4.6,5.1,7.7,23.2,23.4,5.5,12.9
lge,40,FEMALE,강원,1인가구,15,10,6.7,10,8.4,4.6,0.1,,3.9,7.1,,17.9,16.6,4.7,9.6
lge,40,FEMALE,강원,키즈맘_중학생,37,6.1,7.3,6.1,7.8,5.3,9.3,0.2,4,3.9,,27,27.1,6.4,13.7
lge,40,FEMALE,강원,2인가구,6,,7.2,,8,3,,,6.5,,,23.2,24,5.8,12.5
lge,40,FEMALE,강원,,312,6.7,7.2,6.7,6.9,4.6,5.3,3.5,4.1,6.2,,26.9,23.8,7.8,12.1
lge,40,FEMALE,강원,키즈맘_미취학,11,8,7.6,8,6.3,3.9,8,4.5,5,7.6,,21,20,5.9,9.7
lge,40,FEMALE,경기,키즈맘_미취학,134,9,7.2,9,7.9,5.8,7.8,1.9,5.1,2.4,7.6,24.6,24,6.3,12.7
lge,40,FEMALE,경기,키즈맘_초등생,455,8.3,7.1,8.3,7.5,4.5,7.7,4.8,4.1,5.3,7.8,23.5,23.1,6,12.2
lge,40,FEMALE,경기,2인가구,129,7.3,7.1,7.3,7.7,5.1,7.5,4.5,4.3,5.5,,25.1,24.1,6.6,12.5
lge,40,FEMALE,경기,,5110,7.8,7.1,7.8,7.5,4.9,7.3,4.2,4.2,6.3,7.8,24.2,21.4,6.9,11
lge,40,FEMALE,경기,중년_자녀동거,836,7.7,7.2,7.7,7.6,5.1,7.4,4,4.3,5.6,8,24.4,24.3,6.1,12.9
lge,40,FEMALE,경기,키즈맘_중학생,618,8.2,7.2,8.2,7.4,4.7,7.9,4.1,4.1,6.4,7.9,23,23.4,5.6,12.3
lge,40,FEMALE,경기,1인가구,303,7.1,7.4,7.1,7.6,5.4,7.5,5.5,4.6,6.7,7.9,24.4,23.9,6.2,12.8
lge,40,FEMALE,경남,키즈맘_초등생,112,8.4,7.1,8.4,7.2,3.8,7.6,5.2,4.3,7,,21.1,21.1,4.9,11.5
lge,40,FEMALE,경남,1인가구,53,9.6,7.3,9.6,6.8,4.4,8.3,1.6,4.2,3.8,7.5,26.2,25.8,6.8,13.5
lge,40,FEMALE,경남,,983,8.8,7,8.8,7,4.5,8.4,4.3,4.5,6.5,7.8,24.4,21.4,7,11.1
lge,40,FEMALE,경남,중년_자녀동거,148,8.7,7.2,8.7,7.4,4.2,7.4,3.9,3.9,6.8,,23.7,23.5,6.1,12.3
lge,40,FEMALE,경남,2인가구,29,6.1,7.1,6.1,7.9,5.5,8,0.3,4.9,7.9,7.7,20.9,21.2,5.2,11.4
lge,40,FEMALE,경남,키즈맘_중학생,128,7.9,7,7.9,7,4.4,6.8,4.2,4.2,6.5,,22.4,23,5.3,12.3
lge,40,FEMALE,경남,키즈맘_미취학,33,9.7,7.4,9.7,7.7,6,8,0,3.9,8.8,,23,21.4,5.7,11.5
lge,40,FEMALE,경북,키즈맘_중학생,90,8.2,6.9,8.2,7,3.2,8,5.3,4.2,6.8,7.7,20.4,21.1,4.9,11.4
lge,40,FEMALE,경북,키즈맘_초등생,68,8.9,7,8.9,7,4.1,8,1.8,4.9,6.4,,23.4,23.2,5.8,12.2
lge,40,FEMALE,경북,키즈맘_미취학,21,6,7.7,6,7.8,6,,9.7,6.1,7.6,,23.4,23.6,5.9,12
lge,40,FEMALE,경북,1인가구,61,6,7.2,6,7.3,4.2,8,4.1,4.1,9.5,7.8,25.3,24.4,6.6,12.6
lge,40,FEMALE,경북,중년_자녀동거,127,8,7.1,8,7.4,4.4,8,5.7,4.3,4.8,,23.3,23.2,5.8,12.2
lge,40,FEMALE,경북,,723,8.1,7.1,8.1,7.2,4.8,8.4,4.5,4.5,7.5,,24.8,22.3,7.1,11.5
lge,40,FEMALE,경북,2인가구,15,8,7,8,8.3,6.3,8,,5.4,9.3,,22,21,5.9,11.1
lge,40,FEMALE,광주,2인가구,8,6.8,7.8,6.8,7.9,6.6,8,0.2,5.6,,,27.1,28.3,6.8,14.9
lge,40,FEMALE,광주,중년_자녀동거,74,7.5,7.2,7.5,7.5,4.3,6,8,4.2,6.3,,23.6,24.1,5.8,12.9
lge,40,FEMALE,광주,키즈맘_초등생,45,4.6,7.2,4.6,7.6,3.8,6,3.8,4,5.8,,25.2,23.8,6.3,12.9
lge,40,FEMALE,광주,1인가구,19,7.5,7.2,7.5,6.2,4.7,8,1.8,5.4,7.7,7.5,21.3,20.7,5.4,11.5
lge,40,FEMALE,광주,키즈맘_중학생,64,7.3,7.3,7.3,8.2,4,8,2.5,3.7,3,,22.2,22.8,5.1,11.9
lge,40,FEMALE,광주,,486,7.7,7.4,7.7,7.6,5.7,8.1,3.5,5.4,7.3,8.2,25.5,22.6,7.3,11.9
lge,40,FEMALE,광주,키즈맘_미취학,14,7.5,7.1,7.5,5.5,3.6,8,0.1,4.6,,,26.8,24.7,7,13.9
lge,40,FEMALE,대구,,577,7.3,7.2,7.3,7.4,5.6,8.3,4.8,3.6,4.1,8.3,26.7,24.6,7.3,12.8
lge,40,FEMALE,대구,중년_자녀동거,78,7.7,7.2,7.7,7.3,4.5,8.1,3.9,4.4,4.6,7.7,24.2,24.8,6.2,12.5
lge,40,FEMALE,대구,키즈맘_중학생,75,7.1,7.2,7.1,7.1,4.5,6.2,4.6,4.1,7.7,,23,22.7,5.7,12.2
lge,40,FEMALE,대구,1인가구,31,10,7.1,10,7.3,4.6,4,1.4,3.7,1.9,,21.1,20.8,5.1,11.5
lge,40,FEMALE,대구,키즈맘_초등생,55,8.7,7.3,8.7,7.9,5.5,8,3,5.8,6.6,,24.3,24.8,6.1,12.5
lge,40,FEMALE,대구,2인가구,10,5,7.3,5,8.1,4.9,,0.2,4.7,7.3,7.7,28.2,26.7,7.6,14
lge,40,FEMALE,대구,키즈맘_미취학,8,,7.3,,6.5,2,,0,1.9,,,19.3,20.1,5,10.1
lge,40,FEMALE,대전,2인가구,13,6.7,7.6,6.7,7.3,4.8,8,,3.9,0.1,,20,20,5.4,10.2
lge,40,FEMALE,대전,키즈맘_초등생,51,8.5,7.1,8.5,8,5.6,8.7,2.7,5.2,6.2,7.7,23.8,23.8,6,12.9
lge,40,FEMALE,대전,중년_자녀동거,115,7.7,7.3,7.7,7.7,5.5,8.3,6.1,4.3,7.5,,24,23.3,5.9,12.9
lge,40,FEMALE,대전,키즈맘_미취학,15,8.8,7.6,8.8,8.5,5.9,5.2,8,6.2,,,22.2,20.8,6.4,10.8
lge,40,FEMALE,대전,키즈맘_중학생,97,8.2,7.3,8.2,7.8,4.6,8.5,5.4,4.4,6.5,7.9,25,25.3,6,13.3
lge,40,FEMALE,대전,,585,7.2,7.2,7.2,7.2,5.3,8,3.6,4.2,5.2,7.7,25.9,23.5,7.4,12.2
lge,40,FEMALE,대전,1인가구,23,10,7.2,10,8,5.4,,0,5.2,7.8,,23.9,24.6,5.9,12.8
lge,40,FEMALE,부산,키즈맘_초등생,101,8,7.2,8,7.3,4.6,7.2,4.3,4.4,6.2,7.5,22.9,22.7,5.5,12
lge,40,FEMALE,부산,중년_자녀동거,198,8.2,7.2,8.2,7.4,4.4,7.2,5.5,4,7,,23.2,22.9,5.9,12.2
lge,40,FEMALE,부산,2인가구,26,10,7.8,10,8,5.3,,1.8,3.8,5.2,,29.1,29.1,7.6,14.4
lge,40,FEMALE,부산,키즈맘_중학생,183,8.2,7.3,8.2,7.6,4.7,6.5,4.3,3.9,6,8.2,24.2,24.3,6,12.6
lge,40,FEMALE,부산,1인가구,60,8.5,7.2,8.5,7.7,5.5,8,5.2,5,5.9,,24.7,23.8,6.4,12.9
lge,40,FEMALE,부산,키즈맘_미취학,31,8,7.1,8,7,5.5,8.5,8.7,3.9,5.8,7.7,21.7,21.3,5.3,11.4
lge,40,FEMALE,부산,,1246,8.5,7.3,8.5,7.4,4.7,6.9,3,4.3,6.8,,26.7,24.1,7.5,12.4
lge,40,FEMALE,서울,2인가구,91,8.6,7.3,8.6,7.8,5.3,8,4.2,4.3,7,7.7,23,21.9,6.1,11.7
lge,40,FEMALE,서울,,2833,7.5,7.2,7.5,7.7,5.5,7.6,4.7,4.8,5.2,7.7,25.4,23.2,7.2,12
lge,40,FEMALE,서울,키즈맘_초등생,217,7.1,7.2,7.1,7.9,5.1,8,4.1,4.4,5.6,7.9,24,23.7,6.1,12.3
lge,40,FEMALE,서울,1인가구,179,7.6,7.4,7.6,7.5,6.2,7.2,4.9,5,7.8,7.7,23.2,23.2,5.8,12.3
lge,40,FEMALE,서울,중년_자녀동거,422,7.6,7.2,7.6,7.7,5.5,8,4.7,4.3,5.8,7.9,24.1,23.7,6.2,12.6
lge,40,FEMALE,서울,키즈맘_미취학,109,7.2,7.2,7.2,7.8,6,6.5,5.3,5.1,7,7.8,24.5,24,6.3,12.2
lge,40,FEMALE,서울,키즈맘_중학생,266,8.1,7.2,8.1,7.8,4.8,7.2,5.1,3.5,5.1,8.1,23.6,23.7,5.8,12.4
lge,40,FEMALE,세종,1인가구,9,10,6.8,10,9.3,7.2,,8.1,5,7.7,,24.6,21.1,7.4,11.7
lge,40,FEMALE,세종,2인가구,3,10,6.2,10,5.7,7.3,,,7.8,,,26.3,27.4,5.9,14.8
lge,40,FEMALE,세종,키즈맘_중학생,15,5,6.9,5,6.1,3,4.5,1.4,4.3,,,20.4,21.2,4.9,11.5
lge,40,FEMALE,세종,,119,10,7.2,10,8.1,6.7,8,8.9,4.6,,7.7,27.2,22.8,7.8,12.6
lge,40,FEMALE,세종,중년_자녀동거,16,4.7,7.5,4.7,7.3,2.7,,4.7,3.8,,,25.6,25.6,6.8,13.3
lge,40,FEMALE,세종,키즈맘_초등생,6,7.3,7.1,7.3,5.1,4.1,8,8,5.3,8.3,,25,24.1,6.5,12.4
lge,40,FEMALE,울산,키즈맘_중학생,65,7,7,7,7.3,3.6,5.8,3,3.9,8.3,7.9,24.4,25.3,5.8,13.1
lge,40,FEMALE,울산,중년_자녀동거,80,7.8,7.1,7.8,7.3,4.5,8,3.6,3.9,7,,21.1,21.7,5.2,11.4
lge,40,FEMALE,울산,키즈맘_초등생,44,8,7.1,8,7.6,5.7,8,4.1,5.1,5.2,,23.7,23.7,5.8,12.4
lge,40,FEMALE,울산,키즈맘_미취학,12,7,6.7,7,7.7,8.1,,,7.2,,,25.8,25.3,6.4,13.6
lge,40,FEMALE,울산,2인가구,10,7,7.3,7,6.8,4,8,0.2,4.8,7.6,,23.5,24.6,5.9,12.5
lge,40,FEMALE,울산,,423,9.4,7.3,9.4,7.3,4.8,7.8,5.1,4.4,6.3,8,27.3,25.5,7.6,12.9
lge,40,FEMALE,울산,1인가구,22,8.3,7.3,8.3,7.7,5.3,8,2.7,4.7,4.1,7.5,21.4,21.3,5.5,11.7
lge,40,FEMALE,인천,,1297,8.3,7.3,8.3,7.6,5.1,6.9,3.9,4.5,6.8,7.7,27.5,24.9,7.9,12.7
lge,40,FEMALE,인천,키즈맘_미취학,35,6,6.7,6,6.6,4.9,6.5,2.7,4.5,7.8,,25.9,25,6.5,12.7
lge,40,FEMALE,인천,1인가구,59,7.2,7.7,7.2,7.7,5.6,8,6,4.4,6.8,8,26.5,26.1,6.6,13.6
lge,40,FEMALE,인천,2인가구,21,6.1,7.4,6.1,7.7,5,8,8.9,4.5,,7.7,27.6,26.5,7.4,13.6
lge,40,FEMALE,인천,키즈맘_중학생,168,7.7,7.2,7.7,7.6,4.9,5.9,2.9,4.1,6.7,8.1,23.6,24,5.7,12.7
lge,40,FEMALE,인천,키즈맘_초등생,137,8.6,7.1,8.6,7.3,5,7.5,2.9,4.3,4.7,7.7,23.4,23.1,5.9,12.1
lge,40,FEMALE,인천,중년_자녀동거,215,8.5,7.3,8.5,7.3,5.4,7.8,5.6,4.8,5.8,7.9,24.7,24.8,6.2,12.9
lge,40,FEMALE,전남,키즈맘_초등생,50,5.6,7.4,5.6,6.7,4.1,7.3,4.4,4.8,4.9,,21.5,21.8,5.3,11.4
lge,40,FEMALE,전남,중년_자녀동거,51,9.3,7.3,9.3,7.5,4.8,8,3.4,4.9,8,,23,23.1,5.6,12.3
lge,40,FEMALE,전남,키즈맘_미취학,11,8,7.9,8,6.8,3.9,,0,3.5,5.8,7.5,25.7,24.4,6.5,13.3
lge,40,FEMALE,전남,키즈맘_중학생,66,7.6,7.2,7.6,7.8,4,8,4.7,3.8,6.7,,23.1,23.5,5.8,12.4
lge,40,FEMALE,전남,2인가구,10,3.6,7.2,3.6,6.4,5.2,8.5,0,5.4,1.9,,22.9,22,6.2,11.9
lge,40,FEMALE,전남,,382,8.2,7.2,8.2,7.8,5,8.3,8,4.9,5.6,,24.6,21.6,7.2,11.4
lge,40,FEMALE,전남,1인가구,13,5.7,7.7,5.7,7.9,5.1,8,9.1,5.3,7.8,,25,24.8,6,13.4
lge,40,FEMALE,전북,키즈맘_초등생,66,8.2,6.9,8.2,7.4,4.5,8,6.8,4.6,2.2,7.5,23.5,22.6,6,12.2
lge,40,FEMALE,전북,,564,7.5,7.4,7.5,6.6,3.6,8.2,4.4,4.4,5.7,7.6,26.1,23,7.4,11.9
lge,40,FEMALE,전북,1인가구,35,6.9,7.3,6.9,7.3,3,8,4,3.3,7.6,,21.8,20.9,4.9,11.5
lge,40,FEMALE,전북,중년_자녀동거,102,8.7,6.9,8.7,7.6,4.9,7.6,7.2,4,6.1,,23.2,22.6,5.7,12.6
lge,40,FEMALE,전북,키즈맘_중학생,81,6.7,7.3,6.7,7.9,5.2,6.2,4,5.4,8.1,7.7,23.7,23.8,5.6,12.7
lge,40,FEMALE,전북,키즈맘_미취학,13,10,7.5,10,7.5,4.8,8,8,4,,,25.6,23.7,6.5,12.8
lge,40,FEMALE,전북,2인가구,11,5.8,7.1,5.8,8.5,4.7,8,8,3.3,7.6,,24.9,25.7,5.9,13.9
lge,40,FEMALE,제주,1인가구,11,0.9,7.7,0.9,7.1,2.7,8,0.1,1.7,3.3,,26,27.1,6.8,13.4
lge,40,FEMALE,제주,키즈맘_미취학,2,10,7.7,10,6.2,7.7,,,2.4,,,37.5,38.3,9.5,17.1
lge,40,FEMALE,제주,키즈맘_초등생,25,10,7.5,10,7.5,3.3,8,8.7,4.4,4,8.5,28.8,28.5,6.6,14.7
lge,40,FEMALE,제주,키즈맘_중학생,29,10,7.5,10,7.2,3.5,8,4,2.7,1.9,,28.2,28.7,6.9,14.2
lge,40,FEMALE,제주,2인가구,1,,,,8.4,0.4,,,1.1,,,36.3,38.3,9,18.8
lge,40,FEMALE,제주,,251,4.2,7.1,4.2,6.6,5.1,8.4,4.4,4.9,4.8,7.5,24.3,21.4,7.2,11.1
lge,40,FEMALE,제주,중년_자녀동거,46,6.1,7.4,6.1,7.6,3.2,8,3.1,3.8,5.9,,27.4,27.7,7.2,13.8
lge,40,FEMALE,충남,키즈맘_중학생,89,9.9,7.1,9.9,7.7,5,7.8,0.8,4.5,5.1,,24,24.2,5.9,12.8
lge,40,FEMALE,충남,2인가구,15,10,7.2,10,8.2,5.8,8.6,4.1,5.9,7.6,,24,25.3,6.6,12.6
lge,40,FEMALE,충남,1인가구,52,5.8,7.3,5.8,7.1,5.5,5.3,6.8,4.7,6.6,,24.5,24,6.1,12.7
lge,40,FEMALE,충남,중년_자녀동거,129,7.3,7.1,7.3,7.4,4.7,6.7,5.5,4.6,7.1,,24.8,25.1,6.2,13.2
lge,40,FEMALE,충남,,686,6.2,7.4,6.2,6.9,5.3,8,4.1,5.1,7.3,7.5,22.5,20.3,6.4,10.9
lge,40,FEMALE,충남,키즈맘_초등생,72,9.4,7.1,9.4,7.4,5.2,8,1.4,5.2,4,7.7,23.1,22.7,6.1,11.9
lge,40,FEMALE,충남,키즈맘_미취학,15,8.8,7.2,8.8,6.4,3.4,9,0,3.1,,,24.2,23.2,6.6,11.9
lge,40,FEMALE,충북,키즈맘_중학생,59,7.9,7.2,7.9,7.9,5.4,8.4,4.4,3.8,6.9,,23.7,24.1,5.7,12.7
lge,40,FEMALE,충북,,506,8.1,7.3,8.1,7.7,4.7,8.3,3.6,4.6,4.8,8.2,27.6,25.4,7.7,13
lge,40,FEMALE,충북,1인가구,38,7.5,7.4,7.5,8,5.2,8,3.1,4.6,7.7,,22.1,23.4,5.3,12.6
lge,40,FEMALE,충북,2인가구,7,8.7,7.2,8.7,7.1,4.9,8,,4.5,,,20.5,19.8,4.9,9.7
lge,40,FEMALE,충북,키즈맘_미취학,9,10,6.9,10,8.7,5.8,8,0,5.7,7.7,,22.1,20.2,4.9,11.4
lge,40,FEMALE,충북,키즈맘_초등생,52,8.3,7.3,8.3,7.5,4.9,8,2.9,3.7,7.3,7.5,25.2,24.9,6.2,13.1
lge,40,FEMALE,충북,중년_자녀동거,80,8.4,7.3,8.4,7.7,4.4,8,5.5,4.8,5,7.5,23.9,23.5,6.2,12.4
lge,40,MALE,,키즈맘_초등생,400,7.7,7,7.7,7.6,4.7,5.8,2.5,3.4,6.7,7.9,25.2,27.9,5.6,13.2
lge,40,MALE,,키즈맘_중학생,375,7.8,7,7.8,7.6,5.2,5.8,4.8,3.7,5.5,8.1,23.8,27.3,5.1,13
lge,40,MALE,,키즈맘_미취학,212,8,7.1,8,7.9,6.4,7.1,1.8,4.1,6.5,8.3,24.6,26.8,5.6,12.7
lge,40,MALE,,2인가구,172,8.3,7,8.3,7.5,5.2,6.4,4.7,3,6,7.9,23,25.1,5.3,11.7
lge,40,MALE,,중년_자녀동거,618,7.5,7,7.5,7.6,4.9,6.3,3.1,3.5,6,8.3,23.8,26.5,5.2,12.5
lge,40,MALE,,1인가구,447,7.8,7.1,7.8,7.8,5.2,6.1,2.4,3.9,6.4,7.7,24.3,27.3,5.3,12.9
lge,40,MALE,,,5403,8,7,8,7.6,5,6,3,3.7,5.8,7.8,25.5,26.2,6.4,12.2
lge,40,MALE,강원,,423,9.2,7.1,9.2,7.1,5.1,6.4,2.8,2.9,7.7,,27.8,27.3,7.4,13
lge,40,MALE,강원,1인가구,34,8.6,7.1,8.6,7.3,5.5,5.6,8,3.2,6,8.4,24.4,27.7,5.5,13.2
lge,40,MALE,강원,키즈맘_초등생,43,5.2,7,5.2,7.6,5.9,7.3,2.1,4.3,7.7,,26.3,29.4,5.7,13.8
lge,40,MALE,강원,키즈맘_미취학,16,10,6.8,10,7.6,5.1,0,0.1,3.9,8.8,,20.6,22.1,5,10.1
lge,40,MALE,강원,키즈맘_중학생,52,7.3,7.1,7.3,7.3,4.7,6.4,0.2,3.9,5.3,,23.7,27.1,5,12.6
lge,40,MALE,강원,2인가구,11,8,7,8,7.7,4.4,0.3,,3.6,0.2,,25.9,27.7,5.8,13.1
lge,40,MALE,강원,중년_자녀동거,60,7.2,7,7.2,7.7,4.1,6.2,0.1,2.7,6.9,7.8,22.6,26.7,4.7,12.6
lge,40,MALE,경기,키즈맘_초등생,581,7.9,7.1,7.9,7.6,5.6,6,3.9,3.4,5.2,7.8,25.3,28,5.6,13.2
lge,40,MALE,경기,키즈맘_미취학,237,8.4,7.2,8.4,7.8,6.4,5.9,2.3,3.6,5.6,8,26.5,28.5,6,13.4
lge,40,MALE,경기,1인가구,457,7.8,7.1,7.8,7.6,5.5,6,3.4,3.5,5.6,7.8,23.4,26.1,5.2,12.4
lge,40,MALE,경기,중년_자녀동거,728,8.1,7.2,8.1,7.7,5,6.4,2.9,3.4,6.4,7.7,24.8,27.3,5.6,12.8
lge,40,MALE,경기,,6137,7.8,7.1,7.8,7.6,5.5,6.4,3.1,3.4,6,7.8,26.1,26.4,6.7,12.3
lge,40,MALE,경기,2인가구,212,8.3,7,8.3,7.5,6.1,6.4,1.9,3.6,6.3,7.8,23.1,25.3,5.2,12
lge,40,MALE,경기,키즈맘_중학생,610,7.6,7.1,7.6,7.5,5.4,6.3,3.8,3.2,5.1,7.9,24.7,28,5.4,13.4
lge,40,MALE,경남,중년_자녀동거,158,7.6,7,7.6,7.1,4,6.8,2.9,3.5,5.4,,23.8,26.1,5,12.3
lge,40,MALE,경남,,1285,8.5,7,8.5,7.1,4.4,6.5,2.4,3.6,7.3,7.7,26.3,27,6.6,12.6
lge,40,MALE,경남,2인가구,37,5.4,7,5.4,7.1,4.6,7.3,3.1,3.5,8.1,,23.8,26.1,5.1,11.9
lge,40,MALE,경남,1인가구,102,7.3,7.1,7.3,7.4,5.4,6.6,1.9,3.1,6.7,7.8,23.8,26.3,5.4,12.1
lge,40,MALE,경남,키즈맘_초등생,121,8,7,8,7.8,4.9,6,2,2.7,6.4,8.3,24.3,26.8,5.3,12.7
lge,40,MALE,경남,키즈맘_중학생,135,8.6,7.2,8.6,7.4,4.6,5.8,3.9,4.1,6,8.1,24.2,28,5.1,13.4
lge,40,MALE,경남,키즈맘_미취학,60,7,6.9,7,7.8,4.7,7.6,3.1,3.6,5.8,,22.1,23.9,4.8,11.4
lge,40,MALE,경북,,982,7.2,6.9,7.2,7.4,4,6.3,3,3.3,6.2,8.1,26.5,27,6.8,12.6
lge,40,MALE,경북,중년_자녀동거,103,8.7,7,8.7,7.4,4.7,7.5,3.4,4,6.1,7.6,24.3,27.3,5.5,12.6
lge,40,MALE,경북,2인가구,30,7.5,6.8,7.5,7.6,4.5,6.4,0.9,2.8,5.3,,23.2,25.4,4.7,12.5
lge,40,MALE,경북,키즈맘_미취학,38,8.2,7.1,8.2,7.7,5.2,6.4,6,2.9,5.1,,20.5,22.5,5.1,10
lge,40,MALE,경북,1인가구,92,7.8,7,7.8,7.4,4.5,6.4,1.9,3.1,4.7,,23.8,26.5,5.5,12.5
lge,40,MALE,경북,키즈맘_중학생,124,7.8,7,7.8,7.3,4.4,6.5,4.2,3.3,7.3,,21.8,26.2,4.5,12.7
lge,40,MALE,경북,키즈맘_초등생,114,8.8,7,8.8,7.2,4.4,6.9,3.1,3.3,5.4,9.8,22.7,25.6,4.8,12
lge,40,MALE,광주,키즈맘_미취학,22,10,7.2,10,6.7,4.6,6.4,,3.5,1,,26.7,27,6.5,13.1
lge,40,MALE,광주,2인가구,18,5.2,7.1,5.2,6.9,4.7,,,3.6,5.4,,26.8,29,6.4,14.4
lge,40,MALE,광주,키즈맘_초등생,52,7.7,7,7.7,7.7,4.7,5.8,2.7,3.8,6.2,,26,29.5,5.6,14
lge,40,MALE,광주,1인가구,38,10,7,10,7.5,5.3,6.4,8,4.6,3.2,7.8,25.5,29.6,5.6,13.9
lge,40,MALE,광주,중년_자녀동거,70,6.2,7.1,6.2,7.5,5.1,6.4,6.4,3.8,6.7,,24.1,26.8,5.5,12.5
lge,40,MALE,광주,키즈맘_중학생,69,5.9,7,5.9,8,5.5,5.1,8,4.2,6.5,7.6,23,27.2,4.5,13.1
lge,40,MALE,광주,,530,7.3,7.1,7.3,7.5,4.9,7,3.7,3.1,7.8,8,26,25.7,6.8,11.9
lge,40,MALE,대구,키즈맘_중학생,57,8.2,7.2,8.2,7.1,4.1,6.5,0,2.5,7.7,,22.7,25.1,4.9,11.9
lge,40,MALE,대구,키즈맘_미취학,26,6.9,6.8,6.9,8.3,5.9,7.1,2.7,3.9,7.6,,27.1,29,6.2,13.7
lge,40,MALE,대구,1인가구,54,8.7,7.1,8.7,7.4,5,7,3.6,2.8,2.6,,22.6,25.1,5,11.8
lge,40,MALE,대구,,671,7.7,7,7.7,7.3,4.8,6.5,3.9,3.5,6.9,7.8,27.1,26.8,6.9,12.5
lge,40,MALE,대구,2인가구,10,8,7.2,8,7.5,3.6,3.1,4,2.5,7.7,,22.8,28.1,4.3,12.8
lge,40,MALE,대구,키즈맘_초등생,63,7.1,7.2,7.1,7.9,4.6,6.6,4.2,3,6.9,,25,28.1,5.2,13.6
lge,40,MALE,대구,중년_자녀동거,83,7.7,7.1,7.7,7.4,4.4,6.4,4.3,2.7,5.4,,25.4,27.6,5.8,13.1
lge,40,MALE,대전,중년_자녀동거,84,9.5,7.1,9.5,8,4.8,6.9,0.3,3.7,6.3,,23.6,25.8,5.3,12.1
lge,40,MALE,대전,,670,8.2,7.1,8.2,7.4,4.7,7.7,5.9,3.2,5,,27.7,27.7,7.1,13
lge,40,MALE,대전,키즈맘_중학생,61,7.1,7,7.1,7.7,5.1,6.5,1.8,3.3,5.3,,22.3,25.6,4.4,12
lge,40,MALE,대전,1인가구,46,8.4,7.2,8.4,8,5.1,6.7,3.6,3.7,5.7,8.3,23.6,26.7,5.1,12.9
lge,40,MALE,대전,키즈맘_미취학,35,5.7,7.2,5.7,6.9,5.5,10,4.3,3.1,6.5,,27.5,29,6,13.7
lge,40,MALE,대전,2인가구,22,5.9,7.2,5.9,7.8,4.3,4.7,0,3.2,8.5,,25.7,27.6,5.2,13.2
lge,40,MALE,대전,키즈맘_초등생,65,7.1,7.1,7.1,7.9,4.4,6.2,4.2,3.2,6.9,,23.2,25.5,4.7,12.5
lge,40,MALE,부산,2인가구,36,8.1,6.8,8.1,7.1,3.3,6.8,3.1,1.8,3.9,,23.9,25.5,5.7,11.8
lge,40,MALE,부산,시니어,1,,8.7,,8,0.6,,,0.9,,,0,0,0,0
lge,40,MALE,부산,중년_자녀동거,184,8.8,7.2,8.8,7.5,4.6,6.4,3.2,2.9,5.9,,24.6,27.4,5.4,12.9
lge,40,MALE,부산,키즈맘_초등생,167,7.1,7.1,7.1,7.9,4.7,6.8,3.1,3.3,6.4,8.3,25.8,28.5,5.6,13.6
lge,40,MALE,부산,키즈맘_미취학,70,6.3,6.9,6.3,7.5,5.8,4.6,2.9,3.5,5.2,,25.7,26.4,5.6,12.5
lge,40,MALE,부산,키즈맘_중학생,141,7.1,7.1,7.1,7.7,4.8,5.8,2.4,3.2,5,7.8,23.2,26.3,5.1,12.5
lge,40,MALE,부산,1인가구,103,8.2,7.2,8.2,7.9,5.9,5.5,4.3,4,5,7.9,25.3,28.7,5.5,13.2
lge,40,MALE,부산,,1402,8.1,7,8.1,7.9,5,6.7,4.6,3.5,7.6,7.8,27.6,28.3,6.8,13.3
lge,40,MALE,서울,2인가구,122,7.9,7,7.9,7.6,5.8,7.6,3.6,4,5.3,,23.5,25.8,5.3,12.1
lge,40,MALE,서울,키즈맘_미취학,147,8.4,7.2,8.4,8.2,6.5,6.1,3.2,4.1,6.3,,25.8,26.9,6.2,12.7
lge,40,MALE,서울,,3359,8,7.2,8,7.9,5.6,6.7,4,4,6.3,8,26,26.4,6.6,12.5
lge,40,MALE,서울,키즈맘_초등생,233,7.4,7.2,7.4,7.7,5.6,5.8,2.6,3.5,4.7,7.8,23,25.9,5,12.2
lge,40,MALE,서울,중년_자녀동거,449,8.2,7.2,8.2,8,5.4,6.2,3.1,3.7,6.2,7.7,25.2,27.8,5.7,13
lge,40,MALE,서울,1인가구,211,7.5,7.4,7.5,7.9,6,6.2,4,3.6,6.4,7.8,22.6,25,5.2,11.8
lge,40,MALE,서울,키즈맘_중학생,228,7.3,7.2,7.3,7.7,5.1,5.2,3.1,3.5,5.8,7.6,22.9,26.8,4.6,12.8
lge,40,MALE,세종,중년_자녀동거,23,8.8,7.1,8.8,7.6,5.9,6.4,8.9,2.4,4.7,,24.2,26.9,5.5,13.2
lge,40,MALE,세종,2인가구,8,,6.9,,8.7,6.2,,,4.9,7.6,,25.3,28.8,4.9,13.9
lge,40,MALE,세종,키즈맘_초등생,11,10,7.1,10,7.5,5,6.4,,4,1.3,,28.1,30.8,6.2,14.4
lge,40,MALE,세종,,175,8.9,7.1,8.9,7.8,5.6,7.3,3.2,2.9,7.8,7.7,29.6,29.9,7.1,14.4
lge,40,MALE,세종,키즈맘_미취학,5,10,6.8,10,6.6,8.5,6.4,0.3,7.9,3.9,,23.8,24.2,5.1,12.6
lge,40,MALE,세종,1인가구,23,9,7.2,9,8.1,6,6.4,2.7,5.3,7.6,,24.3,27.3,5.7,13.1
lge,40,MALE,세종,키즈맘_중학생,15,10,7.1,10,6.4,4.5,6.4,8,3.2,,,23.7,26.7,5.4,12.3
lge,40,MALE,울산,키즈맘_중학생,71,7.9,7,7.9,7.8,4.8,5.8,3,3.6,6.7,,21.8,24.7,4.5,11.8
lge,40,MALE,울산,1인가구,26,6.7,7.1,6.7,8.1,6.4,8.2,5.3,5.5,3.9,,18.9,21.3,4.5,10
lge,40,MALE,울산,,541,8.9,7.2,8.9,7.2,3.9,7.1,4.6,3.2,5.7,,26.5,27.3,6.7,12.8
lge,40,MALE,울산,중년_자녀동거,57,7.6,7.3,7.6,7.8,5.1,6.1,3,3.1,7.3,,25.3,28.2,5.9,13.5
lge,40,MALE,울산,2인가구,21,9.4,7.2,9.4,7.3,5.6,1.1,1.9,4.8,7.6,,25.6,28.1,5.7,13.1
lge,40,MALE,울산,키즈맘_미취학,17,0.6,7,0.6,6.5,4.7,5.7,,3.6,,,23.6,24.6,5.8,11.9
lge,40,MALE,울산,키즈맘_초등생,67,8.6,7.1,8.6,7.5,5.4,7.1,3.5,3.3,7.1,7.6,25.7,29.1,5.6,13.5
lge,40,MALE,인천,키즈맘_중학생,132,8.1,7.1,8.1,7.5,5.3,6,6.7,3.4,6.8,,23.1,26.7,4.7,12.8
lge,40,MALE,인천,중년_자녀동거,158,6.5,7,6.5,7.5,5,6.2,2.5,3.4,5.7,7.8,25.3,27.9,5.7,13
lge,40,MALE,인천,1인가구,97,7.2,7.1,7.2,7.8,5.3,5.6,5.5,3.6,6.9,7.8,24.6,26.7,5.4,12.6
lge,40,MALE,인천,2인가구,48,6.9,7.1,6.9,7.6,4.8,7.8,4,2.9,7.6,7.9,25.7,27.3,5.9,12.8
lge,40,MALE,인천,,1417,8.3,7,8.3,7.5,5,6.1,2,3.1,6.8,7.8,26.6,26.7,6.8,12.4
lge,40,MALE,인천,키즈맘_초등생,135,7.9,7.1,7.9,7.6,4.9,5.9,3.7,3.5,5.6,7.9,26.4,28.9,5.7,13.7
lge,40,MALE,인천,키즈맘_미취학,54,7.4,7.2,7.4,8.2,6.8,6.5,1.8,4.4,4.9,,22.3,23.2,5.1,11.3
lge,40,MALE,전남,1인가구,24,6,7.2,6,7.3,6,6.4,,5.8,4.7,,24.4,27.5,5.4,13.1
lge,40,MALE,전남,중년_자녀동거,55,8,7.1,8,8.2,4.1,5.2,4.3,3.3,7.6,,23.6,27,5.2,12.8
lge,40,MALE,전남,,441,7.1,7.2,7.1,7.7,4.8,6.5,4.2,3.5,8.1,8,28.6,29,7.3,13.3
lge,40,MALE,전남,키즈맘_중학생,52,9.1,7.4,9.1,7.3,5.1,6.7,5.7,3.6,5.1,7.8,23.8,27,5.2,12.9
lge,40,MALE,전남,2인가구,11,10,6.8,10,7.5,5.8,,,2.2,7.8,,24,29,5.4,12.9
lge,40,MALE,전남,키즈맘_미취학,23,10,6.8,10,8,4.6,6.4,4,3.1,7.9,,22.5,22.2,5.9,10.8
lge,40,MALE,전남,키즈맘_초등생,59,7,7.2,7,7.2,3.5,7.4,2.8,3.4,4.4,,21.2,24.6,4.5,11.5
lge,40,MALE,전북,키즈맘_중학생,79,9.7,7.1,9.7,7.3,5.9,6.7,8,4.5,5.3,7.7,25.6,29.3,5.5,14.2
lge,40,MALE,전북,키즈맘_미취학,23,8,7,8,7.7,5.4,3.2,,3.8,4.7,,26.8,26.8,6.6,13.3
lge,40,MALE,전북,키즈맘_초등생,80,8,7.1,8,7.4,4.3,6.8,6.1,3.8,5.6,,24.6,27.4,5.5,13
lge,40,MALE,전북,2인가구,13,,6.9,,8.5,5.7,6.4,,3.5,,,23,23.1,5.7,11
lge,40,MALE,전북,중년_자녀동거,91,6.9,7.1,6.9,7.5,4.3,5.2,3.4,3.6,6.3,,26.1,28.3,5.9,13.4
lge,40,MALE,전북,,621,7.7,6.9,7.7,7.5,4.3,6.6,0.3,3.4,7,7.8,27.9,27.8,7.3,13
lge,40,MALE,전북,1인가구,34,6.7,7,6.7,6.6,3.8,6.4,,3.9,6.9,7.8,25.6,28.1,5.4,13.8
lge,40,MALE,제주,키즈맘_미취학,11,,7.2,,6.5,1.7,,1.2,3.3,7.6,,26.3,27.1,6.2,12.5
lge,40,MALE,제주,키즈맘_초등생,33,5,7.5,5,8.2,4,5.9,2.4,3.1,5.1,7.8,26.6,28.1,6.1,13
lge,40,MALE,제주,중년_자녀동거,38,10,7.1,10,7.3,3.6,7.3,9.2,3.6,8.7,7.6,24.6,26.8,6,12.4
lge,40,MALE,제주,1인가구,14,10,7.2,10,7.7,6,7.6,,3.8,5.2,,25.8,27.2,5.8,12.7
lge,40,MALE,제주,,265,6.1,7.3,6.1,8.1,4.1,6.8,8,4.4,5.4,7.6,28.1,28.8,7.3,14
lge,40,MALE,제주,키즈맘_중학생,30,5.6,7.1,5.6,7.1,2.3,7,4.7,3.1,2.2,,26.3,28.3,5.9,13.4
lge,40,MALE,제주,2인가구,3,10,7.8,10,6.2,5.8,,0,0.9,,,27.1,28.5,7.2,13.7
lge,40,MALE,충남,1인가구,88,7.2,7,7.2,7.2,4.9,6.7,1.6,3.5,6.4,7.9,24.8,27.6,5.6,13
lge,40,MALE,충남,중년_자녀동거,103,8.2,7,8.2,7.3,4.8,6.8,3.1,3.3,5.5,7.7,26.2,27.9,6.1,13.4
lge,40,MALE,충남,키즈맘_초등생,97,8,7.1,8,7.9,5.5,5.6,3.2,3.9,7.7,7.8,24.1,27,5.1,12.9
lge,40,MALE,충남,,839,8.2,7,8.2,7.4,4.8,6.9,2.8,3.3,6.3,7.8,24.3,24.4,6.3,11.4
lge,40,MALE,충남,키즈맘_미취학,19,8.3,7.1,8.3,7.3,5.6,7.1,0,4.3,,,28.9,33.6,6.3,16.1
lge,40,MALE,충남,2인가구,23,8,7.3,8,7.6,5.9,6.4,8.5,3.7,8.6,,30.5,32.1,7.4,15.6
lge,40,MALE,충남,키즈맘_중학생,89,7.4,7,7.4,7.2,5.3,7.5,6.3,3.4,5.7,7.8,23.6,26.8,4.8,12.9
lge,40,MALE,충북,2인가구,19,7.8,7.1,7.8,7.9,6.2,3.2,4,2.8,,,23.5,25.8,5.9,12
lge,40,MALE,충북,,631,8.1,7,8.1,7.6,5.1,6.8,4.5,3.3,6.2,,26.4,26.6,6.7,12.7
lge,40,MALE,충북,중년_자녀동거,88,8.4,7,8.4,7.9,5.2,6.2,2,4.4,6.5,,24,27.7,5.2,13.1
lge,40,MALE,충북,키즈맘_초등생,46,6.9,7.1,6.9,8.1,6,6.4,0,4.6,7.6,,22.8,26,4.8,12.6
lge,40,MALE,충북,키즈맘_미취학,19,10,7.4,10,8.3,5.5,7.6,4.1,3.8,7.2,,19.5,20.2,4.8,9.6
lge,40,MALE,충북,1인가구,56,8.3,7.2,8.3,7.4,5.6,5.8,4.2,4.4,6.7,,23.7,26.1,5.4,12.6
lge,40,MALE,충북,키즈맘_중학생,73,7.7,7.2,7.7,7.6,5,6.6,4.2,3.3,5.2,8,25,29.4,5,14.1
lge,50,FEMALE,,,8985,7.4,7.5,7.4,6.9,4.4,7.1,4.5,3.7,6.1,7.9,26.2,24,7.4,12.2
lge,50,FEMALE,,키즈맘_미취학,309,7.9,7.4,7.9,7.1,5,6.6,4.8,4.1,6.9,8,25.2,25,6.3,13.2
lge,50,FEMALE,,중년_1인,732,8,7.5,8,6.9,4.5,7.5,4.9,3.5,6.3,8.1,25,25.1,6.3,13.1
lge,50,FEMALE,,2인가구,8,10,7.6,10,7.2,3,8,0,3.8,,,21.6,21.1,5.5,12
lge,50,FEMALE,,중년_2인,1019,7.6,7.4,7.6,6.9,4.2,7.1,4.2,3.5,6.2,7.8,25.2,25.3,6.5,13
lge,50,FEMALE,,키즈맘_중학생,178,6.9,7.3,6.9,7.2,4.5,5.9,6.5,3.8,5.2,7.8,24,24.3,5.9,12.6
lge,50,FEMALE,,중년_자녀동거,2405,7.7,7.4,7.7,7.1,4.4,7.1,4.4,3.5,6.5,8,24.2,24.6,6.1,12.9
lge,50,FEMALE,,키즈맘_초등생,92,8.5,7.4,8.5,6.9,4,7,2,3.3,7.3,7.8,26.4,25.8,6.9,13.5
lge,50,FEMALE,강원,중년_1인,39,8.6,7.3,8.6,7.5,5.7,8,8,4.8,6.1,8.1,22.6,22.5,5.8,11.9
lge,50,FEMALE,강원,중년_2인,74,5,7.3,5,7.1,4.6,6.7,1.8,3.7,7.2,7.6,25.3,26.1,6.5,12.8
lge,50,FEMALE,강원,키즈맘_초등생,14,5,7.6,5,6.3,3.7,9,8.9,3.1,9.9,,25.6,25.4,6.4,12.8
lge,50,FEMALE,강원,,557,8.8,7.4,8.8,6.7,4.2,7.7,3.6,3.2,4.7,8,27.8,24.2,8.1,12
lge,50,FEMALE,강원,키즈맘_중학생,14,10,7.9,10,6.9,5.3,8,,3.8,2.2,,21.5,22.4,4.4,11.9
lge,50,FEMALE,강원,중년_자녀동거,149,7.5,7.4,7.5,6.7,4.5,7.6,4.6,3.8,5.4,8.3,23.5,23.8,6,12.3
lge,50,FEMALE,강원,키즈맘_미취학,14,10,7.4,10,7.3,5.9,8,4,5.1,5,,20.7,20.1,5.7,11
lge,50,FEMALE,경기,중년_2인,971,7.2,7.5,7.2,6.9,4.5,7.9,4.5,3.4,6.1,8,25.4,25.1,6.6,13.1
lge,50,FEMALE,경기,키즈맘_초등생,146,7.2,7.4,7.2,7.2,3.9,7.6,2.5,3.5,5.4,7.8,24.4,24.6,6.4,12.8
lge,50,FEMALE,경기,2인가구,8,10,7.5,10,8.2,6.6,8,,6.3,8.8,,24.5,24.7,6.8,14.1
lge,50,FEMALE,경기,중년_자녀동거,2934,7.6,7.5,7.6,7,4.7,7.8,3.7,3.5,6.3,8,24.7,25,6.2,13.1
lge,50,FEMALE,경기,키즈맘_미취학,347,8.4,7.5,8.4,7.2,4.6,7.8,3.7,3.5,6.8,7.9,24.9,24.9,6.4,13.1
lge,50,FEMALE,경기,중년_1인,674,7.3,7.5,7.3,7.1,4.7,7.5,5.1,3.4,6.7,7.8,25,25,6.4,13.1
lge,50,FEMALE,경기,,9493,7.8,7.5,7.8,6.8,4.5,7.5,4.3,3.4,6.8,8,25.9,22.8,7.5,11.6
lge,50,FEMALE,경기,키즈맘_중학생,319,8.9,7.5,8.9,7.2,5.1,7.8,3.2,3.5,6.5,8.2,23.5,24.2,5.8,12.5
lge,50,FEMALE,경남,중년_자녀동거,428,7,7.5,7,6.9,4.3,7.4,3.6,3.7,6.8,7.6,24.2,24.4,6,12.8
lge,50,FEMALE,경남,2인가구,1,5.5,6.8,5.5,7.9,0.3,,,0.6,,,18.1,7.4,2.5,7.1
lge,50,FEMALE,경남,키즈맘_미취학,40,10,7.6,10,6.1,3.7,8,6.1,3.7,8.5,,25.7,26.1,6.5,13.5
lge,50,FEMALE,경남,키즈맘_초등생,30,8.6,7.7,8.6,7.2,3.5,6.4,4.5,2.4,7.9,,20.7,22.2,4.6,11.9
lge,50,FEMALE,경남,,1454,7,7.5,7,6.9,4.5,7.4,5.1,3.4,7.1,,27.6,24.7,7.8,12.8
lge,50,FEMALE,경남,키즈맘_중학생,48,5.4,7.3,5.4,6.6,5.3,6.4,,4.2,8.6,,22.4,22.4,5.3,12.4
lge,50,FEMALE,경남,중년_2인,190,8.1,7.4,8.1,6.7,4,8,4.6,3.4,6.5,8.1,24.8,24.6,6.3,13.1
lge,50,FEMALE,경남,중년_1인,122,8.8,7.7,8.8,6.7,4.1,7.5,5.8,3.6,6.1,,25.6,25.3,6.3,13.2
lge,50,FEMALE,경북,중년_1인,111,6.8,7.6,6.8,7.2,3.7,6.8,7.4,3,6.9,7.9,23.1,22.7,6.2,12
lge,50,FEMALE,경북,키즈맘_미취학,30,10,7.3,10,7.7,3.1,4,0,2.5,7.2,7.6,23.3,23.8,5.5,12.8
lge,50,FEMALE,경북,,984,8,7.4,8,6.4,3.7,8,5.1,3.7,6.5,,27.3,24.7,7.9,12.3
lge,50,FEMALE,경북,키즈맘_중학생,26,10,7.3,10,6.4,3.7,8,,3.2,4.9,,24.2,24.8,6.2,13.1
lge,50,FEMALE,경북,중년_자녀동거,269,7.9,7.4,7.9,7,4.1,7.9,3.7,3.4,7.3,8.1,22.4,22.8,5.5,12.1
lge,50,FEMALE,경북,2인가구,4,,7.9,,6.3,5.2,,,4.5,,,28.7,28.9,8.1,14
lge,50,FEMALE,경북,중년_2인,149,8.6,7.5,8.6,7.1,3.6,7.4,4.9,3.4,6.1,8.5,25.2,25,6.4,12.9
lge,50,FEMALE,경북,키즈맘_초등생,14,10,7.5,10,6.5,3.3,8.7,,3.2,,,24,24.3,6.1,12.6
lge,50,FEMALE,광주,키즈맘_미취학,34,9.2,7.3,9.2,7.4,3.3,8,0.8,3.3,7.2,,21.3,21.1,5.4,12.1
lge,50,FEMALE,광주,중년_자녀동거,273,7.9,7.5,7.9,7,3.7,7.9,6.6,2.9,6.2,7.9,24.5,25.2,6,13.1
lge,50,FEMALE,광주,중년_1인,54,9.2,7.4,9.2,6.8,5,8.3,2.1,4.7,6.3,7.6,26.2,26.6,6.4,14.1
lge,50,FEMALE,광주,,824,9.1,7.5,9.1,7.2,3.8,8,0,4.1,5.4,,29.8,26.7,8.6,13.3
lge,50,FEMALE,광주,2인가구,1,,,,8,1.2,,,0.9,9.5,,17.5,17.4,4.5,9.1
lge,50,FEMALE,광주,중년_2인,92,8,7.5,8,6.5,4.2,6.9,4,3.3,6.3,9.5,25.3,25.2,6.4,13.4
lge,50,FEMALE,광주,키즈맘_초등생,13,10,7.7,10,6.4,2.7,,3.2,2,8.8,7.8,25.5,25.1,6.8,13.2
lge,50,FEMALE,광주,키즈맘_중학생,26,6.6,7.6,6.6,6.5,4.4,8,8,4,4.4,,21.4,21.7,4.9,11.4
lge,50,FEMALE,대구,키즈맘_중학생,18,0.1,7.9,0.1,7,6.5,9.3,4.5,4.7,4.4,,26,26.4,6.7,13.4
lge,50,FEMALE,대구,키즈맘_초등생,16,10,7.4,10,7.4,3,8,0,3.6,2.4,,28,28.4,7.4,14.5
lge,50,FEMALE,대구,중년_2인,126,8,7.4,8,6.9,4.3,7.8,4.8,3.1,6.4,,23.6,23.6,5.9,12.2
lge,50,FEMALE,대구,,850,8.3,7.3,8.3,7.3,4.9,8,8.2,4.2,7.3,,27,24.2,7.7,12.1
lge,50,FEMALE,대구,중년_1인,68,7.3,7.5,7.3,6.8,4.4,8.3,4,3.7,6.5,,23.9,24.4,5.7,13.1
lge,50,FEMALE,대구,키즈맘_미취학,28,10,7.5,10,7.7,4,8.4,4.5,3.5,1.8,,26.3,26.6,6.9,13.3
lge,50,FEMALE,대구,중년_자녀동거,259,6.8,7.4,6.8,6.9,3.7,7.7,4.1,3,6,7.7,24.6,24.9,6.3,12.9
lge,50,FEMALE,대전,,1016,7.7,7.6,7.7,7.3,4.5,8,2.8,3.3,5.5,7.6,28.2,25.1,8.1,12.9
lge,50,FEMALE,대전,중년_1인,91,9.4,7.4,9.4,6.9,4.9,7,6.1,4,4.9,7.6,25.5,26,6.2,14.1
lge,50,FEMALE,대전,2인가구,1,,,,9.8,,,,5.8,,,11.3,9.3,1.4,7.9
lge,50,FEMALE,대전,중년_2인,146,7.5,7.5,7.5,6.6,4.4,8,4.9,3.4,4.8,,27.1,26.8,7,13.7
lge,50,FEMALE,대전,키즈맘_초등생,23,10,7.5,10,7.8,4.1,8,9.2,2.4,5.8,,24.8,23.9,6.5,12.8
lge,50,FEMALE,대전,키즈맘_미취학,30,5.7,7.7,5.7,7.8,4.9,8.6,4,3.9,6.2,,24.7,24.1,6.4,12.1
lge,50,FEMALE,대전,중년_자녀동거,302,7.9,7.5,7.9,7.3,4.4,7.1,2.7,3.4,6.4,7.6,24.1,24.2,5.9,12.8
lge,50,FEMALE,대전,키즈맘_중학생,35,7.5,7.7,7.5,7.3,3.1,8,6.4,2.4,3.9,,23,23.4,5.6,12.5
lge,50,FEMALE,부산,,1878,7.8,7.6,7.8,7.5,4.3,8,3.1,3.5,5.9,7.8,26.9,23.9,7.6,12.4
lge,50,FEMALE,부산,키즈맘_중학생,58,5.7,7.5,5.7,7.3,4.7,8.1,2.7,3.5,6,7.8,23.1,23.9,5.7,12.4
lge,50,FEMALE,부산,키즈맘_미취학,56,6.3,7.5,6.3,5.6,4,8.5,6.6,3.6,7.9,8.3,24.9,24.7,6.5,12.6
lge,50,FEMALE,부산,2인가구,3,10,,10,9,0.8,8,,2.2,,,28,22.4,8.8,11.2
lge,50,FEMALE,부산,중년_1인,123,7,7.4,7,6.9,4.2,7.4,5.5,3.4,6.2,7.7,25.1,24.8,6.5,13.1
lge,50,FEMALE,부산,중년_2인,207,8.1,7.4,8.1,6.9,4.8,7.7,5.3,3.8,5.4,7.8,25.1,24.7,6.5,13
lge,50,FEMALE,부산,중년_자녀동거,579,7.5,7.4,7.5,7,4.5,7.4,3.7,3.4,6.5,7.9,25.1,25.3,6.3,13.1
lge,50,FEMALE,부산,키즈맘_초등생,46,8,7.4,8,6.6,4.7,8,8,3.3,4.8,,26.2,25.2,7,13
lge,50,FEMALE,서울,중년_1인,348,7.8,7.5,7.8,7.1,4.7,7,3.4,3.4,6,7.9,25.3,25.2,6.5,13
lge,50,FEMALE,서울,키즈맘_중학생,162,7.9,7.5,7.9,7.6,4.7,7.6,4.4,3.3,5.6,7.6,24.8,25.1,6.2,13
lge,50,FEMALE,서울,,5205,8.4,7.5,8.4,7.1,4.8,7.7,3.8,3.8,6.1,8.1,25.9,23.6,7.3,12
lge,50,FEMALE,서울,중년_2인,531,7.6,7.6,7.6,6.9,4.4,8,4.6,3.6,6.9,8.2,25.1,25,6.6,13.1
lge,50,FEMALE,서울,중년_자녀동거,1598,7.5,7.5,7.5,7.1,4.9,7.5,4,3.6,6.3,8,24.8,25.1,6.3,13
lge,50,FEMALE,서울,키즈맘_초등생,72,9.2,7.6,9.2,7.4,4.1,6.6,6.8,3,5.7,7.9,24.5,25,6.3,13.1
lge,50,FEMALE,서울,키즈맘_미취학,218,8.2,7.6,8.2,7.2,4.7,7.8,5.5,3.4,6.8,8.3,24,24,6.1,12.7
lge,50,FEMALE,서울,2인가구,3,0,6.8,0,7.7,8.8,4.3,4.5,3.4,,,30.1,30.8,8.6,14.3
lge,50,FEMALE,세종,중년_자녀동거,38,8.8,7.5,8.8,7.9,5.3,8.4,2.8,3.2,8.3,,24.5,24.6,6,12.8
lge,50,FEMALE,세종,,155,,7.7,,8,5.2,5.3,8.9,2.8,,,31.4,29.3,8.8,14.7
lge,50,FEMALE,세종,키즈맘_미취학,3,,,,9,7.7,8,,2.7,,,32,32.3,7.7,15.7
lge,50,FEMALE,세종,중년_1인,15,10,7.7,10,7.2,4.8,,,4.6,8.6,,23.9,22.6,6,11.9
lge,50,FEMALE,세종,키즈맘_초등생,1,,,,8,1.1,8,,0.5,,,24,17.7,7.6,11.7
lge,50,FEMALE,세종,키즈맘_중학생,12,7.5,7.4,7.5,5.4,4,8,8,2.8,,,24.2,24.4,5,13.4
lge,50,FEMALE,세종,중년_2인,17,9,7.3,9,6.3,4.2,8,,1.8,7.6,7.6,22.1,21,6.1,11.7
lge,50,FEMALE,울산,중년_자녀동거,231,8.3,7.6,8.3,6.9,4.4,6.8,5,3.5,7.1,7.8,24,24.2,6.1,12.7
lge,50,FEMALE,울산,,728,6.9,7.4,6.9,7.5,4.6,7.4,1.2,3.3,7.1,7.8,28,25.3,7.9,13
lge,50,FEMALE,울산,키즈맘_미취학,21,10,7.3,10,6.9,3.9,8,,3.6,7.6,,26.3,27,6.4,13.7
lge,50,FEMALE,울산,키즈맘_초등생,11,10,7.2,10,6.7,2.1,,0,2.1,7,,26.7,26.6,6.1,13.6
lge,50,FEMALE,울산,중년_1인,43,8.3,7.3,8.3,7.6,5.1,8,0,4.9,5.6,,22.4,24.1,5.2,12.7
lge,50,FEMALE,울산,중년_2인,105,9,7.3,9,6.6,4.3,8.1,6,3.3,5.2,,25.9,26.1,6.6,13
lge,50,FEMALE,울산,2인가구,1,,,,6.1,0.8,,,1.9,,,39.1,39.4,9.8,18.9
lge,50,FEMALE,울산,키즈맘_중학생,22,8.6,7.4,8.6,6.2,4.5,8,9.2,3.1,4.1,,23.3,23.7,5.5,12.4
lge,50,FEMALE,인천,중년_2인,239,6.9,7.5,6.9,6.6,4.1,7.5,4.6,3.1,6.4,7.8,25.6,24.8,6.8,12.8
lge,50,FEMALE,인천,키즈맘_중학생,65,6.7,7.5,6.7,7.6,4.2,8,0,3.3,2.6,7.8,23.5,23.8,5.7,12.5
lge,50,FEMALE,인천,키즈맘_미취학,117,8,7.4,8,7.5,4.6,8.1,5.1,3.7,5.4,,26.9,26.4,7.1,13.8
lge,50,FEMALE,인천,중년_자녀동거,738,7.6,7.5,7.6,7.1,4.7,7.6,4.2,3.6,6.3,7.9,25.5,25.3,6.5,13.1
lge,50,FEMALE,인천,중년_1인,167,8.5,7.7,8.5,7,5.8,8.1,4,3.9,5.4,8,25.8,25.2,6.7,13.3
lge,50,FEMALE,인천,키즈맘_초등생,41,10,7.6,10,7.1,4.2,8.4,9.2,3.6,7.8,7.8,26.8,26.3,6.9,13.4
lge,50,FEMALE,인천,2인가구,1,,,,8,0.7,,,3.7,,,28.4,20.3,8.7,12.4
lge,50,FEMALE,인천,,2370,7.5,7.4,7.5,6.7,4.1,7.3,2.5,3.4,6.5,8.6,25.8,22.7,7.6,11.7
lge,50,FEMALE,전남,중년_자녀동거,152,6.7,7.5,6.7,6.7,4.2,7.7,2.8,3.3,6.8,,25,25.1,6.2,13
lge,50,FEMALE,전남,키즈맘_중학생,18,10,7.4,10,8.4,4.8,9,,4.2,6.6,,26.4,27.2,6.5,13.7
lge,50,FEMALE,전남,,521,10,7.5,10,7.2,3.5,6.4,2.4,3,4.6,8.2,26.6,24.3,7.6,12.3
lge,50,FEMALE,전남,중년_1인,27,8.6,7.6,8.6,6.7,4.3,8,4,3.8,7.9,,24.2,24.4,5.9,12.3
lge,50,FEMALE,전남,중년_2인,78,6.7,7.4,6.7,7.2,3,7,2.7,3.5,6.6,8.5,26.9,26.6,6.9,13.7
lge,50,FEMALE,전남,키즈맘_미취학,17,10,7.2,10,8,5.1,8,,4.4,8.4,,20.2,20.6,5.3,11.5
lge,50,FEMALE,전남,키즈맘_초등생,11,6.7,7.3,6.7,8.5,5,8,8,3.8,,,22.9,20.9,6.3,11.7
lge,50,FEMALE,전북,,928,6.3,7.4,6.3,6.9,3.9,7,4.5,3.4,7.8,,27.4,24.9,7.8,12.6
lge,50,FEMALE,전북,키즈맘_초등생,14,10,7.3,10,6.2,5,8,0.1,3.9,3.4,,25,25.5,6.1,13.3
lge,50,FEMALE,전북,중년_2인,101,7.8,7.5,7.8,6.6,4.1,8,4.5,3.9,6.9,7.8,26.5,26.5,6.8,13.6
lge,50,FEMALE,전북,중년_자녀동거,271,7.6,7.4,7.6,7,4.3,7.6,4.8,3.7,7.2,8.1,24.4,24.8,5.9,13.1
lge,50,FEMALE,전북,중년_1인,68,6.3,7.5,6.3,6.9,4.6,8,,3.6,4.9,8.3,26,25.5,6.5,13.6
lge,50,FEMALE,전북,키즈맘_중학생,37,10,7.3,10,6.5,3.9,6.2,0.3,2.5,5.7,,23.9,23.4,5.9,12.7
lge,50,FEMALE,전북,키즈맘_미취학,36,8.2,7.2,8.2,8.3,4.8,8.3,4.6,3.5,6.6,,23.5,22.6,6.3,11.8
lge,50,FEMALE,제주,중년_1인,20,8.8,7.7,8.8,7.5,4,8,,3.3,,,31.4,30.9,8.1,14.8
lge,50,FEMALE,제주,키즈맘_초등생,8,10,7.6,10,7.4,3.9,4,8,2.6,,,28.5,27.5,8.2,13.2
lge,50,FEMALE,제주,키즈맘_중학생,12,10,7.5,10,7,4.4,8.2,0.1,3.6,4.6,,24.7,27,5.8,13.5
lge,50,FEMALE,제주,중년_2인,24,10,7.8,10,6.5,2.5,8,,2.9,2.4,,30.9,30.5,8.4,14.8
lge,50,FEMALE,제주,중년_자녀동거,85,8.9,7.6,8.9,6.7,2.9,8.2,1.4,2.9,4.5,7.8,29.4,30,7.4,14.8
lge,50,FEMALE,제주,키즈맘_미취학,12,0,7.3,0,5.3,1.4,8,,1.7,,,22.4,20.9,6.1,11.3
lge,50,FEMALE,제주,,299,6.7,7.4,6.7,6.5,4.2,8,1.2,3.4,3.9,,31.8,30.6,8.3,15.1
lge,50,FEMALE,충남,중년_자녀동거,274,8.9,7.4,8.9,7.1,4.4,7.2,4,3.6,6.2,7.7,24.9,24.7,6.3,13.1
lge,50,FEMALE,충남,2인가구,2,,7.6,,6.1,1.1,8,,1.5,,,34.4,36.4,8.4,15.9
lge,50,FEMALE,충남,중년_2인,134,9.3,7.4,9.3,7.1,4.2,7.8,6.5,3.6,6.9,7.8,26.4,25.3,7.2,13.2
lge,50,FEMALE,충남,키즈맘_중학생,26,10,7.5,10,6.6,4.5,8,,4.4,6.3,7.8,25.8,26,6.4,13.8
lge,50,FEMALE,충남,중년_1인,118,7.9,7.5,7.9,7,4.6,6.7,6.4,4.4,6,7.9,25.8,25.8,6.7,13.5
lge,50,FEMALE,충남,키즈맘_미취학,22,7.5,7.4,7.5,7.8,4.3,8,8.9,4.1,6.4,,24.8,23.4,6.5,12.9
lge,50,FEMALE,충남,,1022,8.5,7.5,8.5,7.2,4.8,7.7,2.3,3.7,7,,26.8,23.7,7.6,12.3
lge,50,FEMALE,충남,키즈맘_초등생,15,5,7.3,5,8.3,1.6,8,9.4,0.9,,7.6,21.9,21.2,5.4,11.9
lge,50,FEMALE,충북,중년_자녀동거,182,7.9,7.5,7.9,7.2,4.7,7.5,3.9,4.1,6.5,8.1,25.2,25.3,6.4,13.3
lge,50,FEMALE,충북,키즈맘_초등생,8,10,,10,7.7,6,,0,2.8,6.2,,27.2,25.9,7.2,14.4
lge,50,FEMALE,충북,2인가구,1,,7.5,,9.2,0.4,0,,2,,,17.1,22.2,1.7,12.3
lge,50,FEMALE,충북,키즈맘_중학생,22,4.6,7.3,4.6,7.8,5.5,8,,5.1,7.9,,24.1,24.8,6.3,13
lge,50,FEMALE,충북,중년_1인,82,8,7.6,8,7.4,3.6,8,4,3.6,6.4,,25.9,25.5,6.7,13.2
lge,50,FEMALE,충북,,720,7.8,7.3,7.8,7.2,4.8,7.4,3.2,3.5,6.2,8.3,27.5,24.2,8.1,12.2
lge,50,FEMALE,충북,중년_2인,94,7.4,7.4,7.4,7,4.3,6.4,5.6,4.1,6.1,7.6,24.9,24.7,6.6,12.9
lge,50,FEMALE,충북,키즈맘_미취학,22,8,7.5,8,6.4,5,6.5,0,3.3,,,27,25,7.3,14
lge,50,MALE,,2인가구,28,10,7.4,10,7.1,3.9,6.4,4,2.3,4.1,,26,29.7,5.6,14.2
lge,50,MALE,,키즈맘_중학생,278,8.6,7.4,8.6,7.5,4.4,5.6,3.1,2.8,6.2,8,26.6,29.6,5.9,14
lge,50,MALE,,,6975,8.1,7.4,8.1,7.3,4.5,6,4.1,3,6,8,26,27,6.6,12.6
lge,50,MALE,,중년_1인,599,8.2,7.4,8.2,7.4,4.6,5.8,3.4,2.9,6.4,8,24.8,28.5,5.5,13.4
lge,50,MALE,,중년_자녀동거,1508,6.9,7.3,6.9,7.3,4.3,6,3.1,3,6,7.9,24.9,28.6,5.5,13.4
lge,50,MALE,,키즈맘_초등생,133,7.4,7.4,7.4,7.6,4.4,6.3,3.2,3,6.8,,25.2,28.3,5.8,13.3
lge,50,MALE,,키즈맘_미취학,171,7.9,7.4,7.9,7.8,5.3,5.6,3.6,3.2,7,8,25.5,28.5,5.9,13.4
lge,50,MALE,,중년_2인,635,6.9,7.3,6.9,7.4,4.6,6.1,3.8,3,6.3,8,25.1,28.4,5.6,13.5
lge,50,MALE,강원,키즈맘_초등생,14,,7.2,,7.6,3.9,6.4,,2.2,,,29,33,5.9,15.4
lge,50,MALE,강원,중년_1인,36,6.8,7.7,6.8,7.4,4.4,7.3,0,3,4.2,,26.1,29.3,5.9,13.7
lge,50,MALE,강원,,463,9.7,7.4,9.7,7.5,3.7,5.2,6.1,2.6,7.2,,28.4,28.3,7.6,13
lge,50,MALE,강원,중년_2인,53,6.7,7.4,6.7,7.8,4.1,5.5,1.7,3.5,7.7,,26.1,29.1,6,13.5
lge,50,MALE,강원,키즈맘_중학생,27,9.3,7.1,9.3,7.1,4.5,6.4,,3,7.8,,20.4,23.9,4.1,11.5
lge,50,MALE,강원,2인가구,1,,,,6.8,0.7,,,1.7,,,0.5,0.5,0.1,0.3
lge,50,MALE,강원,중년_자녀동거,118,9.4,7.4,9.4,7.2,4.4,6,3.5,2.7,6.7,8,23.4,27.3,5.1,12.8
lge,50,MALE,강원,키즈맘_미취학,14,5.4,7.4,5.4,6.9,4.1,3.2,0,3.4,8.7,,26.4,31,5.4,14.1
lge,50,MALE,경기,중년_자녀동거,1901,7.9,7.4,7.9,7.6,4.7,6,2.8,2.7,6.1,7.9,25.4,28.8,5.6,13.6
lge,50,MALE,경기,키즈맘_미취학,170,8.4,7.3,8.4,7.6,5.2,6.1,4.2,2.9,7,,24.5,27.9,5.5,13.2
lge,50,MALE,경기,2인가구,34,4,7.8,4,7.4,6.5,6.4,5.3,2.3,5.3,,23.7,26.5,5.1,12.6
lge,50,MALE,경기,키즈맘_중학생,484,7.1,7.3,7.1,7.2,5.1,6.2,2.9,3,6.5,7.9,25,28.7,5.3,13.6
lge,50,MALE,경기,중년_1인,655,7.4,7.5,7.4,7.3,4.8,6.3,3.2,2.8,6.4,8,25.7,28.9,5.7,13.7
lge,50,MALE,경기,,7716,7.6,7.4,7.6,7.2,4.7,6.1,4.2,2.7,6.4,8,27.2,27.7,7,12.9
lge,50,MALE,경기,중년_2인,655,7.8,7.4,7.8,7.5,4.9,6.5,2.6,2.8,6.2,7.9,25.8,28.7,5.9,13.4
lge,50,MALE,경기,키즈맘_초등생,200,7.7,7.4,7.7,7,5,6.1,3.4,2.7,7,,25.5,28.1,5.7,13.1
lge,50,MALE,경남,중년_1인,133,8.3,7.5,8.3,7,3.6,6,4.7,2.9,7.3,8.1,25.4,29,5.6,13.8
lge,50,MALE,경남,2인가구,5,,7.2,,9,6.6,,8,2.9,7.7,,26.8,29.5,6,14.7
lge,50,MALE,경남,키즈맘_미취학,20,10,7.3,10,7.5,3.7,6.4,,2.6,4,,28.3,31.5,5.9,14.4
lge,50,MALE,경남,중년_자녀동거,322,6.9,7.4,6.9,7,4.4,6,3.1,2.9,6.9,8,24.6,28.4,5.3,13.4
lge,50,MALE,경남,키즈맘_초등생,43,7.5,7.3,7.5,6.8,2.9,4.1,6.7,2.7,7.8,,26.2,28.9,5.8,13.6
lge,50,MALE,경남,,1329,8.2,7.4,8.2,7.5,4,6.4,2.5,2.8,7.1,7.8,27.6,28.3,7.3,12.8
lge,50,MALE,경남,키즈맘_중학생,89,7.8,7.5,7.8,7.7,4.4,6.2,1.3,2.6,3.3,,25.2,29.2,5.3,13.9
lge,50,MALE,경남,중년_2인,115,5.8,7.6,5.8,7,3.6,5.8,1.4,2.9,6.2,,25.6,29.2,5.7,13.6
lge,50,MALE,경북,,952,8,7.3,8,7.8,3.8,6.5,4.4,2.7,5.8,8.6,27,27.9,7.1,12.7
lge,50,MALE,경북,키즈맘_초등생,18,3.3,7.4,3.3,8,3.7,10,0,2.5,4,,25.5,28,5.7,13
lge,50,MALE,경북,중년_2인,102,7.7,7.3,7.7,7,3.6,6.8,2.1,2.3,6.4,,25.1,29.3,5.6,13.5
lge,50,MALE,경북,키즈맘_중학생,52,9.5,7.3,9.5,7.6,3.9,5.8,4.6,2,6.7,,23.3,26,5.3,12.1
lge,50,MALE,경북,2인가구,7,10,7.4,10,5.7,5.2,,8,2.4,2,,31.2,32.5,8.2,14.8
lge,50,MALE,경북,중년_1인,137,8.1,7.3,8.1,7.6,4.2,5.4,3.6,2.8,7,7.8,24.8,28.4,5.6,13.4
lge,50,MALE,경북,키즈맘_미취학,18,10,7.7,10,7.8,4.7,4.8,0,3.4,,,21.1,24.6,4.3,12.1
lge,50,MALE,경북,중년_자녀동거,240,7.6,7.2,7.6,7.7,4.3,5.2,0.1,3,6.5,7.8,24,27.9,5.1,13.3
lge,50,MALE,광주,키즈맘_초등생,19,10,7.6,10,7.4,5.4,6.4,8.6,1.5,,,25.2,28.6,5.9,13
lge,50,MALE,광주,,627,8,7.4,8,7.2,4.4,6.5,3.2,3.1,7.7,7.9,28.6,29.1,7.5,13
lge,50,MALE,광주,중년_자녀동거,180,6.8,7.3,6.8,7.6,3.7,6.2,1.3,2.5,7.1,,25.3,28.7,5.6,13.5
lge,50,MALE,광주,키즈맘_중학생,50,4.3,7.6,4.3,7.7,4.3,6.8,4,3,7.4,,26.5,30.5,5.8,14.4
lge,50,MALE,광주,키즈맘_미취학,16,6.7,7.2,6.7,8,5,2.4,,3.9,7.7,,24.4,28.6,5.1,13.7
lge,50,MALE,광주,2인가구,3,,6.6,,6.2,4.6,,,2.3,,,30.7,31.6,6.3,15.4
lge,50,MALE,광주,중년_2인,51,6.7,7.7,6.7,8.4,4.4,4.9,1.6,3,5.6,9.1,24.9,28.7,5.5,13.3
lge,50,MALE,광주,중년_1인,46,8.5,7.6,8.5,6.8,5.1,5.3,4.2,2.8,6.7,,24.4,28.5,5.3,13.8
lge,50,MALE,대구,2인가구,3,,,,8.5,1.5,6.4,,1,8.2,,27.7,33.3,5.3,15.5
lge,50,MALE,대구,,717,8.3,7.3,8.3,7.2,3.6,5.9,3.2,2.8,6.4,,29.1,29.8,7.3,13.8
lge,50,MALE,대구,중년_2인,73,7,7.3,7,6.3,3.2,5.3,0.1,1.8,7.3,7.8,27,30.5,5.9,14.5
lge,50,MALE,대구,키즈맘_중학생,42,5.9,7.4,5.9,7.1,3.9,6.4,4.2,2.5,2.7,,23.4,26.7,5,12.9
lge,50,MALE,대구,중년_자녀동거,150,8.6,7.4,8.6,7.2,4.1,6.8,3,2.2,5.1,8.3,24.5,28,5.5,13.3
lge,50,MALE,대구,키즈맘_초등생,26,6.7,7.5,6.7,7.3,4.8,4.8,0.2,2.2,7.6,,26.2,30.2,5.9,13.9
lge,50,MALE,대구,중년_1인,56,10,7.6,10,7.6,4.8,4.8,1.8,3.6,5.7,,24,26.5,5.6,12.5
lge,50,MALE,대구,키즈맘_미취학,12,10,7.6,10,7,7.8,6.4,0,3,5.2,7.8,25.8,29.2,6,14.3
lge,50,MALE,대전,2인가구,5,,7.5,,8.8,2,,,1.3,7.7,,33.8,34.3,8.7,15.8
lge,50,MALE,대전,,826,6.7,7.4,6.7,7.2,4.6,6.4,6.1,3.8,6.6,,28.1,28.2,7.5,12.8
lge,50,MALE,대전,중년_자녀동거,197,7.2,7.4,7.2,7.4,4.8,5.4,2.3,3.2,7.6,7.8,25.1,28.8,5.4,13.7
lge,50,MALE,대전,중년_1인,74,7.5,7.4,7.5,7.4,5.9,5.5,2.3,3.7,5.6,7.8,24.2,26.3,5.6,12.2
lge,50,MALE,대전,키즈맘_미취학,20,5,7.4,5,7.3,2.8,6.4,0,2.1,5.3,,24.8,26.5,6,12.3
lge,50,MALE,대전,키즈맘_초등생,23,10,7.2,10,7.9,5,6.4,,2.3,7.2,,24,26.7,5.1,12.7
lge,50,MALE,대전,키즈맘_중학생,51,6,7.5,6,6.2,4.4,6.4,0,3.1,7.6,,22.9,25.6,4.8,12.2
lge,50,MALE,대전,중년_2인,84,7.8,7.4,7.8,7.1,4.2,5.5,1.8,2.6,7.5,,24.8,28.1,5.5,13.4
lge,50,MALE,부산,키즈맘_중학생,95,8,7.3,8,7.9,4.6,6.4,5,2.6,6.9,9.9,22.9,27,4.6,12.9
lge,50,MALE,부산,,1539,8.1,7.5,8.1,6.9,4,6.3,3.2,2.5,6.4,7.9,29.2,29.6,7.7,13.9
lge,50,MALE,부산,2인가구,1,,,,3.1,5.8,6.4,,1,0.2,,25.4,30.1,4.7,12.5
lge,50,MALE,부산,중년_1인,100,8.9,7.4,8.9,7.6,4.5,6.2,4,2.5,6.8,7.8,24,27.2,5.3,12.9
lge,50,MALE,부산,중년_자녀동거,399,7.8,7.4,7.8,7.5,3.7,5.8,2.3,2.8,5.9,8,25.5,28.7,5.6,13.5
lge,50,MALE,부산,키즈맘_미취학,32,10,7.6,10,7.7,4.7,6.2,0.1,2.2,4,7.8,23.1,25.6,5,11.5
lge,50,MALE,부산,키즈맘_초등생,45,8,7.3,8,7,4,6.4,8,1.9,7.6,,25.9,28.5,5.7,13.2
lge,50,MALE,부산,중년_2인,111,7,7.4,7,7.8,4.6,6.6,3.8,3.1,6.9,7.8,27.4,30.4,6.4,14.4
lge,50,MALE,서울,키즈맘_초등생,87,7.5,7.4,7.5,7.1,4.3,7.3,4.6,2.6,6.7,,26.2,28.9,5.9,13.7
lge,50,MALE,서울,중년_2인,359,8.5,7.5,8.5,7.6,4.8,6.1,2.5,2.8,6.6,8,24.5,27.9,5.5,13.3
lge,50,MALE,서울,2인가구,21,9.5,7.3,9.5,7.2,4.7,8.2,4,3.4,,,23.6,26.4,5.4,12.1
lge,50,MALE,서울,키즈맘_중학생,219,9.1,7.6,9.1,7.5,5.3,5.6,2.9,2.7,6.3,8,24.2,27.9,5.2,13.2
lge,50,MALE,서울,키즈맘_미취학,101,9.7,7.4,9.7,8.2,5.3,6.8,4.5,3.2,6.7,8.2,24.6,27.5,5.3,13.4
lge,50,MALE,서울,중년_1인,303,8.4,7.4,8.4,7.8,5.6,6.3,3.9,3.1,6.3,8,25.6,28.7,5.8,13.5
lge,50,MALE,서울,중년_자녀동거,986,7.6,7.4,7.6,7.6,5.1,6.3,3,3.1,5.6,8.4,25.2,28.4,5.6,13.5
lge,50,MALE,서울,,4267,7.6,7.4,7.6,7.7,4.9,5.8,3.2,3,6.4,7.9,27,27.5,7,12.9
lge,50,MALE,세종,중년_2인,10,10,7.6,10,8.1,4.8,6.4,0,0.9,7.7,,29.8,33.3,6.4,15.7
lge,50,MALE,세종,중년_자녀동거,37,6.7,7.2,6.7,6.8,5.8,7.6,,3.2,7.5,,21.6,24.7,4.6,11.4
lge,50,MALE,세종,2인가구,1,10,6.7,10,8,0.7,,,,,,25.2,33.3,6,14.9
lge,50,MALE,세종,키즈맘_중학생,15,5.7,7.3,5.7,7.6,5,6.4,4,2.7,4.8,,28.4,31.9,6.7,15.5
lge,50,MALE,세종,중년_1인,22,8.9,7.5,8.9,7.6,6.7,6.9,0,3.9,7.6,,25.9,30,5.6,15.1
lge,50,MALE,세종,,155,8.3,7.4,8.3,7.5,5.6,6.4,4,3.2,3.7,,30.6,30.7,8.2,14.4
lge,50,MALE,세종,키즈맘_미취학,2,,7.6,,6.1,4,,,4.2,0.1,,31.8,33.2,8.7,15.2
lge,50,MALE,세종,키즈맘_초등생,8,10,7.2,10,7.2,4.3,6.4,,2.9,2,,25.1,27.1,5.9,13.5
lge,50,MALE,울산,2인가구,1,10,7.6,10,8.3,9.3,,,8.6,,,0.6,0.6,0.2,0.3
lge,50,MALE,울산,키즈맘_초등생,16,7.1,7,7.1,7.3,5.3,6.4,,3.7,6.2,,23.8,27.5,4.9,12.6
lge,50,MALE,울산,중년_2인,62,8.1,7.3,8.1,7.6,3.6,5.2,1.7,2.3,7.4,,25.3,29,5.4,13.8
lge,50,MALE,울산,중년_1인,42,7.9,7.6,7.9,8.2,3.7,5.3,0.1,2.1,6.3,,22.1,24.5,5,11.2
lge,50,MALE,울산,,648,8.1,7.4,8.1,7.6,3.9,6.8,1.7,2.5,7.3,8,25.1,26.2,6.3,12
lge,50,MALE,울산,키즈맘_중학생,46,10,7.3,10,7.2,3.7,5.8,3.2,2,5.4,,23.7,28.8,4.6,13.9
lge,50,MALE,울산,키즈맘_미취학,14,6.7,7.3,6.7,8.1,4.5,6.4,4,2.8,,,22.2,25.8,4.4,12.3
lge,50,MALE,울산,중년_자녀동거,169,7.7,7.3,7.7,7.3,4,5.8,0.6,2.6,6.1,8,23.7,27.1,5.2,12.7
lge,50,MALE,인천,,1721,7.9,7.4,7.9,7.4,5.1,5.5,3.9,3.1,5.2,7.9,27.9,28.3,7.1,13.2
lge,50,MALE,인천,중년_자녀동거,396,7.7,7.4,7.7,7.6,5.2,6.5,4.7,3.1,6.7,8,25.6,28.9,5.6,13.8
lge,50,MALE,인천,키즈맘_미취학,60,8.8,7.4,8.8,7.5,5.2,5.3,0,3.3,6.1,8.1,26.4,29.1,6,13.5
lge,50,MALE,인천,중년_1인,123,7.6,7.5,7.6,7.2,4.9,6.5,5.2,2.6,5.1,8,24.2,27.2,5.4,12.8
lge,50,MALE,인천,2인가구,6,10,7.6,10,8.6,3.7,8.4,8,1.1,,,26.4,31.8,5.6,14.9
lge,50,MALE,인천,키즈맘_중학생,97,8.1,7.4,8.1,7.6,4.7,6.4,6.2,2.9,6.2,,25.7,28.7,5.7,13.8
lge,50,MALE,인천,중년_2인,119,9.1,7.4,9.1,7,4.3,6.7,4,2.8,6.5,,27.6,30.3,6.2,14.4
lge,50,MALE,인천,키즈맘_초등생,53,7.5,7.2,7.5,6.9,4.5,7,2.2,2.5,6.6,7.8,24.3,27.9,5.3,13
lge,50,MALE,전남,중년_1인,46,4.6,7.3,4.6,7,3.5,6.9,4,2.9,7.7,,24.7,28.7,5.2,13.7
lge,50,MALE,전남,중년_자녀동거,136,7.8,7.4,7.8,6.9,3.2,5.4,2.7,2.7,4.5,8,24.2,28.1,5.2,13.1
lge,50,MALE,전남,키즈맘_미취학,7,,7.5,,7.7,2.5,6.4,,1.3,,,24.7,27.4,5.4,12.6
lge,50,MALE,전남,키즈맘_초등생,22,6.8,7.4,6.8,7.4,6.5,6.4,0.3,3.1,9.2,,24.4,27.1,5.4,12.8
lge,50,MALE,전남,중년_2인,51,4.5,7.3,4.5,7.4,3.6,5.5,0.1,2.9,3.9,7.9,25.8,28.9,5.8,13.1
lge,50,MALE,전남,2인가구,2,10,7.2,10,7.9,6.8,,,1.3,,,30.8,34.4,6.6,16.6
lge,50,MALE,전남,,532,9.2,7.1,9.2,7,3.6,6.3,0.3,2.8,7.9,,27.9,28.9,7.2,12.9
lge,50,MALE,전남,키즈맘_중학생,42,6.8,7.5,6.8,8.1,3.5,6.4,8,2.1,4.1,7.9,26.5,28.9,6,14.2
lge,50,MALE,전북,키즈맘_미취학,16,7.5,7.3,7.5,7.7,3.2,6.4,,2.2,6.4,,27.6,30.5,6.2,14.5
lge,50,MALE,전북,중년_1인,52,7.1,7.4,7.1,7.7,4.6,7.4,0.2,2.8,7.2,,22.2,25.7,4.6,12.1
lge,50,MALE,전북,,731,7.7,7.3,7.7,7.5,4.6,6.6,0,3.3,7.8,,28.5,29,7.3,13.3
lge,50,MALE,전북,2인가구,1,,7.7,,,2.9,,,0.5,,,0.6,0.6,0.1,0.3
lge,50,MALE,전북,중년_2인,60,7.5,7.2,7.5,7.3,3.6,5.2,0.1,2.8,8,,26.6,30.2,5.9,14
lge,50,MALE,전북,키즈맘_중학생,51,5.4,7.5,5.4,7.6,4.7,3.4,1.6,2.6,6.8,7.9,23.5,27.1,4.8,12.8
lge,50,MALE,전북,중년_자녀동거,207,7,7.4,7,7.4,4.1,6,3.2,3,5.9,,25,28.8,5.3,13.7
lge,50,MALE,전북,키즈맘_초등생,28,10,7.2,10,7.1,3.2,6.4,1.6,2,7.8,,24.7,27.9,5.8,12.9
lge,50,MALE,제주,중년_2인,33,7.9,7.5,7.9,7.6,2.2,6.6,8,1.5,,,30.5,31.9,7.6,14.7
lge,50,MALE,제주,키즈맘_중학생,16,10,7.4,10,7.2,3.4,0.8,0,2.3,6.1,8.1,25,29.3,5.5,13.8
lge,50,MALE,제주,2인가구,2,0,9,0,8,5.4,,,0.1,,,27.5,32.7,5.2,15.2
lge,50,MALE,제주,중년_1인,17,8.5,7.4,8.5,6.7,2.2,6.4,,1.5,,,28.3,30.5,6.7,14.5
lge,50,MALE,제주,키즈맘_초등생,14,10,7.5,10,7.6,3.7,7.6,0,2.4,,,22.7,26.6,5.2,12.2
lge,50,MALE,제주,키즈맘_미취학,3,,7.8,,7.5,1.1,,,1.2,9.8,,36.4,37.4,9.4,18.3
lge,50,MALE,제주,중년_자녀동거,67,8.3,7.5,8.3,8,3.4,4.5,2.7,2.7,6.5,,28,30.3,6.9,14.3
lge,50,MALE,제주,,266,10,7.4,10,6.3,2.9,5.2,,2.1,7.3,,30.8,31,8,14.6
lge,50,MALE,충남,키즈맘_미취학,20,6.7,7.8,6.7,7.9,3.8,6.4,8.9,1.9,3.5,8,27,30,5.7,14.1
lge,50,MALE,충남,중년_자녀동거,190,8.1,7.4,8.1,7,3.7,5.5,3.8,2.2,6.7,,26,29.4,5.6,13.8
lge,50,MALE,충남,2인가구,3,,7.5,,7.5,6.7,,,3.5,,,30.8,34.8,6.5,16.6
lge,50,MALE,충남,키즈맘_중학생,45,5.8,7.5,5.8,7.4,5.1,5.6,0.2,4,4.7,,25.5,29.8,5.1,14.3
lge,50,MALE,충남,,945,8.3,7.3,8.3,7.4,4.6,6.2,6,3.1,7.4,,25.6,26.3,6.7,12.2
lge,50,MALE,충남,중년_1인,109,8.1,7.5,8.1,7.5,4.6,6.8,2.4,3.3,6,8,26.4,29.5,5.8,14.1
lge,50,MALE,충남,키즈맘_초등생,26,7.5,7.4,7.5,6.6,2.8,8.2,0.1,3,0.2,,24.1,27.2,5.3,12.9
lge,50,MALE,충남,중년_2인,94,7.1,7.4,7.1,7.2,4.1,6.5,4.3,2.5,6.5,,24.2,27.9,5.2,13.5
lge,50,MALE,충북,중년_1인,69,7.5,7.4,7.5,7.1,5.2,5.6,3,2.4,8.4,7.8,24.7,28.7,5.3,13.6
lge,50,MALE,충북,,640,8.9,7.4,8.9,7.1,4.6,5.9,4.3,3.1,6.4,7.9,28.1,28.1,7.5,12.8
lge,50,MALE,충북,중년_2인,57,6.8,7.3,6.8,7.1,3.8,6.4,,3.2,7.2,,28.5,31.1,6.6,14.5
lge,50,MALE,충북,키즈맘_중학생,25,10,7.6,10,8.1,4.8,6.4,2.3,3.2,5.5,8,25.4,29.1,5.7,14.3
lge,50,MALE,충북,키즈맘_초등생,14,5,7.5,5,7.5,3.6,6.9,8.9,3.1,7.8,,21.1,22.8,5.1,11.1
lge,50,MALE,충북,2인가구,2,,6.6,,8,5.2,6.4,0.3,0.4,,,29.8,33.3,7.6,15.1
lge,50,MALE,충북,중년_자녀동거,142,9.2,7.5,9.2,7.3,4.4,6.1,5.1,2.7,6.4,7.9,24,27.5,5.1,13
lge,50,MALE,충북,키즈맘_미취학,15,10,7.2,10,8.5,4.9,,,4,8.2,,23.1,26.6,5.4,12.8
lge,60,FEMALE,,키즈맘_미취학,310,7.6,8.2,7.6,6.5,3.2,6.5,3.6,2.3,6.4,8.3,23,22.1,6.3,11.4
lge,60,FEMALE,,중년_2인,899,7.5,8.2,7.5,6.8,3.4,7.6,3.2,2.8,7.3,8,25,24.8,6.5,12.7
lge,60,FEMALE,,2인가구,4,10,8.2,10,5.3,5.3,,8.3,3.4,,,17.6,18.1,3.8,10.6
lge,60,FEMALE,,시니어,1716,7,8.2,7,6.7,2.6,6.7,3.7,2.3,7,8.2,11.6,11.6,2.9,6
lge,60,FEMALE,,중년_1인,526,7.6,8.2,7.6,6.9,3.7,7.8,4.9,3,6.9,8.3,25.7,25.4,6.7,13.1
lge,60,FEMALE,,,9711,7.5,8.2,7.5,6.6,3.1,7.5,3.9,2.4,6.3,8.2,21.7,19.8,6.2,9.9
lge,60,FEMALE,,중년_자녀동거,1796,7.5,8.2,7.5,6.7,3.2,7.6,4.4,2.6,6.8,8.1,21.1,20.8,5.6,10.8
lge,60,FEMALE,,키즈맘_초등생,240,7.4,8.3,7.4,6.7,3.2,7.4,3.4,2.6,6.8,8.1,18,17.5,4.8,9
lge,60,FEMALE,,키즈맘_중학생,130,7.7,8.1,7.7,6.7,2.8,8.2,1.6,2.5,6.8,,14.3,14,3.8,7.2
lge,60,FEMALE,강원,중년_자녀동거,85,8.9,8.3,8.9,6.3,3,8.2,6.3,1.7,7.3,,21.3,21.3,5.3,11
lge,60,FEMALE,강원,2인가구,1,,,,5.1,,,,0.2,,,38.4,36.1,9.4,16.9
lge,60,FEMALE,강원,키즈맘_미취학,12,,8.4,,6.9,2.9,8,,2.7,8.6,,17.7,17,5.1,8.6
lge,60,FEMALE,강원,시니어,84,5.4,8.2,5.4,7,2.6,8,2.3,2.4,5.9,,11.6,11.6,3,6.1
lge,60,FEMALE,강원,중년_1인,26,7.5,8.3,7.5,6.6,4.2,8,2,2.9,7.9,8,26.1,25.6,7.2,12.8
lge,60,FEMALE,강원,중년_2인,53,6.3,8.2,6.3,6.4,3,6.9,0,2.3,5.6,,27.7,27,7.3,13.3
lge,60,FEMALE,강원,키즈맘_중학생,5,10,8.1,10,6.6,3.8,,,4.3,6.6,,2,1.6,0.5,1
lge,60,FEMALE,강원,키즈맘_초등생,12,10,8.1,10,6.9,2.8,8,0.1,2.2,7.8,,13.9,12.7,4.2,6.8
lge,60,FEMALE,강원,,438,7.1,8.1,7.1,7,3,8,3.3,2.7,7.9,,27.3,24.6,8,11.9
lge,60,FEMALE,경기,키즈맘_초등생,130,8.7,8.2,8.7,6.7,3.3,8,0.2,2.3,5.9,,16.8,16,4.4,8.2
lge,60,FEMALE,경기,중년_1인,401,7.4,8.2,7.4,7,3.6,8.1,5.1,2.4,6.9,8.1,27.4,26.6,7.2,13.7
lge,60,FEMALE,경기,2인가구,3,,8.1,,7.3,5.8,,,6.8,7.9,,29.9,28.3,9.3,15.8
lge,60,FEMALE,경기,중년_2인,655,7.8,8.2,7.8,6.3,3.5,7.7,3.4,2.3,6.9,8.1,26,25.5,6.8,13
lge,60,FEMALE,경기,시니어,917,7.7,8.2,7.7,6.7,2.9,8,2.8,2.3,7,8.1,12.4,12.3,3.2,6.3
lge,60,FEMALE,경기,키즈맘_미취학,263,8.3,8.2,8.3,6.5,3,7.5,4.2,2.1,7,8.8,24.7,24.1,6.5,12.3
lge,60,FEMALE,경기,키즈맘_중학생,88,6.5,8.2,6.5,6.6,2.3,8,8,2.2,7.4,8,19.4,18.7,5,9.7
lge,60,FEMALE,경기,,6343,7.3,8.2,7.3,6.4,3.4,7.5,2.1,2.5,6.4,8.5,22.3,20,6.3,10.2
lge,60,FEMALE,경기,중년_자녀동거,1491,7.1,8.2,7.1,6.7,3.4,7.8,3.3,2.4,6.4,8.1,22.8,22.2,6,11.5
lge,60,FEMALE,경남,시니어,133,6.8,8.2,6.8,6.3,2.5,8.2,3.3,2.1,6.2,8.2,12.4,12.4,3.2,6.4
lge,60,FEMALE,경남,중년_자녀동거,176,8.1,8.2,8.1,6.4,2.5,8,0.1,2,6.8,8.1,21.4,20.9,5.6,10.8
lge,60,FEMALE,경남,,963,7.3,8.2,7.3,6.6,2.8,8,5.2,2.7,7.9,8,23.2,20.3,6.7,10.3
lge,60,FEMALE,경남,중년_2인,109,8.3,8.2,8.3,6.5,2.5,8,4.7,2.4,8.1,8.1,26.6,26.7,6.8,13.6
lge,60,FEMALE,경남,키즈맘_미취학,30,7.1,8.1,7.1,5.9,1.7,8,,2.8,7.8,,23.7,22.7,6.6,12.2
lge,60,FEMALE,경남,키즈맘_초등생,28,8,8.1,8,6.9,3.5,8,0,2.3,8.6,,21.2,20.5,5.9,10.1
lge,60,FEMALE,경남,중년_1인,68,9,8.2,9,7.2,3,8,8.7,2.1,6.1,8.5,27.2,26.8,7.1,13.7
lge,60,FEMALE,경남,키즈맘_중학생,17,10,8.1,10,6.4,3.3,8,0.2,2.4,7.9,,17.8,17.5,4.7,9.5
lge,60,FEMALE,경북,,660,10,8.4,10,6,2.5,8,4,2.1,5.5,8.1,25,22.7,7.3,11.2
lge,60,FEMALE,경북,중년_2인,78,8.3,8.2,8.3,6.8,2.8,8.2,5.4,2.2,6,8.1,23.8,24.5,6.1,12.2
lge,60,FEMALE,경북,중년_자녀동거,89,10,8.2,10,7.1,2.6,8,0.2,1.8,7.3,8.1,22.5,22.5,5.8,11.4
lge,60,FEMALE,경북,키즈맘_초등생,21,3.9,8.3,3.9,5.5,2.3,8,,1.3,7.8,,20.6,20.3,5.3,10
lge,60,FEMALE,경북,시니어,126,7.8,8.1,7.8,6.9,1.9,3.7,4.6,1.8,6.7,,10.3,10.4,2.5,5.4
lge,60,FEMALE,경북,키즈맘_미취학,22,10,8.1,10,7.7,1.3,8.1,4,1.6,8.1,,23.5,23.4,6.4,11
lge,60,FEMALE,경북,중년_1인,58,7.5,8.2,7.5,6.6,2.7,8.4,0.1,2.3,5.9,8.1,24.9,24.6,6.6,12.6
lge,60,FEMALE,경북,키즈맘_중학생,12,5,,5,6.9,1.9,,,1.9,8.8,,17,16.9,4.4,8.5
lge,60,FEMALE,광주,키즈맘_초등생,17,3.3,8.1,3.3,7.4,2.8,,,2.6,5.9,8,8.8,8.4,2.6,4.5
lge,60,FEMALE,광주,중년_1인,35,5.7,8.1,5.7,6.7,2.7,8,,2.2,6.3,,27.2,27,6.9,13.8
lge,60,FEMALE,광주,시니어,85,4.2,8.2,4.2,7.1,3,7.1,8,2.2,6.1,,11.4,11.3,3,5.8
lge,60,FEMALE,광주,키즈맘_미취학,21,0,8.2,0,5.9,1.4,6,,1.7,5.3,,24.8,22.6,6.9,11.4
lge,60,FEMALE,광주,중년_2인,50,7.5,8.3,7.5,6.4,2.9,8.8,,3.1,7.8,,24.5,24.4,6.3,12.5
lge,60,FEMALE,광주,키즈맘_중학생,7,,8.1,,6.3,0.9,,0,1.9,,,11.1,10.1,3.1,4.7
lge,60,FEMALE,광주,중년_자녀동거,123,3.7,8.1,3.7,6.9,3.4,8,5.3,2.6,4.9,8.8,20.4,20.2,5.2,10.5
lge,60,FEMALE,광주,,540,7.3,8.1,7.3,7,2,8,7,2,7.1,8,25.1,22.1,7.5,11
lge,60,FEMALE,대구,중년_1인,42,5.5,8.1,5.5,7,3.6,8,0,2.5,7.7,,26.8,27.1,6.9,13.6
lge,60,FEMALE,대구,키즈맘_미취학,40,8.3,8.4,8.3,6.9,4.3,8,8,3.6,7.5,,26.2,25,6.9,12.8
lge,60,FEMALE,대구,키즈맘_초등생,19,5.1,8.2,5.1,5.3,2.5,8,8.9,2.4,9.9,,19.4,19.3,5.2,9.7
lge,60,FEMALE,대구,,707,7.7,8.2,7.7,6.5,3.3,8.2,2.3,2.3,6.5,,25.7,23.8,7.3,11.8
lge,60,FEMALE,대구,키즈맘_중학생,16,10,8.5,10,7.4,2.6,6,0,1.3,6.2,,15,14.3,3.7,7.7
lge,60,FEMALE,대구,시니어,128,7.8,8.2,7.8,6.4,2.3,7,0.1,2.2,6.8,8.1,10.9,11.4,2.8,5.6
lge,60,FEMALE,대구,중년_2인,77,8.3,8.2,8.3,6.6,3.1,8,2,2.4,6.5,,24.5,24.7,6.2,12.8
lge,60,FEMALE,대구,중년_자녀동거,135,6.3,8.2,6.3,6.8,3.1,8,3.5,2.7,7.1,8,23,22.9,6,11.7
lge,60,FEMALE,대전,키즈맘_초등생,25,9.1,8.2,9.1,7.4,4.6,8,8,3.4,8.6,8.4,18.1,17.5,4.9,9
lge,60,FEMALE,대전,키즈맘_미취학,33,8.3,8.2,8.3,7.3,4.4,4,0,3.3,8.1,,22.5,22.3,5.7,11.8
lge,60,FEMALE,대전,중년_1인,48,5.5,8.1,5.5,6.9,4,8,4,2.6,7.2,8.1,26.5,25.5,7,13.5
lge,60,FEMALE,대전,키즈맘_중학생,20,6.7,8.1,6.7,7.7,4.8,10,8.9,3.3,6.6,,14.4,14.6,2.9,7.8
lge,60,FEMALE,대전,중년_2인,87,8.3,8.1,8.3,6.9,3,7.3,4,2.3,5.5,8,24.2,23.7,6.2,12.6
lge,60,FEMALE,대전,중년_자녀동거,216,7.4,8.2,7.4,6.9,3.4,7.6,5.6,2.4,6.8,8.1,21.5,21.4,5.5,11.1
lge,60,FEMALE,대전,,793,8,8.4,8,7,2.8,8,5.1,2.2,7,,23.5,21.1,6.9,10.4
lge,60,FEMALE,대전,시니어,136,7.5,8.2,7.5,6.8,2.9,6.9,4.5,2.2,7.5,8.1,11.3,11.1,3,5.8
lge,60,FEMALE,부산,2인가구,2,10,9.7,10,8.8,6,,8,5.3,2.5,,22.5,24,9.1,12.1
lge,60,FEMALE,부산,중년_2인,136,7.8,8.3,7.8,6.7,3.1,7.7,4.2,2.3,7.7,,25.7,25.1,6.8,13
lge,60,FEMALE,부산,,1586,8.1,8.2,8.1,6.4,3.2,8,4.9,1.9,7.4,8.2,20.8,17.6,6.5,8.6
lge,60,FEMALE,부산,중년_1인,69,7.3,8.2,7.3,6.6,2.9,8,0,2.1,4.5,8,27.2,26.4,7.1,13.4
lge,60,FEMALE,부산,키즈맘_미취학,65,7.8,8.2,7.8,6.6,3.6,8.6,5.4,3.2,6.4,,21.5,20.2,6,10.4
lge,60,FEMALE,부산,중년_자녀동거,381,6.2,8.2,6.2,6.5,3.2,7.6,4.3,2.7,5.7,8.1,22,21.6,5.7,11.1
lge,60,FEMALE,부산,키즈맘_초등생,58,9.2,8.3,9.2,6.3,3.3,8,4,2.8,7.8,,17.1,15.9,4.7,8.4
lge,60,FEMALE,부산,키즈맘_중학생,24,8.8,8.3,8.8,7.2,2.3,8,,2.9,6,,17.3,16.3,4.9,8.3
lge,60,FEMALE,부산,시니어,259,7.5,8.1,7.5,6.4,2.6,7.2,2.1,2.2,7.2,8,11.4,11.2,2.8,5.8
lge,60,FEMALE,서울,,4573,7.5,8.2,7.5,6.7,3.5,7.8,3.1,2.5,6.9,8.1,20.9,19,5.8,9.5
lge,60,FEMALE,서울,키즈맘_중학생,59,7.1,8.1,7.1,6.2,2.7,8.3,6,2.3,6.3,,17,16.8,4.4,8.7
lge,60,FEMALE,서울,키즈맘_초등생,90,7.3,8.3,7.3,6.6,2.9,8,4.5,2.1,7.6,,18.1,17.9,4.7,9.2
lge,60,FEMALE,서울,키즈맘_미취학,163,7.1,8.2,7.1,6.8,3.6,7.5,5.4,2.7,7,8,23,22.5,6.1,11.5
lge,60,FEMALE,서울,중년_2인,416,8.2,8.2,8.2,6.8,4,7.3,3.7,3,7,8.1,25.1,24.8,6.5,12.7
lge,60,FEMALE,서울,중년_1인,249,8.2,8.2,8.2,6.8,3.8,7.4,3.7,2.9,6.4,8.1,25.3,24.8,6.6,13.1
lge,60,FEMALE,서울,중년_자녀동거,1142,6.9,8.2,6.9,6.8,3.5,7.4,3,2.5,7,8.2,22.4,22,5.8,11.3
lge,60,FEMALE,서울,시니어,775,7.8,8.3,7.8,6.5,3.1,7.9,5,2.3,7.4,8.1,12.1,12,3.1,6.2
lge,60,FEMALE,세종,중년_1인,7,,8.3,,4.7,1.8,8,,1.8,,,26.5,29.2,6.9,14.8
lge,60,FEMALE,세종,시니어,18,9.1,8.2,9.1,5.9,2.6,8,,1.9,9.9,,12.9,12.8,3.4,6.3
lge,60,FEMALE,세종,,98,10,,10,5.9,1.3,4.1,,1.3,,,19.9,17,5.8,8.7
lge,60,FEMALE,세종,중년_2인,10,5,8.1,5,6.4,4.2,,0,1.6,9.8,,31.3,30.6,8.7,14.6
lge,60,FEMALE,세종,중년_자녀동거,25,8,8.3,8,7.7,4.9,8,0,3.5,1.9,,22.1,20.7,6.3,10.9
lge,60,FEMALE,세종,키즈맘_미취학,4,,8.2,,7.2,3.6,,,1.3,,,27.1,26.9,7,15.4
lge,60,FEMALE,세종,키즈맘_중학생,2,10,8.1,10,4.9,2.2,,,2.1,7.8,,14.7,17.3,1.7,11.2
lge,60,FEMALE,울산,키즈맘_초등생,16,7.5,8.3,7.5,7,2.6,,8.1,1.4,6,,20.6,19.8,5.6,10
lge,60,FEMALE,울산,중년_2인,71,8.3,8.2,8.3,6.6,2.9,8,8,2.1,6.1,8.5,27,26.5,7,13.2
lge,60,FEMALE,울산,키즈맘_중학생,10,0,8.4,0,4.8,0.9,,,0.8,7.4,,13.2,12.8,3.4,6.3
lge,60,FEMALE,울산,중년_자녀동거,103,7.2,8.3,7.2,6.2,2.7,7.3,8,1.8,5.3,8,21.2,20.4,5.5,10.5
lge,60,FEMALE,울산,키즈맘_미취학,17,6.7,8.1,6.7,5.9,3.7,,,1.6,8.7,,22.2,22.2,6,11.5
lge,60,FEMALE,울산,,529,8.3,8.6,8.3,6.7,3.5,7.1,,3,7.9,,22.6,20.4,6.4,10.6
lge,60,FEMALE,울산,중년_1인,25,5,8.3,5,7.2,3.2,6.9,0,2.2,6.4,,25.7,24.8,7.1,13
lge,60,FEMALE,울산,시니어,95,7.7,8.2,7.7,6.6,2.3,7.3,0,2,6.9,,10.5,10.6,2.4,5.6
lge,60,FEMALE,인천,시니어,285,7.6,8.2,7.6,6.6,2.9,7.6,6.3,2.1,6.5,8,9.9,9.9,2.5,5.1
lge,60,FEMALE,인천,중년_2인,203,7.8,8.2,7.8,6.5,3.1,7.2,2.2,2.4,7.1,8,24.3,24.3,6.4,12.5
lge,60,FEMALE,인천,키즈맘_미취학,95,7,8.2,7,6,3.4,7.5,4.1,2.5,6,8.1,25.3,24.2,6.9,12.3
lge,60,FEMALE,인천,키즈맘_중학생,28,10,8.3,10,6,2.1,8,8,1.7,7.6,8,15.2,15.1,3.7,7.5
lge,60,FEMALE,인천,중년_자녀동거,441,6.7,8.2,6.7,6.5,3.3,7.4,3.6,2.4,5.8,8.1,22.5,21.7,5.9,11.2
lge,60,FEMALE,인천,중년_1인,118,5.4,8.1,5.4,5.9,3.6,7.4,5.3,2.9,6.7,,27.4,27.2,7.1,14.2
lge,60,FEMALE,인천,2인가구,2,,,,8,5.4,,,6.1,,,12.5,12,1.7,9.2
lge,60,FEMALE,인천,,1947,7.6,8.1,7.6,6.4,3.3,7,4,2.5,6.8,8.1,22.9,20.8,6.5,10.4
lge,60,FEMALE,인천,키즈맘_초등생,59,7,8.1,7,6.8,3.5,8.5,4.4,2.4,5.7,8.3,17.6,16.9,4.6,8.7
lge,60,FEMALE,전남,중년_자녀동거,73,10,8.3,10,6.8,3.1,8,4.1,2.2,5.1,8.2,23.8,23.3,6.2,11.8
lge,60,FEMALE,전남,키즈맘_초등생,16,10,,10,6.5,3.2,,,3.2,5.5,,19,18.8,4.5,10.1
lge,60,FEMALE,전남,키즈맘_중학생,10,5,8.2,5,5.7,2.1,8.7,,2,,,18.4,18.3,4.5,9.6
lge,60,FEMALE,전남,중년_2인,45,8.6,8.1,8.6,6.8,4.3,7.1,,3.9,6.5,8.8,25.9,24.3,6.8,12.7
lge,60,FEMALE,전남,,375,6.7,8.3,6.7,6.9,1.9,8,0,2.4,8.6,,24.3,21.1,7.2,10.6
lge,60,FEMALE,전남,중년_1인,20,10,8.2,10,7.4,3.4,8,,2.9,9.3,,29.3,29.4,7.5,14.3
lge,60,FEMALE,전남,시니어,64,7.5,8.2,7.5,7.1,2.8,8,0.2,2,5.7,8.3,12.6,12.8,3.1,6.7
lge,60,FEMALE,전남,키즈맘_미취학,12,10,8.1,10,5.5,2,,,2.7,7.8,,21.5,18.3,6.1,10.3
lge,60,FEMALE,전북,중년_2인,59,5,8.3,5,5.9,2.1,8.6,0,1.6,4.8,,26.6,26.7,6.8,13.6
lge,60,FEMALE,전북,키즈맘_중학생,8,,,,8.2,2.1,,,3.2,9.9,,23.1,23.4,5.6,11.8
lge,60,FEMALE,전북,중년_1인,33,3.3,8.1,3.3,5.7,2.5,8,9.4,1.9,7.9,,24.4,24.9,6.1,12.6
lge,60,FEMALE,전북,중년_자녀동거,112,7.1,8.1,7.1,6.7,2.9,8,2,2.4,6.1,,22.8,21.9,6.1,11.2
lge,60,FEMALE,전북,키즈맘_미취학,19,7.9,8.2,7.9,7.4,3,6.7,,2.8,6.8,,25,23.4,6.9,12.5
lge,60,FEMALE,전북,키즈맘_초등생,23,10,8.1,10,5.7,3.4,4.1,,2.2,8.8,,14.2,13.9,3.5,7.3
lge,60,FEMALE,전북,,596,9.4,8.2,9.4,6.3,2.3,8,,2.1,7,,21.2,18.5,6.2,9.3
lge,60,FEMALE,전북,시니어,120,8.6,8.2,8.6,6.8,2.7,6.4,2.9,2.5,8.8,,11.6,11.1,3.2,5.6
lge,60,FEMALE,제주,,198,,,,6.4,1.3,8,0.1,1,,,25.5,23.7,7.2,11.7
lge,60,FEMALE,제주,키즈맘_초등생,15,10,8.2,10,7.5,1.6,,0,1.3,,,21.4,21.4,5.5,10.5
lge,60,FEMALE,제주,키즈맘_중학생,4,10,8.1,10,8.1,7.4,,,7.2,,,32.4,29.9,8.8,15.7
lge,60,FEMALE,제주,중년_2인,15,5,8.4,5,7.3,5.7,8,,1.8,4.1,,25.9,26.2,6.9,13.7
lge,60,FEMALE,제주,시니어,33,7.2,8.2,7.2,6.2,2.8,7,4.6,2.4,8,,13.6,13.7,3.5,6.7
lge,60,FEMALE,제주,중년_1인,11,2.5,8.1,2.5,6.2,2.9,8,,2.1,,,24.4,23.7,6.3,12.1
lge,60,FEMALE,제주,키즈맘_미취학,6,,,,9.1,2.4,8,,2.4,,,20.4,17.7,4.9,9.4
lge,60,FEMALE,제주,중년_자녀동거,49,6.7,8.3,6.7,6.1,2.5,6.9,2.7,3.1,4.2,,24.6,24.2,6.2,11.9
lge,60,FEMALE,충남,키즈맘_초등생,24,5.3,8.2,5.3,6.3,2.5,8,,3.2,1.8,8,18.4,16.6,4.5,9.1
lge,60,FEMALE,충남,,712,8,8.2,8,6.8,3.1,8,0,2.7,7.9,,19.8,17.8,5.7,8.9
lge,60,FEMALE,충남,중년_자녀동거,134,7.6,8.2,7.6,7,3,7.7,3,2.1,8.4,8.1,21.7,20.9,5.7,11
lge,60,FEMALE,충남,중년_2인,66,6.4,8.2,6.4,7.3,3.1,5.6,5.6,2.2,7.2,,25.1,24.1,6.7,12.6
lge,60,FEMALE,충남,시니어,124,7.1,8.1,7.1,6.7,2.7,8.2,2.7,2.2,7.4,,9.6,9.4,2.4,5.1
lge,60,FEMALE,충남,키즈맘_중학생,17,,8.3,,6.5,2.8,8,0,1.9,,,12.2,12.1,3,6
lge,60,FEMALE,충남,중년_1인,75,7.6,8.2,7.6,6.8,2.8,4.9,4,2.3,7.5,,25.1,24.2,6.4,12.8
lge,60,FEMALE,충남,키즈맘_미취학,24,7.5,8.1,7.5,6.6,4.2,,,2.9,2.5,,23.3,22.7,6.1,11.7
lge,60,FEMALE,충북,,523,5,8.2,5,7.8,2,8,2,2.3,7.6,8,20.3,17.7,6.1,9
lge,60,FEMALE,충북,중년_자녀동거,115,7.7,8.2,7.7,6.6,3.1,7.1,2.4,2.8,7.7,,21.3,20.7,5.6,10.7
lge,60,FEMALE,충북,중년_1인,35,10,8.2,10,6.7,3.2,8,8,2.5,5.7,,25.9,25.7,6.6,13.3
lge,60,FEMALE,충북,키즈맘_초등생,16,10,8.1,10,5.4,4,,8,1.9,5.5,,18.1,16.8,5.2,8.7
lge,60,FEMALE,충북,중년_2인,51,8,8.2,8,6.1,3.2,7.4,0.2,2,5.4,,26.6,25.7,7.3,13.2
lge,60,FEMALE,충북,키즈맘_중학생,11,5,8.1,5,7,2,8,0.6,3.2,,,16.4,16.8,4.1,8.4
lge,60,FEMALE,충북,시니어,84,5.6,8.2,5.6,6.9,3,8,8,2.4,8,,13.2,13,3.5,6.8
lge,60,FEMALE,충북,키즈맘_미취학,13,10,8.3,10,6.4,2.6,8,0.9,1.7,0.2,,31.2,30.1,7.9,15
lge,60,MALE,,중년_1인,280,7.5,8.1,7.5,6.8,3.4,4.4,2,1.8,7.1,8.4,26.7,29.6,6.1,13.7
lge,60,MALE,,1인가구,1,10,,10,,2.6,,,8.1,,,18.1,17.9,4.7,9.1
lge,60,MALE,,,5525,8.3,8.1,8.3,7,3.1,5.1,4.2,2,6.7,8.2,23,23.6,5.9,10.7
lge,60,MALE,,중년_자녀동거,960,7.1,8.1,7.1,7,3.3,5.3,3.4,2,7.2,8.1,21.6,24.5,4.9,11.3
lge,60,MALE,,시니어,745,7.6,8.1,7.6,6.9,2.9,6,4.2,1.9,7,8.1,10.6,12.3,2.3,5.8
lge,60,MALE,,키즈맘_초등생,80,6.3,8.2,6.3,7.1,2.3,5.3,4,1.6,8.4,,17.8,19.4,4.1,9
lge,60,MALE,,중년_2인,662,7.2,8.2,7.2,6.9,3.2,5.3,2.6,1.9,7,8.1,23.5,26.2,5.4,12.2
lge,60,MALE,,키즈맘_중학생,39,5.2,8.1,5.2,7.2,3,5.4,2,1.9,5.7,,12.9,14.7,2.8,7
lge,60,MALE,,키즈맘_미취학,179,6.3,8.3,6.3,6.6,3,2.9,4.8,1.7,7.2,,20.6,22.6,4.7,10.5
lge,60,MALE,강원,키즈맘_미취학,5,10,8.2,10,6.3,2.7,,,0.7,8,,12.7,15.2,3.1,6.7
lge,60,MALE,강원,중년_2인,44,10,8.2,10,6.7,2.2,5.7,8,1.7,6.1,,23.4,25.5,5.3,12
lge,60,MALE,강원,시니어,38,8,8.1,8,6.8,2.2,6.4,1.1,1.6,6.6,,10.7,11.9,2.4,5.4
lge,60,MALE,강원,,275,8.4,8.1,8.4,7.5,3,6.4,,1.4,5.9,,27.8,28.8,6.9,13.1
lge,60,MALE,강원,키즈맘_중학생,2,,,,8.3,9.6,,,10,,,19.6,26.4,1.2,11.5
lge,60,MALE,강원,중년_자녀동거,55,7,8.1,7,7.2,1.7,5.4,8,1.6,7.5,8.1,17.7,21.2,3.6,9.6
lge,60,MALE,강원,키즈맘_초등생,11,6.7,8.1,6.7,6.4,2.4,,,1.3,8,,16.7,17.7,4.3,8.1
lge,60,MALE,강원,중년_1인,12,8,8.3,8,6.8,2,,8,1.6,8.9,8.2,21.8,24.1,5.1,10.9
lge,60,MALE,경기,중년_자녀동거,901,7.4,8.2,7.4,7,3.6,6.1,4.2,1.9,6.6,8.1,22.5,25.3,5,11.8
lge,60,MALE,경기,중년_2인,558,8,8.2,8,6.8,3.6,6,3.3,1.9,6.6,8.2,24.2,26.9,5.6,12.5
lge,60,MALE,경기,중년_1인,235,7.6,8.2,7.6,6.9,3.6,6.3,5.1,1.7,8.2,8.2,27.3,30.1,6.2,14
lge,60,MALE,경기,,4243,7.8,8.2,7.8,7.1,3.5,5.8,3.8,2,6.2,8.1,23.9,24.4,6.2,11.1
lge,60,MALE,경기,키즈맘_중학생,59,5.1,8.2,5.1,6.4,3.2,7,4,2.4,6.2,,19.7,22.8,4.1,10.5
lge,60,MALE,경기,키즈맘_초등생,56,6.7,8.2,6.7,7.2,3.5,5.8,0,2.7,8.1,,22.9,24.1,5.4,11.1
lge,60,MALE,경기,시니어,460,7.4,8.1,7.4,6.7,2.7,5.4,1.8,1.6,6.9,8.1,11.7,13,2.6,6.1
lge,60,MALE,경기,키즈맘_미취학,136,8.6,8.1,8.6,7,3.6,5.7,0,2.3,5.4,8.2,22.7,25.2,5.2,11.9
lge,60,MALE,경남,중년_자녀동거,127,5.2,8.1,5.2,6.9,3.3,6.3,4.1,2.2,6.5,8.1,24.5,27.4,5.6,12.9
lge,60,MALE,경남,,732,7.7,8.3,7.7,7,3,6.8,8,1.8,8,,22.8,23.6,5.9,10.7
lge,60,MALE,경남,키즈맘_중학생,6,5,8.1,5,5,2.5,,,2.7,7.9,,10,11.5,1.3,5.4
lge,60,MALE,경남,키즈맘_미취학,21,7.5,8.2,7.5,6.2,2.9,7.2,8,1.8,,,23.8,26,5.6,11.6
lge,60,MALE,경남,시니어,92,7.1,8.3,7.1,6.6,3.1,6,8.9,2.6,7,8.2,12.4,14.4,2.7,6.7
lge,60,MALE,경남,중년_2인,101,8,8.1,8,6.7,3,4.5,6.5,2,5.8,,23.2,26.7,4.8,12.6
lge,60,MALE,경남,중년_1인,52,8.9,8.1,8.9,7.1,2.5,6.7,0,1.8,7.3,,28.5,30.2,7,14.2
lge,60,MALE,경남,키즈맘_초등생,9,10,8.1,10,8.1,2.7,6.4,4,2.8,,,17.4,17.5,4.5,8.2
lge,60,MALE,경북,중년_자녀동거,88,7.5,8.3,7.5,6.7,3.5,5.6,1.9,2.6,6.9,,23,25.7,5.2,11.9
lge,60,MALE,경북,중년_1인,45,8.9,8.2,8.9,7.3,2.1,6.5,0,1.4,6.2,,25.6,28.5,5.6,13.7
lge,60,MALE,경북,,518,6,8.1,6,6.7,2.6,5.7,0,1.6,5.8,8.2,23.8,24.5,6.2,11
lge,60,MALE,경북,중년_2인,65,10,8.3,10,6.6,2.3,4.8,4,2.2,8.1,,21.9,24.4,4.9,11.2
lge,60,MALE,경북,2인가구,1,,,,8,2.8,,,,,,21.7,28.7,3,12.6
lge,60,MALE,경북,키즈맘_미취학,11,10,8.3,10,4.8,3.9,6.4,,3.6,8.1,,24.2,25.6,6,11.8
lge,60,MALE,경북,키즈맘_중학생,2,,8.3,,4.9,3.6,,,,,,22.7,27.2,4.1,11.3
lge,60,MALE,경북,시니어,73,6.6,8.1,6.6,7,1.9,6.4,2.7,1.3,8.5,,12.4,14.1,2.6,6.7
lge,60,MALE,경북,키즈맘_초등생,7,10,8.2,10,6.2,3.8,6.4,,4.8,,,22.4,24.5,4.9,10.8
lge,60,MALE,광주,키즈맘_중학생,2,,8.2,,2.6,9.5,,,9.5,,,17.9,19.7,3.8,8.7
lge,60,MALE,광주,시니어,45,2.5,8.1,2.5,6.9,2.2,10,8,1.5,6.8,,9.4,10,2.2,4.7
lge,60,MALE,광주,키즈맘_미취학,9,10,8.2,10,6.7,3.2,0,0,1.4,8.3,,32.2,35.3,7.9,16.4
lge,60,MALE,광주,중년_자녀동거,71,8.3,8.2,8.3,6.8,2.5,6.7,1.8,1.7,7.5,,21.7,24.8,4.6,11.5
lge,60,MALE,광주,키즈맘_초등생,3,5,8,5,8.3,1,6.4,,0.7,,,21,22.7,4.5,9.8
lge,60,MALE,광주,중년_2인,37,7.5,8.1,7.5,7.3,2.8,3.2,,3,5.3,,24.6,27.7,5.9,12.4
lge,60,MALE,광주,,327,6.4,8.1,6.4,7.3,4.1,7.1,,2.4,7.8,,27.1,27.6,6.6,12.9
lge,60,MALE,광주,중년_1인,20,10,8.1,10,6.6,2.2,6.4,,1.1,8.1,,25.9,28.9,5.9,13.6
lge,60,MALE,대구,중년_2인,52,8.3,8.2,8.3,6.8,1.9,6.4,0,0.8,7,,19.7,22.5,4.4,10.4
lge,60,MALE,대구,중년_1인,21,6.9,8.1,6.9,7,2.5,6.4,0.1,2,4,,23.7,26.9,5.2,12.1
lge,60,MALE,대구,,445,7.7,8.2,7.7,6.8,2.6,6.4,4,1,4.9,,27.1,27.9,6.8,12.8
lge,60,MALE,대구,중년_자녀동거,85,6.3,8.1,6.3,6.5,2.9,5.5,8,1.6,6.5,,23.3,26.4,5.4,11.9
lge,60,MALE,대구,시니어,60,6.4,8.1,6.4,6.7,2.3,6.4,0,1.6,6.4,,8.7,9.7,2.1,4.3
lge,60,MALE,대구,키즈맘_미취학,15,,8.1,,6.3,1.7,8,,1.2,3.3,,22.8,23.6,5.4,11.3
lge,60,MALE,대구,키즈맘_초등생,6,5,8.1,5,6.3,1.8,,,1,8.8,,5,4.9,1.2,2.4
lge,60,MALE,대구,키즈맘_중학생,2,,,,7.1,1.8,,,0.3,,,36.1,38.6,9.7,19.3
lge,60,MALE,대전,시니어,68,7.9,8.1,7.9,6.5,2.4,6.4,0,1.9,6.4,,11.6,13.7,2.4,6.2
lge,60,MALE,대전,,509,10,8.3,10,6.6,3.1,7,8,2,7.8,,26.2,28.2,6.4,12.6
lge,60,MALE,대전,키즈맘_중학생,6,7.5,8.1,7.5,7.1,2.3,,,0.7,0.4,,26.8,31,6.2,13.6
lge,60,MALE,대전,키즈맘_미취학,24,10,8.2,10,7.3,3.4,6.4,,1.5,8.5,,20.3,23.9,3.9,11.3
lge,60,MALE,대전,중년_자녀동거,108,8.8,8.2,8.8,7.1,3.5,4.4,4.4,2.1,6.7,8.2,22.2,25,4.9,11.4
lge,60,MALE,대전,키즈맘_초등생,9,10,8.1,10,7.6,4.2,4.8,,0.8,2.8,,16.8,21.6,3,9.6
lge,60,MALE,대전,중년_2인,82,6.4,8.2,6.4,7,3.5,6.8,0,2.2,4.8,,25.5,28.5,5.5,13.2
lge,60,MALE,대전,중년_1인,22,10,8.2,10,6.9,5.1,6.4,,2.5,0.2,,26.2,29.9,5.4,14.6
lge,60,MALE,부산,키즈맘_중학생,7,10,8,10,5.8,0.6,6.4,,0.5,,,30.9,31.1,7.1,14.5
lge,60,MALE,부산,중년_1인,35,8,8.2,8,6.5,3.3,,0,3,4.6,,26.6,31.2,5.6,14.7
lge,60,MALE,부산,중년_2인,108,6.7,8.1,6.7,6.6,2.2,6.1,4.1,1.4,5.7,,24.3,27.2,5.4,12.5
lge,60,MALE,부산,,927,8,8.1,8,6.4,2.8,6.7,3.2,1.8,6.9,8.2,23.8,24.4,6.1,11.1
lge,60,MALE,부산,중년_자녀동거,168,7.4,8.3,7.4,7.2,3.6,6.2,4.1,2.2,7.1,,21.6,24.2,5,11.1
lge,60,MALE,부산,키즈맘_초등생,14,6.7,8.1,6.7,7.5,2.3,6.4,8,2.6,8.6,,20.3,23.5,4.4,10.4
lge,60,MALE,부산,시니어,111,7.5,8.1,7.5,7.1,2.4,5.9,3.6,1.7,7,8.1,9.6,11.1,2,5.2
lge,60,MALE,부산,키즈맘_미취학,34,8,8.2,8,7.3,3,7.6,0,2.6,4.1,,17.5,20.2,3.6,9.5
lge,60,MALE,서울,,2637,7.6,8.2,7.6,6.8,3.5,5.5,3.9,1.9,7.1,8.1,22.1,22.9,5.6,10.5
lge,60,MALE,서울,키즈맘_미취학,106,8.4,8.2,8.4,7.4,4.6,5.1,4.5,2.1,7.1,,22.5,25.5,5.3,11.7
lge,60,MALE,서울,중년_자녀동거,534,7.9,8.2,7.9,6.9,3.6,6.3,4.3,2.2,7.1,8.2,21.7,24.4,4.9,11.3
lge,60,MALE,서울,중년_2인,310,7.6,8.2,7.6,7,4,6.2,2.2,2,6.3,8.3,23,25.6,5.2,12
lge,60,MALE,서울,시니어,329,6.6,8.2,6.6,7,2.7,5.3,2.1,1.9,7.2,8.2,9.9,11.2,2.2,5.2
lge,60,MALE,서울,키즈맘_중학생,24,7.5,8.2,7.5,6.4,2.1,5.5,,1,,,20.3,23.6,4.6,10.7
lge,60,MALE,서울,키즈맘_초등생,18,8,8.3,8,7.3,4,6.4,2.6,1.3,9.7,,20,21.7,4.8,10.1
lge,60,MALE,서울,중년_1인,128,8,8.2,8,7.2,3.9,6,6.7,2.4,6.6,,24,27.8,5.3,12.8
lge,60,MALE,서울,2인가구,1,,,,,,,,,,,36.4,37.2,9.5,19.2
lge,60,MALE,세종,중년_자녀동거,11,0,8.2,0,5.6,3.4,3.5,,1,,,24.8,28.8,5.1,12.6
lge,60,MALE,세종,중년_2인,10,10,8,10,7.7,4.5,6.4,8,0.7,,,28.4,32.3,6.4,15.5
lge,60,MALE,세종,키즈맘_중학생,1,,8.3,,7.5,,,,,,,29.9,36.4,8,13
lge,60,MALE,세종,키즈맘_미취학,2,10,,10,8.9,9.5,,8.9,0.4,,,17.1,18.4,3.4,9.4
lge,60,MALE,세종,시니어,11,5,8.2,5,7.9,5.9,6.4,8,4.1,,,6.3,8.2,1.2,3.4
lge,60,MALE,세종,,63,,,,8.4,1.5,6.4,,0.7,,,21,22.7,4.9,11
lge,60,MALE,세종,키즈맘_초등생,1,,,,7.3,,,,2,,,30.9,35.3,6.6,16.1
lge,60,MALE,세종,중년_1인,5,10,,10,8.7,4.8,6.4,,0.7,9.9,,27.3,30.4,5.5,14.7
lge,60,MALE,울산,키즈맘_미취학,15,6.7,8,6.7,6.4,2.6,2.2,,1.5,6.3,,17,19.1,4.1,8.8
lge,60,MALE,울산,중년_자녀동거,98,7,8.2,7,7.3,2.7,4.6,1.7,1.4,6.2,,23.2,25.9,5.4,12.1
lge,60,MALE,울산,키즈맘_중학생,5,,9,,6.3,4.1,,0,,,,18.6,18.2,4.7,9.1
lge,60,MALE,울산,,438,8,8.2,8,5.7,2.7,5.5,0,1.6,7,,24.3,24.5,6.5,11
lge,60,MALE,울산,시니어,47,6.1,8.3,6.1,6.4,1.8,6.6,0,1.4,7.3,8.1,14.9,16.2,3.7,7.5
lge,60,MALE,울산,키즈맘_초등생,9,10,8.2,10,5.2,0.9,,,1.8,,,11.6,13.3,2.4,5.8
lge,60,MALE,울산,중년_2인,91,7.2,8.2,7.2,7.1,2.7,4.9,0,1.5,6.6,8.1,22.2,24.6,5.1,11.4
lge,60,MALE,울산,중년_1인,19,4.1,8.1,4.1,5.5,3.8,5.8,,2,9,,25.2,30.3,4.9,14.1
lge,60,MALE,인천,키즈맘_초등생,17,10,8.5,10,6.9,2,6.4,,1.4,3.5,,20,21.7,5.1,9.6
lge,60,MALE,인천,키즈맘_중학생,11,,8.1,,3.8,3.1,6.4,0,2.8,7.5,,25.9,30.9,5.6,14.1
lge,60,MALE,인천,키즈맘_미취학,46,6,8.1,6,7.1,2.5,6.7,0,1.5,7.4,8.1,20.2,23,4.5,10.8
lge,60,MALE,인천,시니어,143,6.3,8.2,6.3,6.8,3,5.7,4.5,1.6,7.9,,13.2,14.6,3.1,6.7
lge,60,MALE,인천,중년_2인,152,6.6,8.2,6.6,7,3.7,5.5,4,1.5,5.9,,22.1,24.3,5,11.1
lge,60,MALE,인천,2인가구,1,,,,0.1,8.3,,,,,,20,28.7,2,11.2
lge,60,MALE,인천,중년_자녀동거,220,7.6,8.2,7.6,7,3.5,6,1.4,1.9,8,8.1,22.5,25.2,4.9,11.7
lge,60,MALE,인천,중년_1인,50,8.9,8.2,8.9,7.2,3.2,6.4,4,1.9,6.8,,27.3,29.7,6.4,13.8
lge,60,MALE,인천,,1156,8.5,8.2,8.5,7,3.2,7.1,2.7,2,6.4,,24.5,25.7,6.1,11.6
lge,60,MALE,전남,중년_1인,14,6,8,6,5.5,4.2,4.8,,1.6,8,,27.2,30.4,5.9,14.5
lge,60,MALE,전남,키즈맘_중학생,6,,8.3,,6.8,1.8,3.4,,0.9,3.3,,22,27.4,4.3,13
lge,60,MALE,전남,키즈맘_미취학,16,7.5,8.1,7.5,7.5,2.1,6.4,,1.3,5.2,,19.1,21.3,4.8,9.6
lge,60,MALE,전남,,291,8.9,8.2,8.9,6.8,3.1,4.3,8,2.4,6.2,,23.9,24.3,6.1,11.4
lge,60,MALE,전남,시니어,32,6.2,8,6.2,6.2,2.2,6.4,,1.2,8.3,,12.5,14.2,2.7,6.5
lge,60,MALE,전남,중년_자녀동거,57,7.8,8.3,7.8,6.1,2.6,5.5,0,1.4,7.9,8.1,24.7,27.6,5.6,12.7
lge,60,MALE,전남,중년_2인,47,8,8.1,8,7,2.9,4.3,,2.1,8.5,,27,29.6,6.5,13.6
lge,60,MALE,전남,키즈맘_초등생,2,10,,10,8,3.7,,,3.6,,,0.1,0.1,0,0
lge,60,MALE,전북,시니어,55,10,8.1,10,6.6,2.7,5.3,4,0.8,7.2,,9.4,10.4,2.1,4.6
lge,60,MALE,전북,2인가구,1,,8.2,,6.4,2.5,,,,,,36.3,37.3,9.3,17.2
lge,60,MALE,전북,,423,6.9,8.2,6.9,6.5,1.9,6.2,8,1.4,7.1,,23.4,23.7,5.9,11
lge,60,MALE,전북,중년_자녀동거,78,8.6,8.2,8.6,7.3,2.9,6.8,2.7,2.1,7.6,,21.4,23.8,4.9,11
lge,60,MALE,전북,키즈맘_중학생,7,10,,10,7.4,2.6,4.8,,1.4,,,19.5,21.7,3.8,10.7
lge,60,MALE,전북,키즈맘_초등생,4,,,,6.1,3.4,,,1.5,,,33.5,33.1,8,16.5
lge,60,MALE,전북,중년_2인,55,9,8.2,9,5.6,2.3,6.4,8,1.4,7.7,,25.5,28.4,5.6,12.9
lge,60,MALE,전북,키즈맘_미취학,22,6.2,8.1,6.2,6.9,3.1,6.4,0,2.3,7.3,,16.2,18,3.5,8
lge,60,MALE,전북,중년_1인,24,6.3,8.2,6.3,6.4,3,6.4,8,1.7,4.2,,27.5,30,6.4,14.1
lge,60,MALE,제주,키즈맘_중학생,5,0,8.4,0,6.3,1.2,6.4,,1.1,,,33.8,36.2,7.1,16.8
lge,60,MALE,제주,시니어,18,0,8.2,0,6.5,2.3,6.4,,1,,,14.3,14.9,3.1,7.4
lge,60,MALE,제주,키즈맘_미취학,7,,8.1,,8,2.6,9,,3.8,,,26.2,26.8,6.6,12.8
lge,60,MALE,제주,키즈맘_초등생,3,10,,10,1.6,0.7,,,1.2,,,31.4,34.9,6.5,16.5
lge,60,MALE,제주,,173,8.3,8.2,8.3,6.5,2,7.3,8,1.3,7.9,,26.7,28.1,6.5,13.4
lge,60,MALE,제주,중년_자녀동거,39,8.8,8.4,8.8,5.7,2.5,6.4,0.2,1.8,,,30,31.8,6.9,14.8
lge,60,MALE,제주,중년_1인,9,10,8.3,10,5.2,2.8,,,1.1,3.4,,33.6,35.1,8,16.4
lge,60,MALE,제주,중년_2인,25,5,8.1,5,6.6,1.8,3.2,,0.8,,,34.6,35.1,9,17.1
lge,60,MALE,충남,중년_2인,70,7.3,8.2,7.3,6.6,2.8,6.4,0.6,1.5,7.3,,22.9,26.3,5.1,12.2
lge,60,MALE,충남,,522,8.7,8.2,8.7,6.7,3.2,6,1.2,1.4,5.9,,24.2,24,6.5,11.1
lge,60,MALE,충남,중년_자녀동거,94,8.2,8.1,8.2,7,2.7,3.7,2.7,1.8,8.2,,21.8,24.5,4.7,11.5
lge,60,MALE,충남,키즈맘_미취학,17,8,8.1,8,7.6,4.1,4.7,,1.5,,,23.6,25,5.3,11.5
lge,60,MALE,충남,키즈맘_중학생,1,,,,9.8,0.7,,,,,,18.7,17.1,3.6,8.7
lge,60,MALE,충남,중년_1인,35,8.3,8.4,8.3,6.8,4.3,7.6,,1.2,6.8,,26.5,30,6,14.1
lge,60,MALE,충남,키즈맘_초등생,8,5,8.1,5,5.9,5,,,2,,,19.5,21.6,4.5,9.7
lge,60,MALE,충남,시니어,84,7.7,8.3,7.7,6.8,2.5,6.6,2.7,1.6,7,8.1,11.5,13.7,2.3,6.4
lge,60,MALE,충북,키즈맘_중학생,7,,8.1,,7.8,1.1,8,,0.8,,,13.7,18.2,3.2,7.8
lge,60,MALE,충북,,377,7.2,8.1,7.2,7.1,2.2,6.1,2.7,1.1,4.1,,21.7,23.9,5.1,11.1
lge,60,MALE,충북,중년_자녀동거,57,8.5,8.2,8.5,7.2,3.5,5.8,0.3,2,7.2,,22.3,24.4,5.4,11.3
lge,60,MALE,충북,키즈맘_미취학,7,0,8.9,0,7.5,3.5,6.4,0.1,1.3,8,,26.2,26.7,5.5,12.3
lge,60,MALE,충북,키즈맘_초등생,12,,8.1,,5.7,1.8,6.4,,2.9,9.1,,31.8,32.8,7.6,15.6
lge,60,MALE,충북,중년_1인,12,,8.5,,7.8,2.5,6.4,8.9,2.3,2.5,,26,26.9,6.2,12.4
lge,60,MALE,충북,중년_2인,45,10,8.1,10,6.9,3.7,7.6,,2.5,2.1,,25.3,27.7,5.6,13.1
lge,60,MALE,충북,시니어,56,7.3,8.1,7.3,6.9,1.5,5.8,0,1.5,6.4,,10.3,11.5,2.4,5.3
lge,70,FEMALE,,중년_2인,6,10,,10,6,2.4,9,,3.5,,,0,0,0,0
lge,70,FEMALE,,키즈맘_미취학,37,6,,6,5.2,1.6,8,0.1,2.4,4.2,,0,0,0,0
lge,70,FEMALE,,시니어,1493,7.6,9,7.6,6.6,2.3,7.4,5,3.1,8,8.6,0,0,0,0
lge,70,FEMALE,,중년_자녀동거,545,7.9,8.9,7.9,6.5,2.2,8,6.1,3,7.7,8.7,0,0,0,0
lge,70,FEMALE,,키즈맘_중학생,104,8.1,8.9,8.1,7.2,2.7,8,8.3,3.4,8,8.6,0,0,0,0
lge,70,FEMALE,,키즈맘_초등생,89,8,8.9,8,6.5,2.6,7.1,0,2.8,8.1,8.6,0,0,0,0
lge,70,FEMALE,,,4084,7.6,8.9,7.6,6.5,2.2,7.6,4.6,3,7.6,8.6,0,0,0,0
lge,70,FEMALE,강원,시니어,58,7.5,9,7.5,6.7,1.9,9,,3.3,6.1,8.6,0,0,0,0
lge,70,FEMALE,강원,,153,,8.7,,5.5,2.2,,0.1,2,,,0,0,0,0
lge,70,FEMALE,강원,키즈맘_미취학,2,10,,10,5.6,3.6,,,4,8.2,,0,0,0,0
lge,70,FEMALE,강원,키즈맘_초등생,8,2.1,,2.1,6.8,0.8,9.5,8.9,0.8,8.2,8.6,0,0,0,0
lge,70,FEMALE,강원,중년_자녀동거,17,10,8.8,10,5.5,3.5,8,,3.3,6,,0,0,0,0
lge,70,FEMALE,강원,키즈맘_중학생,2,,,,8,0.5,8,,0.9,,,0,0,0,0
lge,70,FEMALE,경기,시니어,791,7.1,9,7.1,6.3,2.2,7.6,5.4,2.8,8.1,8.7,0,0,0,0
lge,70,FEMALE,경기,중년_2인,2,,,,6.1,1.2,,,1.9,,,0,0,0,0
lge,70,FEMALE,경기,,2055,6.9,9,6.9,6,1.8,6.6,4.8,2.4,8.3,8.7,0,0,0,0
lge,70,FEMALE,경기,키즈맘_중학생,59,8.9,8.9,8.9,6.7,2.2,8.5,2.7,3.1,6.8,,0,0,0,0
lge,70,FEMALE,경기,키즈맘_미취학,22,7.5,9,7.5,7.3,4,8,4,4.3,9,8.6,0,0,0,0
lge,70,FEMALE,경기,키즈맘_초등생,51,5.7,8.9,5.7,6.3,2.2,8,4.5,2.8,6.3,,0,0,0,0
lge,70,FEMALE,경기,중년_자녀동거,296,6.9,9,6.9,6.6,2.3,7.1,4.7,2.8,7.2,8.8,0,0,0,0
lge,70,FEMALE,경남,키즈맘_미취학,1,,,,2.4,0.5,,,1.1,,,0,0,0,0
lge,70,FEMALE,경남,중년_자녀동거,33,4.3,8.9,4.3,6,2.6,8,,3.5,5.4,,0,0,0,0
lge,70,FEMALE,경남,키즈맘_초등생,6,10,9.1,10,7.6,0.8,,,1.6,,,0,0,0,0
lge,70,FEMALE,경남,시니어,103,7,9,7,6.9,2.1,7,0,3.1,8.2,,0,0,0,0
lge,70,FEMALE,경남,키즈맘_중학생,6,5,,5,7.9,0.8,,,1.2,,,0,0,0,0
lge,70,FEMALE,경남,,291,6,9.1,6,6.1,1.3,,,2.5,,,0,0,0,0
lge,70,FEMALE,경북,키즈맘_초등생,11,10,,10,5.1,3.6,,,4.1,3.7,,0,0,0,0
lge,70,FEMALE,경북,,259,10,9.1,10,5.8,1.9,8,,1.4,9.2,,0,0,0,0
lge,70,FEMALE,경북,시니어,88,6.3,8.9,6.3,5.8,2.3,8,0,3.5,7.2,,0,0,0,0
lge,70,FEMALE,경북,키즈맘_미취학,1,,,,,,,,5.2,,,0,0,0,0
lge,70,FEMALE,경북,키즈맘_중학생,9,,8.7,,4.3,1.2,,,2.1,5.7,,0,0,0,0
lge,70,FEMALE,경북,중년_자녀동거,37,10,9,10,5.8,2.7,8,0,3.1,5.2,,0,0,0,0
lge,70,FEMALE,광주,키즈맘_중학생,7,10,9.3,10,6.2,2.4,,0,2.6,6.6,,0,0,0,0
lge,70,FEMALE,광주,키즈맘_초등생,6,,9.2,,5.3,1.3,,,3.4,,,0,0,0,0
lge,70,FEMALE,광주,,205,10,8.9,10,4.3,1.3,8,,1.2,,,0,0,0,0
lge,70,FEMALE,광주,중년_자녀동거,22,6.7,,6.7,7.5,2.1,5.4,2,2.4,7.5,,0,0,0,0
lge,70,FEMALE,광주,키즈맘_미취학,3,2.3,8.7,2.3,8,3.9,,8,0.6,,,0,0,0,0
lge,70,FEMALE,광주,시니어,86,7.8,8.9,7.8,6.7,2,0,6.4,3.1,9.3,,0,0,0,0
lge,70,FEMALE,대구,,309,5,9,5,6.1,2.2,,,2.6,7,,0,0,0,0
lge,70,FEMALE,대구,키즈맘_중학생,8,10,8.9,10,4.9,2.1,,,2.1,8,,0,0,0,0
lge,70,FEMALE,대구,중년_자녀동거,31,7,8.8,7,6.3,3.1,0,0.1,5.2,8.1,8.6,0,0,0,0
lge,70,FEMALE,대구,키즈맘_미취학,4,,8.7,,4,0.7,8,,0.2,,,0,0,0,0
lge,70,FEMALE,대구,시니어,136,6.4,9,6.4,6.3,2.1,7.4,4.2,2.8,7.3,8.7,0,0,0,0
lge,70,FEMALE,대구,키즈맘_초등생,4,,9.2,,3.1,0.7,,,2.5,9.9,,0,0,0,0
lge,70,FEMALE,대전,중년_자녀동거,41,5,8.8,5,6.9,1.9,8.5,6.6,2.3,7.7,,0,0,0,0
lge,70,FEMALE,대전,,292,10,8.8,10,6.3,3.9,8,,3.4,8.3,,0,0,0,0
lge,70,FEMALE,대전,키즈맘_중학생,12,10,,10,6.3,0.8,,,2.8,9.1,,0,0,0,0
lge,70,FEMALE,대전,시니어,115,6.9,9,6.9,6.8,2.5,9,4.8,3.3,7,,0,0,0,0
lge,70,FEMALE,대전,키즈맘_초등생,6,5,9,5,7,3.9,,,0.7,,,0,0,0,0
lge,70,FEMALE,대전,키즈맘_미취학,4,,,,5.9,0.9,,8,3.3,,,0,0,0,0
lge,70,FEMALE,부산,시니어,267,6.3,9,6.3,6.7,2.3,7,5.1,3.1,7.6,8.7,0,0,0,0
lge,70,FEMALE,부산,키즈맘_초등생,23,8.3,8.7,8.3,6.3,2.3,8,0,3.1,8.3,8.6,0,0,0,0
lge,70,FEMALE,부산,중년_자녀동거,101,8.6,9,8.6,6.5,2.3,8,4.6,3.3,6.6,,0,0,0,0
lge,70,FEMALE,부산,중년_2인,1,,,,7.9,6.5,,,2.2,,,0,0,0,0
lge,70,FEMALE,부산,키즈맘_미취학,7,,10,,7.4,2.8,,,4.5,,,0,0,0,0
lge,70,FEMALE,부산,,750,6,9.1,6,6.7,3,8,,2.5,5.8,,0,0,0,0
lge,70,FEMALE,부산,키즈맘_중학생,23,6.7,8.8,6.7,6.6,2.6,6,,3.1,5.3,8.6,0,0,0,0
lge,70,FEMALE,서울,키즈맘_초등생,38,6.7,9,6.7,6.4,2.2,,8,2.4,6.5,,0,0,0,0
lge,70,FEMALE,서울,중년_자녀동거,282,7.5,8.9,7.5,6.4,2.5,7.4,2.7,3,8,8.6,0,0,0,0
lge,70,FEMALE,서울,,1904,7.3,9,7.3,6.1,2.4,8.5,6,2.8,7.8,8.6,0,0,0,0
lge,70,FEMALE,서울,중년_2인,3,10,,10,8,1.2,8,,2.2,,,0,0,0,0
lge,70,FEMALE,서울,키즈맘_미취학,22,5,9.2,5,4.8,2.1,4,0,2.9,8.3,8.7,0,0,0,0
lge,70,FEMALE,서울,키즈맘_중학생,51,8.6,9.2,8.6,6.2,2.8,8,5.4,3.3,9.2,,0,0,0,0
lge,70,FEMALE,서울,시니어,744,6.5,9,6.5,6.7,2.4,7.1,5.4,2.8,7.6,8.7,0,0,0,0
lge,70,FEMALE,세종,시니어,4,10,,10,7.3,8.5,,8,8.4,5.2,,0,0,0,0
lge,70,FEMALE,세종,중년_자녀동거,4,,9.1,,6.7,4.8,,,5,8.3,,0,0,0,0
lge,70,FEMALE,세종,키즈맘_중학생,1,,8.7,,9.8,2.3,,,0.3,,,0,0,0,0
lge,70,FEMALE,세종,키즈맘_초등생,1,,,,,,,,3.2,,,0,0,0,0
lge,70,FEMALE,세종,,25,,,,,,,,,,,0,0,0,0
lge,70,FEMALE,울산,키즈맘_초등생,9,5,,5,6.5,2.5,,,6.5,8.2,,0,0,0,0
lge,70,FEMALE,울산,중년_자녀동거,38,5,8.9,5,5.9,3,8,8.9,3.7,7.9,,0,0,0,0
lge,70,FEMALE,울산,시니어,64,7.1,8.8,7.1,6.2,2.2,4,8,3.3,8.2,,0,0,0,0
lge,70,FEMALE,울산,,192,10,,10,4.6,1,,,2,9.7,,0,0,0,0
lge,70,FEMALE,울산,키즈맘_미취학,1,,,,8,1.1,,,2.6,,,0,0,0,0
lge,70,FEMALE,울산,키즈맘_중학생,5,10,9.1,10,8.4,4.2,8,8,4.2,9.8,,0,0,0,0
lge,70,FEMALE,인천,중년_자녀동거,121,7.6,8.9,7.6,5.8,1.8,6.8,5.3,2.9,6.6,,0,0,0,0
lge,70,FEMALE,인천,,697,8.3,8.9,8.3,6.8,2.3,5.7,0,2.3,9.4,,0,0,0,0
lge,70,FEMALE,인천,중년_2인,1,,,,0,,,,,,,0,0,0,0
lge,70,FEMALE,인천,키즈맘_초등생,24,1.7,9,1.7,5.3,2.5,8,8.9,2.5,6.8,,0,0,0,0
lge,70,FEMALE,인천,시니어,225,6.4,8.9,6.4,6.6,2.3,7.7,3.9,2.9,7.7,8.7,0,0,0,0
lge,70,FEMALE,인천,키즈맘_미취학,12,10,9.3,10,7,0.9,,,2.9,9.6,,0,0,0,0
lge,70,FEMALE,인천,키즈맘_중학생,26,6.7,8.9,6.7,5.2,2.9,8,,3.5,,,0,0,0,0
lge,70,FEMALE,전남,중년_자녀동거,18,10,8.8,10,6.8,2.1,1.3,,3.1,0.4,,0,0,0,0
lge,70,FEMALE,전남,시니어,37,6.5,8.9,6.5,6,2.3,,,3.4,9.2,,0,0,0,0
lge,70,FEMALE,전남,키즈맘_초등생,4,10,,10,8.2,3.4,8,,1.6,,,0,0,0,0
lge,70,FEMALE,전남,키즈맘_중학생,3,,9,,7.4,3.5,,,,,,0,0,0,0
lge,70,FEMALE,전남,,127,,9,,3.5,2.3,8,,1.9,,,0,0,0,0
lge,70,FEMALE,전남,키즈맘_미취학,1,,9.2,,,,,,,,,0,0,0,0
lge,70,FEMALE,전북,시니어,97,5.6,9.1,5.6,6.6,3,6.4,0.2,3.2,6.8,8.6,0,0,0,0
lge,70,FEMALE,전북,,241,10,8.8,10,5.9,2,8,0.9,2.4,,,0,0,0,0
lge,70,FEMALE,전북,키즈맘_중학생,10,,8.7,,6.3,3.4,,,5.8,4.2,,0,0,0,0
lge,70,FEMALE,전북,중년_자녀동거,24,10,9,10,6.3,1.5,8,8,2.4,8.6,,0,0,0,0
lge,70,FEMALE,전북,키즈맘_미취학,2,,,,8,0.8,,,2.6,,,0,0,0,0
lge,70,FEMALE,전북,키즈맘_초등생,6,,9,,7.3,1,8,,2,8.3,,0,0,0,0
lge,70,FEMALE,제주,중년_자녀동거,13,6.1,,6.1,6.4,1.7,,,2.7,,,0,0,0,0
lge,70,FEMALE,제주,키즈맘_미취학,3,7.1,,7.1,0,1.7,,,0.1,,,0,0,0,0
lge,70,FEMALE,제주,키즈맘_중학생,3,,9,,2.8,1.7,8,,1.4,,,0,0,0,0
lge,70,FEMALE,제주,,74,,8.8,,6.8,3.6,,,4,,,0,0,0,0
lge,70,FEMALE,제주,키즈맘_초등생,4,,9.2,,7.9,1.8,,0.2,0.4,,,0,0,0,0
lge,70,FEMALE,제주,시니어,27,7,9,7,6.5,2.1,5.3,0.1,3.3,8.2,,0,0,0,0
lge,70,FEMALE,충남,중년_자녀동거,36,7.1,8.7,7.1,6.3,2.3,8,8.9,3,8.3,8.7,0,0,0,0
lge,70,FEMALE,충남,,257,10,8.7,10,6.2,2.2,8,0,2.2,8.2,,0,0,0,0
lge,70,FEMALE,충남,시니어,96,7.5,8.9,7.5,7.2,2.2,8,8.3,3,8.1,,0,0,0,0
lge,70,FEMALE,충남,중년_2인,1,,,,9.8,2.3,,,8.3,8.5,,0,0,0,0
lge,70,FEMALE,충남,키즈맘_중학생,7,10,9,10,7.9,4.5,8.2,,3.3,9.9,,0,0,0,0
lge,70,FEMALE,충남,키즈맘_미취학,1,,8.7,,8,0.5,,,,,,0,0,0,0
lge,70,FEMALE,충남,키즈맘_초등생,4,10,,10,8.4,5.2,8,,3.5,,,0,0,0,0
lge,70,FEMALE,충북,시니어,65,6,8.9,6,6.5,2.3,4.5,8,3.3,8.1,,0,0,0,0
lge,70,FEMALE,충북,키즈맘_초등생,7,,9,,7.2,1.1,,0,4.5,9.8,,0,0,0,0
lge,70,FEMALE,충북,키즈맘_미취학,2,,,,8,1.1,,,,,,0,0,0,0
lge,70,FEMALE,충북,,167,10,9.1,10,5.8,3.1,10,,2.2,4.7,,0,0,0,0
lge,70,FEMALE,충북,중년_자녀동거,22,8,8.9,8,5.9,2.4,,,3.1,5.7,,0,0,0,0
lge,70,FEMALE,충북,키즈맘_중학생,4,5,,5,8.2,1.3,8,,0.6,,,0,0,0,0
lge,70,MALE,,키즈맘_초등생,52,6.7,9,6.7,6.6,2.1,3.6,8,1.9,8.8,,0,0,0,0
lge,70,MALE,,,2709,6.6,8.9,6.6,6.8,2.4,5.1,5.5,2.1,8.4,8.7,0,0,0,0
lge,70,MALE,,키즈맘_미취학,23,8.5,8.7,8.5,6.7,2.5,6.4,,1.8,8.9,,0,0,0,0
lge,70,MALE,,시니어,937,6.9,9,6.9,6.7,2.2,5.3,2.6,2.5,6.9,8.7,0,0,0,0
lge,70,MALE,,중년_2인,2,,,,5.9,1.2,,,0.7,,,0,0,0,0
lge,70,MALE,,키즈맘_중학생,45,5,8.7,5,6.3,2.1,4,,2.3,7.7,,0,0,0,0
lge,70,MALE,,중년_자녀동거,319,6.9,9,6.9,6.6,1.7,4,7.2,2.3,7.3,8.6,0,0,0,0
lge,70,MALE,강원,키즈맘_중학생,5,,9.3,,8,0.6,,,2.9,,,0,0,0,0
lge,70,MALE,강원,시니어,50,6.5,8.9,6.5,6.4,2.1,6.8,2,2.2,9.5,8.7,0,0,0,0
lge,70,MALE,강원,,127,,8.7,,5,1.5,6.4,,0.9,,,0,0,0,0
lge,70,MALE,강원,키즈맘_미취학,2,,,,,0.6,,,,,,0,0,0,0
lge,70,MALE,강원,키즈맘_초등생,3,10,,10,7.8,2,6.4,,0.6,,,0,0,0,0
lge,70,MALE,강원,중년_자녀동거,18,10,8.9,10,8.1,1.1,,0,1.8,4.7,,0,0,0,0
lge,70,MALE,경기,키즈맘_미취학,23,8.6,8.9,8.6,7.1,2.8,6.4,0.1,1.9,4.9,,0,0,0,0
lge,70,MALE,경기,시니어,513,6.5,9,6.5,6.6,2.6,6.5,2.7,2.1,7.4,8.7,0,0,0,0
lge,70,MALE,경기,키즈맘_초등생,30,8.6,8.9,8.6,6.6,2,4.3,0.2,1.3,4.8,,0,0,0,0
lge,70,MALE,경기,중년_자녀동거,211,7.2,9,7.2,6.5,2.3,5.6,0.1,1.9,5.6,8.6,0,0,0,0
lge,70,MALE,경기,,1433,5.2,8.9,5.2,7,3,6,8,2.8,8.3,,0,0,0,0
lge,70,MALE,경기,키즈맘_중학생,30,8,8.9,8,7.4,2.4,5.7,,1.6,8.9,,0,0,0,0
lge,70,MALE,경남,키즈맘_중학생,4,,,,5,5,6.4,,9.7,,,0,0,0,0
lge,70,MALE,경남,시니어,83,5.9,8.9,5.9,6.2,2.2,6.5,4.7,3.2,6.4,8.6,0,0,0,0
lge,70,MALE,경남,키즈맘_미취학,2,,8.7,,5.3,3.8,,,0.8,,,0,0,0,0
lge,70,MALE,경남,,250,6.7,8.7,6.7,7,2.5,6.4,8,3.6,8.3,,0,0,0,0
lge,70,MALE,경남,키즈맘_초등생,4,4,8.9,4,7.7,3.8,,,4.2,6,,0,0,0,0
lge,70,MALE,경남,중년_자녀동거,19,10,8.9,10,6.4,2.5,6.4,8.9,3,0.4,,0,0,0,0
lge,70,MALE,경북,키즈맘_미취학,3,,9,,7.9,0.6,,,,,,0,0,0,0
lge,70,MALE,경북,시니어,82,5,8.9,5,6.5,1.4,6.6,4,2.3,6.4,,0,0,0,0
lge,70,MALE,경북,,237,10,9.1,10,6.7,0.8,6.4,,1.5,8.2,,0,0,0,0
lge,70,MALE,경북,키즈맘_초등생,3,,9.1,,5,0.9,,,,,,0,0,0,0
lge,70,MALE,경북,키즈맘_중학생,6,10,,10,3.1,0.9,,,0.9,,,0,0,0,0
lge,70,MALE,경북,중년_자녀동거,34,6.1,9,6.1,7,1.8,10,,1.8,8.3,,0,0,0,0
lge,70,MALE,경북,중년_2인,1,,,,8,,6.4,,1,,,0,0,0,0
lge,70,MALE,광주,중년_자녀동거,17,10,9.1,10,6.9,2.4,6.4,,3,9.9,,0,0,0,0
lge,70,MALE,광주,키즈맘_중학생,7,8.4,,8.4,6.7,4.3,,,5.4,4.7,,0,0,0,0
lge,70,MALE,광주,키즈맘_초등생,4,4.7,,4.7,9.6,0.6,,,2.4,,,0,0,0,0
lge,70,MALE,광주,,144,0,9,0,5.7,1.6,,,3.3,,,0,0,0,0
lge,70,MALE,광주,시니어,51,7.1,8.9,7.1,5.9,2.3,8.2,0.1,2.4,8.7,,0,0,0,0
lge,70,MALE,광주,키즈맘_미취학,2,,8.7,,2,0.6,,,,,,0,0,0,0
lge,70,MALE,대구,중년_자녀동거,19,10,8.9,10,6.7,1.1,7.5,,2.1,9.9,,0,0,0,0
lge,70,MALE,대구,키즈맘_초등생,5,0.1,,0.1,8,5.5,0,,4.4,,,0,0,0,0
lge,70,MALE,대구,,201,,9.1,,3.9,1.4,6.4,,1.7,9.9,,0,0,0,0
lge,70,MALE,대구,시니어,87,8.8,9,8.8,6.7,1.7,5.3,8,2.1,7.6,,0,0,0,0
lge,70,MALE,대구,키즈맘_중학생,4,,,,7.2,0.6,,,,,,0,0,0,0
lge,70,MALE,대전,시니어,63,6.7,9,6.7,7.2,2.9,3.8,3,2.2,4.2,,0,0,0,0
lge,70,MALE,대전,중년_자녀동거,28,3.3,8.7,3.3,6.5,3,6.4,0.1,2.3,,,0,0,0,0
lge,70,MALE,대전,키즈맘_중학생,5,,,,3.9,0.7,6.4,,1.9,,,0,0,0,0
lge,70,MALE,대전,,182,8,8.7,8,6.9,1.7,6.4,8,2.2,7,,0,0,0,0
lge,70,MALE,대전,키즈맘_미취학,2,,,,4.1,0.9,,,1.6,,,0,0,0,0
lge,70,MALE,대전,키즈맘_초등생,6,,,,3.9,0.8,,,1.8,,,0,0,0,0
lge,70,MALE,부산,키즈맘_초등생,13,8,8.7,8,7.2,2.3,,,0.9,,,0,0,0,0
lge,70,MALE,부산,시니어,149,6.1,9,6.1,6.6,2.7,4.9,4.8,2.5,6.3,8.7,0,0,0,0
lge,70,MALE,부산,,451,6.7,8.9,6.7,6.5,2.1,6.4,,3.4,2.8,,0,0,0,0
lge,70,MALE,부산,키즈맘_중학생,16,10,8.9,10,7.3,1.6,3.2,,3,,,0,0,0,0
lge,70,MALE,부산,키즈맘_미취학,1,,,,,,6.4,,0.5,,,0,0,0,0
lge,70,MALE,부산,중년_자녀동거,56,6.2,8.7,6.2,6.5,1.5,8.2,0,2.2,8.3,,0,0,0,0
lge,70,MALE,서울,시니어,473,7.3,8.9,7.3,6.6,2.2,5.2,5.5,2.2,6.2,8.6,0,0,0,0
lge,70,MALE,서울,중년_자녀동거,189,6,9,6,6,2.1,5.9,1.5,2.3,6.9,8.7,0,0,0,0
lge,70,MALE,서울,키즈맘_미취학,15,8,8.8,8,5.6,2.8,8.2,5.2,2.8,,8.7,0,0,0,0
lge,70,MALE,서울,키즈맘_초등생,23,7.5,8.9,7.5,7,2.5,4.8,0.2,3,5.2,,0,0,0,0
lge,70,MALE,서울,,1223,5.2,9,5.2,6,2.4,5.9,4.9,2.1,7.8,,0,0,0,0
lge,70,MALE,서울,중년_2인,4,7.2,8.7,7.2,8.9,3.2,6.4,,2.2,,,0,0,0,0
lge,70,MALE,서울,키즈맘_중학생,22,6,8.9,6,5.4,1.8,6.4,,1.9,6.5,,0,0,0,0
lge,70,MALE,세종,키즈맘_초등생,1,,,,7.9,,,,2.7,,,0,0,0,0
lge,70,MALE,세종,,26,,,,5.6,0.6,,,2.3,,,0,0,0,0
lge,70,MALE,세종,키즈맘_중학생,1,,,,6.3,0.6,,,,,,0,0,0,0
lge,70,MALE,세종,시니어,8,,9.2,,4.1,0.8,,8,1.2,,,0,0,0,0
lge,70,MALE,세종,중년_자녀동거,4,,8.7,,7,0.9,6.4,,1.7,,,0,0,0,0
lge,70,MALE,울산,,162,10,9.1,10,6.4,1.1,6.4,8,2.1,9.6,,0,0,0,0
lge,70,MALE,울산,키즈맘_미취학,1,,,,8,5.2,,,3.5,,,0,0,0,0
lge,70,MALE,울산,중년_자녀동거,26,8.9,8.9,8.9,6.9,1.2,6.1,,1.6,8.9,,0,0,0,0
lge,70,MALE,울산,시니어,54,5,8.8,5,6.5,2.3,3.6,,2.2,9.3,,0,0,0,0
lge,70,MALE,울산,키즈맘_초등생,6,,,,4,2.4,0,,0.2,,,0,0,0,0
lge,70,MALE,인천,키즈맘_미취학,10,5,8.9,5,5.3,4.1,6.4,,3.3,8.3,8.6,0,0,0,0
lge,70,MALE,인천,키즈맘_초등생,9,10,8.7,10,8.3,4.8,6.4,,3.7,,,0,0,0,0
lge,70,MALE,인천,중년_자녀동거,69,8.7,8.9,8.7,6.1,2.2,6.4,8,2.2,7.4,,0,0,0,0
lge,70,MALE,인천,키즈맘_중학생,7,5,,5,8.4,1.7,,,1.4,,8.6,0,0,0,0
lge,70,MALE,인천,시니어,150,9.1,8.9,9.1,6.8,2.2,5.6,3.5,2.3,7.7,8.6,0,0,0,0
lge,70,MALE,인천,,417,5,8.9,5,7,3.4,6.4,0.1,1.1,8.3,,0,0,0,0
lge,70,MALE,전남,,145,,9.3,,5.5,0.9,6.4,0,0.4,,,0,0,0,0
lge,70,MALE,전남,중년_자녀동거,14,,9,,5.7,1.2,6.4,,2.5,,,0,0,0,0
lge,70,MALE,전남,시니어,69,6.7,8.9,6.7,6.6,1.6,5.3,8,2.2,6.7,,0,0,0,0
lge,70,MALE,전남,키즈맘_중학생,9,10,9.2,10,5.4,0.7,6.4,,1.4,,,0,0,0,0
lge,70,MALE,전남,키즈맘_초등생,1,,9.1,,9.9,0.6,,,,,,0,0,0,0
lge,70,MALE,전북,키즈맘_초등생,3,,,,5.9,0.9,,,2.3,,,0,0,0,0
lge,70,MALE,전북,키즈맘_미취학,2,,,,5.2,1.6,,,1.8,,,0,0,0,0
lge,70,MALE,전북,시니어,75,10,9,10,6.7,1.8,6.5,,2.3,5.1,,0,0,0,0
lge,70,MALE,전북,,186,,8.9,,6.3,2.1,,0,2,,,0,0,0,0
lge,70,MALE,전북,키즈맘_중학생,7,10,8.9,10,7,4.4,8.8,,1.7,5.8,,0,0,0,0
lge,70,MALE,전북,중년_자녀동거,18,6.9,8.7,6.9,5.2,2.7,6.4,,1.2,8.2,,0,0,0,0
lge,70,MALE,제주,키즈맘_초등생,2,,,,6,,,,,,,0,0,0,0
lge,70,MALE,제주,키즈맘_중학생,3,0,,0,8.3,0.6,,,,,,0,0,0,0
lge,70,MALE,제주,중년_자녀동거,4,,,,4.2,0.5,,,0.8,,,0,0,0,0
lge,70,MALE,제주,시니어,27,0,9,0,6.2,0.9,4.6,,1.3,,8.6,0,0,0,0
lge,70,MALE,제주,,58,,,,,,,,,,,0,0,0,0
lge,70,MALE,충남,중년_자녀동거,17,10,9,10,7.6,1.5,6.4,8,1.5,10,8.7,0,0,0,0
lge,70,MALE,충남,키즈맘_미취학,2,,9,,6.7,3.2,,,1.1,,,0,0,0,0
lge,70,MALE,충남,중년_2인,1,,,,,,,,,,,0,0,0,0
lge,70,MALE,충남,시니어,84,8.6,8.9,8.6,6.3,2.1,7.8,1.1,2,7.3,,0,0,0,0
lge,70,MALE,충남,,182,10,8.9,10,7.1,3.2,4.8,,3.1,8.5,,0,0,0,0
lge,70,MALE,충남,키즈맘_중학생,7,0,8.9,0,5.1,1.5,,,2.8,,,0,0,0,0
lge,70,MALE,충남,키즈맘_초등생,4,,,,5.2,2.9,6.4,,3.5,,,0,0,0,0
lge,70,MALE,충북,,136,,8.7,,7.3,1.4,,,0.2,3.4,,0,0,0,0
lge,70,MALE,충북,키즈맘_초등생,2,10,,10,8.5,0.6,6.4,,1.5,,,0,0,0,0
lge,70,MALE,충북,중년_자녀동거,13,6.7,8.8,6.7,6.7,2.4,,,1.5,8.9,,0,0,0,0
lge,70,MALE,충북,키즈맘_중학생,2,,9.1,,,0.9,1.7,0,,,,0,0,0,0
lge,70,MALE,충북,시니어,56,3.4,9,3.4,6.4,1.7,5.9,8,2.1,,8.6,0,0,0,0
lge,80,FEMALE,,,566,6,9,6,6.6,1.2,,8.3,1.6,8.1,,0,0,0,0
lge,80,FEMALE,,시니어,192,6.4,8.8,6.4,6.6,1.8,6,6.1,2.9,8.5,8.6,0,0,0,0
lge,80,FEMALE,,키즈맘_초등생,6,,9,,6.8,3.7,,,4.2,,,0,0,0,0
lge,80,FEMALE,,키즈맘_미취학,7,10,8.9,10,4.3,6.6,,,6.1,,,0,0,0,0
lge,80,FEMALE,,중년_자녀동거,87,7.7,9.1,7.7,5.6,2.4,8,8,2.7,6.7,,0,0,0,0
lge,80,FEMALE,,중년_2인,2,10,9,10,,,,9.1,,,,0,0,0,0
lge,80,FEMALE,,키즈맘_중학생,13,,8.7,,8.3,2.4,,,4.3,,,0,0,0,0
lge,80,FEMALE,강원,중년_자녀동거,4,,,,7.5,3.4,,8,2.4,,,0,0,0,0
lge,80,FEMALE,강원,키즈맘_미취학,1,,8.9,,7.9,1.7,,8,5.5,,,0,0,0,0
lge,80,FEMALE,강원,키즈맘_초등생,1,,,,,,,,,,,0,0,0,0
lge,80,FEMALE,강원,키즈맘_중학생,3,10,8.7,10,8,0.8,,,,,,0,0,0,0
lge,80,FEMALE,강원,시니어,14,10,9.2,10,4,0.9,,,2.2,,,0,0,0,0
lge,80,FEMALE,강원,,31,,,,,,,,,,,,,,
lge,80,FEMALE,경기,시니어,100,5.3,9,5.3,6.5,2.1,7.1,0.6,2.7,7.9,,0,0,0,0
lge,80,FEMALE,경기,,308,7.5,8.7,7.5,7.6,4.3,,0.1,5.6,,,0,0,0,0
lge,80,FEMALE,경기,중년_2인,1,,,,8,,,,,,,0,0,0,0
lge,80,FEMALE,경기,키즈맘_중학생,6,10,,10,8.9,7.5,8,,6.8,3.7,,0,0,0,0
lge,80,FEMALE,경기,중년_자녀동거,49,6.7,9.1,6.7,7.1,2.9,8,,3.6,7.7,,0,0,0,0
lge,80,FEMALE,경기,키즈맘_미취학,4,10,9.1,10,7.3,3.3,,8,3.5,,,0,0,0,0
lge,80,FEMALE,경기,키즈맘_초등생,2,,9.2,,4.2,0.7,8,0,2.2,,,0,0,0,0
lge,80,FEMALE,경남,,39,,8.7,,8.6,0.6,,,,,,0,0,0,0
lge,80,FEMALE,경남,중년_자녀동거,7,3,8.9,3,6.7,1.3,8.1,,1.1,4.1,,0,0,0,0
lge,80,FEMALE,경남,시니어,10,5,9.1,5,5,0.8,,,3.2,,,0,0,0,0
lge,80,FEMALE,경남,키즈맘_중학생,1,10,8.7,10,8,9.6,,0.3,0.1,,,0,0,0,0
lge,80,FEMALE,경북,시니어,9,5,,5,6.8,1.2,,,4,8.2,,0,0,0,0
lge,80,FEMALE,경북,,23,,,,,0.6,,,,,,0,0,0,0
lge,80,FEMALE,경북,중년_자녀동거,5,,9.2,,7.7,3.2,,,9,,,0,0,0,0
lge,80,FEMALE,광주,,37,,,,,,,,,,,,,,
lge,80,FEMALE,광주,키즈맘_미취학,1,,8.7,,,3.9,,,2.3,,,0,0,0,0
lge,80,FEMALE,광주,시니어,11,6.3,9.2,6.3,7.4,0.8,,,1.9,,,0,0,0,0
lge,80,FEMALE,광주,키즈맘_중학생,1,,,,7.9,,,,,,,0,0,0,0
lge,80,FEMALE,광주,중년_자녀동거,6,10,9.2,10,5,1,,,2.5,4.5,,0,0,0,0
lge,80,FEMALE,대구,중년_자녀동거,4,,,,5.5,1,,,2.2,8.7,,0,0,0,0
lge,80,FEMALE,대구,키즈맘_초등생,1,,,,8.8,3.4,,,2.9,,,0,0,0,0
lge,80,FEMALE,대구,키즈맘_미취학,1,,,,2.4,3.6,,,5.9,,,0,0,0,0
lge,80,FEMALE,대구,,44,0,8.7,0,8,1.3,8,,0.1,8.2,,0,0,0,0
lge,80,FEMALE,대구,시니어,19,4.8,8.9,4.8,6.6,2.4,,8,4.8,9.4,,0,0,0,0
lge,80,FEMALE,대전,시니어,18,0,8.7,0,7.2,2.4,,,3.6,,,0,0,0,0
lge,80,FEMALE,대전,중년_자녀동거,6,5,8.9,5,7.3,1,,,0.9,,,0,0,0,0
lge,80,FEMALE,대전,키즈맘_미취학,3,10,9.2,10,7.3,5.4,,,9.1,,,0,0,0,0
lge,80,FEMALE,대전,,53,,9.2,,6.3,0.5,,,2.5,,,0,0,0,0
lge,80,FEMALE,부산,키즈맘_중학생,1,,8.7,,,,,,,,,0,0,0,0
lge,80,FEMALE,부산,,94,10,8.9,10,8.5,3.1,,,2,,,0,0,0,0
lge,80,FEMALE,부산,시니어,25,5,9.3,5,5.3,1.4,8,4.5,1.6,,,0,0,0,0
lge,80,FEMALE,부산,키즈맘_초등생,1,,,,8,,,8.9,,,,0,0,0,0
lge,80,FEMALE,부산,중년_자녀동거,16,0,,0,6,2.6,8,,2.7,0.3,,0,0,0,0
lge,80,FEMALE,부산,중년_2인,1,,,,7.9,8.5,,,0.7,,,0,0,0,0
lge,80,FEMALE,서울,키즈맘_초등생,1,,,,2.4,,,,,9.8,,0,0,0,0
lge,80,FEMALE,서울,,315,0,8.7,0,7.4,1.5,,8,2.3,4.8,,0,0,0,0
lge,80,FEMALE,서울,중년_자녀동거,44,7.4,9,7.4,6.3,2.8,4.5,8,3.1,2,,0,0,0,0
lge,80,FEMALE,서울,시니어,108,4.5,8.9,4.5,5.6,2.2,8.9,8,3.6,6.1,,0,0,0,0
lge,80,FEMALE,서울,중년_2인,1,,,,,,,,,,,0,0,0,0
lge,80,FEMALE,서울,키즈맘_중학생,2,0,,0,7.7,0.6,,,5.6,,,0,0,0,0
lge,80,FEMALE,서울,키즈맘_미취학,7,,,,4.9,0.9,,,4.3,9.1,,0,0,0,0
lge,80,FEMALE,세종,시니어,1,,,,,,,,,,,0,0,0,0
lge,80,FEMALE,세종,,3,,,,,,,,,,,,,,
lge,80,FEMALE,울산,중년_자녀동거,2,10,,10,8.1,1.9,,,5.2,7.6,,0,0,0,0
lge,80,FEMALE,울산,시니어,11,10,8.8,10,5.4,3.6,,,4.2,7.6,,0,0,0,0
lge,80,FEMALE,울산,,26,10,8.7,10,8,9,,,2.2,8.7,,0,0,0,0
lge,80,FEMALE,인천,시니어,30,7.5,9.2,7.5,6.7,2.6,8,2.1,3,0.3,,0,0,0,0
lge,80,FEMALE,인천,,79,,,,6.1,2.1,,,3.6,,,0,0,0,0
lge,80,FEMALE,인천,키즈맘_중학생,2,,,,2.5,0.7,,,5.6,,,0,0,0,0
lge,80,FEMALE,인천,중년_자녀동거,13,,8.9,,6.9,1.5,,,1.4,,,0,0,0,0
lge,80,FEMALE,인천,키즈맘_미취학,4,10,9.2,10,7.3,7.7,,0,3.1,0.4,,0,0,0,0
lge,80,FEMALE,전남,시니어,5,10,8.8,10,9.1,1.1,10,,2.1,,,0,0,0,0
lge,80,FEMALE,전남,,21,,9.1,,7.2,1.1,,,2.2,,,0,0,0,0
lge,80,FEMALE,전남,중년_자녀동거,6,5,8.9,5,8.5,3.2,8,,1.8,,,0,0,0,0
lge,80,FEMALE,전북,시니어,13,,8.8,,5.2,2.3,,,3,8.2,8.7,0,0,0,0
lge,80,FEMALE,전북,키즈맘_미취학,2,10,8.7,10,7.7,0.5,,,2.3,,,0,0,0,0
lge,80,FEMALE,전북,키즈맘_중학생,1,,,,,0.6,,,2.2,,,0,0,0,0
lge,80,FEMALE,전북,,38,,,,,,,,,,,0,0,0,0
lge,80,FEMALE,전북,중년_자녀동거,8,,8.9,,8,2.6,8,,7.6,8.2,,0,0,0,0
lge,80,FEMALE,제주,,11,,,,,,,,,,,,,,
lge,80,FEMALE,제주,중년_자녀동거,5,,9.2,,8.8,2.7,8,,2.5,9.9,,0,0,0,0
lge,80,FEMALE,제주,시니어,3,10,,10,9.8,1,,,6.2,,,0,0,0,0
lge,80,FEMALE,충남,중년_자녀동거,6,,,,7.9,1.5,,,1.1,,,0,0,0,0
lge,80,FEMALE,충남,,35,,,,8,0.9,,0.3,3,,,0,0,0,0
lge,80,FEMALE,충남,중년_2인,1,,,,5.8,0.5,,,,,,0,0,0,0
lge,80,FEMALE,충남,키즈맘_미취학,1,,,,2.4,0.5,8.7,,,,,0,0,0,0
lge,80,FEMALE,충남,시니어,13,0,8.8,0,8.2,2.4,,,2.3,9.2,,0,0,0,0
lge,80,FEMALE,충북,중년_자녀동거,1,,9.1,,,,,,,,,0,0,0,0
lge,80,FEMALE,충북,,26,10,,10,5.9,,,,,,,0,0,0,0
lge,80,FEMALE,충북,시니어,9,,8.8,,5.6,2.6,8,,1.8,,,0,0,0,0
lge,80,MALE,,키즈맘_중학생,8,5,,5,6.6,4.7,,,7,8.7,,0,0,0,0
lge,80,MALE,,키즈맘_미취학,7,6.7,9.2,6.7,8.5,6.2,6.4,,6.4,,,0,0,0,0
lge,80,MALE,,키즈맘_초등생,9,10,9.1,10,6.3,6.7,,,5.9,,,0,0,0,0
lge,80,MALE,,,640,10,9.1,10,5.7,2,6.4,8.5,1.5,,8.6,0,0,0,0
lge,80,MALE,,시니어,224,8.2,8.9,8.2,6.8,2,6.2,7.8,2.3,8.3,,0,0,0,0
lge,80,MALE,,중년_2인,1,,,,8,9.6,,,0,,,0,0,0,0
lge,80,MALE,,중년_자녀동거,54,5,8.9,5,5.8,1.5,6.8,,2.1,3.9,,0,0,0,0
lge,80,MALE,강원,,32,,8.9,,6.8,0.8,6.4,,2,,,0,0,0,0
lge,80,MALE,강원,시니어,12,0,8.8,0,8.8,1.1,6.4,,3,,,0,0,0,0
lge,80,MALE,강원,중년_자녀동거,1,,,,,,,,,,,0,0,0,0
lge,80,MALE,경기,키즈맘_미취학,4,,9.1,,8.8,0.6,,,,,,0,0,0,0
lge,80,MALE,경기,키즈맘_초등생,3,10,,10,6.3,,,,,,,0,0,0,0
lge,80,MALE,경기,중년_자녀동거,40,8.4,8.9,8.4,5.8,2.5,6.4,8.5,2.1,8.8,8.7,0,0,0,0
lge,80,MALE,경기,중년_2인,1,4.3,,4.3,,,,,,,,0,0,0,0
lge,80,MALE,경기,시니어,115,6.3,9.1,6.3,5.3,1.8,6.3,0,2.1,6.3,,0,0,0,0
lge,80,MALE,경기,,320,0,8.9,0,6.5,2.1,6.4,4.5,2.4,,,0,0,0,0
lge,80,MALE,경기,키즈맘_중학생,6,,8.9,,7.7,3.1,,8,4.2,,,0,0,0,0
lge,80,MALE,경남,중년_자녀동거,2,,8.7,,8,0.6,,,3.9,,,0,0,0,0
lge,80,MALE,경남,시니어,15,10,8.7,10,6.7,2.8,1.3,,2,,,0,0,0,0
lge,80,MALE,경남,,42,,,,8,,,,,,,0,0,0,0
lge,80,MALE,경남,키즈맘_초등생,1,0,,0,9.1,8.9,,,8.1,,,0,0,0,0
lge,80,MALE,경북,시니어,16,5,8.9,5,7.1,0.7,0.4,,0.9,,,0,0,0,0
lge,80,MALE,경북,키즈맘_초등생,1,,,,2,,,,1.5,,,0,0,0,0
lge,80,MALE,경북,키즈맘_중학생,1,,9,,8.1,7.5,,,1.8,,,0,0,0,0
lge,80,MALE,경북,,38,,,,8,4.1,6.4,,0.3,,,0,0,0,0
lge,80,MALE,경북,중년_자녀동거,7,10,8.8,10,7.9,3.3,,,1.4,0.2,,0,0,0,0
lge,80,MALE,광주,,40,,,,8,0.8,,,0.7,,,0,0,0,0
lge,80,MALE,광주,시니어,18,10,8.7,10,5.1,1.6,6.4,3.3,2.4,8.2,,0,0,0,0
lge,80,MALE,광주,중년_2인,1,,,,,1,,,3.3,,,0,0,0,0
lge,80,MALE,광주,키즈맘_중학생,1,,,,,,,,,,,0,0,0,0
lge,80,MALE,광주,중년_자녀동거,8,10,,10,6.2,3.4,,,3.4,8.3,,0,0,0,0
lge,80,MALE,대구,시니어,21,10,8.7,10,5.5,1.1,6.4,,3.4,,,0,0,0,0
lge,80,MALE,대구,,45,,,,3.7,,6.4,,2,,,0,0,0,0
lge,80,MALE,대구,중년_자녀동거,5,,9.2,,7.6,1,,,2.1,,,0,0,0,0
lge,80,MALE,대전,키즈맘_중학생,1,,8.7,,0,0.9,,,2.4,,,0,0,0,0
lge,80,MALE,대전,,50,10,,10,6.6,7,,,7,8.9,,0,0,0,0
lge,80,MALE,대전,시니어,19,2.9,,2.9,6.3,1,10,,1.9,,,0,0,0,0
lge,80,MALE,대전,중년_자녀동거,9,,9.1,,8,1.7,,,1.9,6.4,,0,0,0,0
lge,80,MALE,대전,키즈맘_초등생,2,,,,8,0.9,,,1.6,,,0,0,0,0
lge,80,MALE,부산,,123,,,,2.6,,,,,,,0,0,0,0
lge,80,MALE,부산,키즈맘_중학생,2,,8.7,,9.4,0.8,,,5,8.2,,0,0,0,0
lge,80,MALE,부산,시니어,34,3.4,9.1,3.4,6.9,2.2,4.8,8.9,1.4,8.2,,0,0,0,0
lge,80,MALE,부산,키즈맘_미취학,3,,,,1,0.6,7.2,,4.7,,,0,0,0,0
lge,80,MALE,부산,키즈맘_초등생,3,,,,2,0.9,,,0.2,,,0,0,0,0
lge,80,MALE,부산,중년_자녀동거,14,6.7,9.2,6.7,5.6,1.8,6.4,,1.8,,,0,0,0,0
lge,80,MALE,부산,중년_2인,1,,,,,,,,0.5,,,0,0,0,0
lge,80,MALE,서울,중년_자녀동거,44,7.6,8.9,7.6,6.7,1.9,,,2.3,8.5,,0,0,0,0
lge,80,MALE,서울,키즈맘_중학생,1,,,,,,,,,,,0,0,0,0
lge,80,MALE,서울,,317,6.7,8.9,6.7,6.4,1.5,6.4,,1.9,,,0,0,0,0
lge,80,MALE,서울,키즈맘_초등생,2,,9.2,,2.7,3.6,,,1.4,,,0,0,0,0
lge,80,MALE,서울,시니어,119,3.4,9,3.4,6,2.2,5.6,5.4,2.7,8.5,,0,0,0,0
lge,80,MALE,서울,키즈맘_미취학,3,,,,9.8,0.7,,,0.9,,,0,0,0,0
lge,80,MALE,세종,,4,,,,,,,,,,,,,,
lge,80,MALE,세종,시니어,2,0.1,,0.1,2.6,1.2,,,0.2,,,0,0,0,0
lge,80,MALE,울산,중년_자녀동거,2,,,,7.6,0.8,,,0.9,4.1,,0,0,0,0
lge,80,MALE,울산,,31,,,,,,,,,,,,,,
lge,80,MALE,울산,시니어,13,10,8.9,10,5.2,0.7,7.8,,2,,,0,0,0,0
lge,80,MALE,울산,키즈맘_중학생,1,,,,,0.8,,,0.4,,,0,0,0,0
lge,80,MALE,인천,키즈맘_미취학,1,10,,10,7.9,0.8,,,1.1,,,0,0,0,0
lge,80,MALE,인천,키즈맘_중학생,1,,,,5.8,,,,,,,0,0,0,0
lge,80,MALE,인천,시니어,33,6.3,8.9,6.3,7.9,1.7,6.4,,1.2,,,0,0,0,0
lge,80,MALE,인천,중년_자녀동거,14,10,8.7,10,8.3,1,6.4,,1.6,,,0,0,0,0
lge,80,MALE,인천,,86,10,8.7,10,8.5,3.1,,8,1.4,,,0,0,0,0
lge,80,MALE,전남,키즈맘_미취학,1,,,,9.9,0.6,,,,,,0,0,0,0
lge,80,MALE,전남,중년_자녀동거,4,5.2,8.8,5.2,6.5,4.3,,0.1,2.4,,,0,0,0,0
lge,80,MALE,전남,,36,,9.1,,8.8,0.9,,,,,,0,0,0,0
lge,80,MALE,전남,시니어,18,1.9,9.1,1.9,7.9,0.9,,8.9,1.8,,,0,0,0,0
lge,80,MALE,전북,시니어,19,10,9.1,10,8.1,3,6.4,,1.3,8.2,,0,0,0,0
lge,80,MALE,전북,,54,,,,,,,,,,,,,,
lge,80,MALE,전북,키즈맘_중학생,1,,8.9,,6.9,,,,,,,0,0,0,0
lge,80,MALE,전북,중년_자녀동거,6,,9,,6.1,0.6,,,1.1,,,0,0,0,0
lge,80,MALE,제주,중년_자녀동거,4,10,8.7,10,6,0.7,,,2,,,0,0,0,0
lge,80,MALE,제주,시니어,7,10,8.8,10,8.6,0.8,,,2.9,8.2,,0,0,0,0
lge,80,MALE,제주,,18,,8.7,,,0.6,,,,,,0,0,0,0
lge,80,MALE,충남,키즈맘_중학생,1,,,,7.8,8.2,,,2.4,,,0,0,0,0
lge,80,MALE,충남,중년_자녀동거,1,,,,,,,,,8.7,,0,0,0,0
lge,80,MALE,충남,,36,,,,,0.6,,,,,,0,0,0,0
lge,80,MALE,충남,시니어,15,7.1,8.9,7.1,5.3,4.4,6.4,5.8,3.9,8.2,,0,0,0,0
lge,80,MALE,충남,중년_2인,1,,,,8.3,,,,,,,0,0,0,0
lge,80,MALE,충북,,36,,,,,,,,,,,,,,
lge,80,MALE,충북,중년_자녀동거,3,,,,4,,,,3.1,,,0,0,0,0
lge,80,MALE,충북,시니어,18,7.8,,7.8,5.3,1.7,0.1,,2.7,,,0,0,0,0
lge,80,MALE,충북,키즈맘_중학생,1,,,,,,,,,,,0,0,0,0
lge,90,FEMALE,,키즈맘_미취학,3,,8.7,,6.2,1.4,,,,8.2,,0,0,0,0
lge,90,FEMALE,,,37,10,8.8,10,4,8.4,,,,,,0,0,0,0
lge,90,FEMALE,,중년_자녀동거,5,,8.8,,8.9,6.8,8,,1.3,,,0,0,0,0
lge,90,FEMALE,,키즈맘_초등생,1,,,,8,,,,,,,0,0,0,0
lge,90,FEMALE,,시니어,12,5,8.7,5,7.7,3.3,8,8,3.4,,,0,0,0,0
lge,90,FEMALE,강원,시니어,1,,,,8,4.2,,,0.8,,,0,0,0,0
lge,90,FEMALE,강원,,1,,,,,,,,,,,,,,
lge,90,FEMALE,경기,중년_자녀동거,2,0,9.2,0,9.8,6.6,,,8.4,,,0,0,0,0
lge,90,FEMALE,경기,시니어,7,10,,10,6.5,8.8,,8,9.2,9.2,,0,0,0,0
lge,90,FEMALE,경기,,13,,,,0,,,,,,,0,0,0,0
lge,90,FEMALE,경북,,3,,,,,,,,,,,,,,
lge,90,FEMALE,경북,시니어,1,,,,,,,,,,,0,0,0,0
lge,90,FEMALE,광주,시니어,1,,,,8,0.5,8,,3.1,,,0,0,0,0
lge,90,FEMALE,광주,중년_자녀동거,1,,8.7,,,,,,,,,0,0,0,0
lge,90,FEMALE,광주,,3,,,,,,,,,,,,,,
lge,90,FEMALE,대구,,3,,,,,,,,,,,,,,
lge,90,FEMALE,대구,시니어,1,,,,7.4,3.2,,,4.2,9.1,,0,0,0,0
lge,90,FEMALE,대전,,3,,,,,,,,,,,,,,
lge,90,FEMALE,대전,키즈맘_초등생,1,,8.7,,8,9.1,,,7.4,8.4,,0,0,0,0
lge,90,FEMALE,대전,시니어,2,10,9.1,10,8.9,9.4,,,9.5,,,0,0,0,0
lge,90,FEMALE,부산,,7,,,,,,,,,,,0,0,0,0
lge,90,FEMALE,부산,중년_자녀동거,1,10,,10,9.7,9.2,,,9.7,,,0,0,0,0
lge,90,FEMALE,부산,시니어,3,10,,10,2.5,6.1,,,5.6,,,0,0,0,0
lge,90,FEMALE,서울,,18,8.7,,8.7,3,1.5,,,0.6,,,0,0,0,0
lge,90,FEMALE,서울,시니어,11,10,,10,8.6,3,8,8,6.6,9.1,,0,0,0,0
lge,90,FEMALE,세종,,1,,,,8,0.7,,,1.8,,,0,0,0,0
lge,90,FEMALE,울산,중년_자녀동거,1,,,,,,,,,,,0,0,0,0
lge,90,FEMALE,울산,,1,,,,,,,,,,,,,,
lge,90,FEMALE,인천,중년_자녀동거,2,,9.1,,7.9,1,,,4,,,0,0,0,0
lge,90,FEMALE,인천,시니어,5,0,8.9,0,8.8,1.1,,8,0.6,5.7,,0,0,0,0
lge,90,FEMALE,인천,,9,,,,,,,,,,,,,,
lge,90,FEMALE,전남,,1,,,,,,,,,,,,,,
lge,90,FEMALE,전북,시니어,3,0,,0,8.7,,,,,8.3,,0,0,0,0
lge,90,FEMALE,전북,,4,,,,,,,,,,,,,,
lge,90,FEMALE,제주,,1,,,,,,,,,,,,,,
lge,90,FEMALE,충남,,3,,,,,,,,,,,,,,
lge,90,FEMALE,충남,시니어,1,,,,2.5,9.1,,,8.1,3.2,,0,0,0,0
lge,90,FEMALE,충북,시니어,1,,,,,1.9,,,,,,0,0,0,0
lge,90,FEMALE,충북,,1,,,,,,,,,,,,,,
lge,90,MALE,,키즈맘_미취학,1,,,,6.6,,,,,,,0,0,0,0
lge,90,MALE,,시니어,11,10,,10,7.1,0.7,,,1.4,,,0,0,0,0
lge,90,MALE,,중년_자녀동거,9,8.3,,8.3,7.7,2.4,2.9,8,3.6,,,0,0,0,0
lge,90,MALE,,,39,,,,,,,,,,,0,0,0,0
lge,90,MALE,강원,시니어,1,,,,,,,,,,,0,0,0,0
lge,90,MALE,강원,중년_자녀동거,3,,,,8,,,,,,,0,0,0,0
lge,90,MALE,강원,,4,,,,,,,,,,,,,,
lge,90,MALE,경기,중년_자녀동거,3,10,8.7,10,8,2.4,,,2.4,,,0,0,0,0
lge,90,MALE,경기,시니어,6,5.8,,5.8,4.8,0.8,,,1.8,8.2,,0,0,0,0
lge,90,MALE,경기,,19,,,,,3.2,,,,,,0,0,0,0
lge,90,MALE,경남,,2,,,,,,,,,,,,,,
lge,90,MALE,경남,시니어,2,,,,7.7,,,,,,,0,0,0,0
lge,90,MALE,경북,,2,,,,,,,,,,,0,0,0,0
lge,90,MALE,광주,시니어,1,,,,8,0.7,,,,,,0,0,0,0
lge,90,MALE,광주,,2,,,,,,,,,,,,,,
lge,90,MALE,광주,키즈맘_중학생,1,,,,,,,,,,,0,0,0,0
lge,90,MALE,부산,시니어,2,,,,7.9,0.7,,,0,,,0,0,0,0
lge,90,MALE,부산,,4,,,,,,,,,,,,,,
lge,90,MALE,서울,시니어,7,10,,10,5.4,1.8,4.8,,0.9,9.3,,0,0,0,0
lge,90,MALE,서울,키즈맘_중학생,2,,,,8,1.8,,,3.9,,,0,0,0,0
lge,90,MALE,서울,중년_자녀동거,3,,8.7,,9.1,1.9,,,0.4,,,0,0,0,0
lge,90,MALE,서울,,21,,,,2,0.8,,,0.3,,,0,0,0,0
lge,90,MALE,인천,,6,,,,,,,,,,,,,,
lge,90,MALE,인천,시니어,1,10,,10,7.5,5.7,,,1,,,0,0,0,0
lge,90,MALE,인천,중년_자녀동거,2,0,9,0,7.9,4.7,,,2.3,,,0,0,0,0
lge,90,MALE,인천,키즈맘_미취학,1,0,,0,8,9.4,,,,,,0,0,0,0
lge,90,MALE,전남,시니어,3,,,,7,1.6,,,1.6,,,0,0,0,0
lge,90,MALE,전남,,3,,,,,,,,,,,,,,
lge,90,MALE,전북,시니어,2,,,,0,3.2,,,4.6,,,0,0,0,0
lge,90,MALE,전북,중년_자녀동거,1,,,,,,,,,,,0,0,0,0
lge,90,MALE,전북,,4,,,,,,,,,,,,,,
lge,90,MALE,제주,시니어,1,2.1,,2.1,6.4,0.6,,,,,,0,0,0,0
lge,90,MALE,제주,,2,,,,,0.6,,,,,,0,0,0,0
lge,90,MALE,충남,,3,,,,,,,,,,,,,,
lge,90,MALE,충남,시니어,1,,,,8.8,0.8,,,2.5,,,0,0,0,0
lge,90,MALE,충북,,1,,,,,,,,,,,,,,
modevi,,,,,1,,,,,,,,,,,,,,
modevi,10,MALE,경기,,1,,,,,,,,,,,,,,
modevi,10,MALE,경기,중년_자녀동거,1,,,,6.5,5.7,,,,,,0,0,0,0
modevi,20,FEMALE,,,1,,6.4,,8,9.6,,,9.9,8.1,,21,10.9,9.2,7.5
modevi,20,FEMALE,경기,,2,,,,,,,,,,,,,,
modevi,20,FEMALE,경기,1인가구,2,,6.4,,7.9,5.1,,,9.9,,,16.4,11,5.1,8
modevi,20,FEMALE,대전,중년_자녀동거,1,10,7.4,10,5.5,2.7,,,0.1,,,33.4,38,8.4,12.1
modevi,20,FEMALE,대전,,1,,,,,,,,,,,,,,
modevi,20,FEMALE,부산,,1,,,,,,,,,,,,,,
modevi,20,FEMALE,인천,,1,0,,0,,9,,,,,,32.1,35.2,7.3,15.5
modevi,20,FEMALE,전북,,1,,,,,,,,,,,,,,
modevi,20,FEMALE,전북,키즈맘_미취학,1,0,7.5,0,4.9,3.8,,,2,,,17.4,17.3,4.6,9.2
modevi,20,MALE,,1인가구,1,10,6.4,10,9.6,9.9,,8.6,9.9,,7.5,0.3,0.3,0.1,0.1
modevi,20,MALE,,중년_자녀동거,1,10,6.8,10,9.8,0.7,,,,,,15.9,23.7,0.8,12.4
modevi,20,MALE,,,3,,8.5,,8,10,,8,10,,8.4,15.4,21.6,0.6,12.7
modevi,20,MALE,경기,,4,,7.5,,0.6,4.8,,,7.7,,,17.8,18.4,4.1,9.1
modevi,20,MALE,경기,중년_자녀동거,1,10,8.1,10,7.3,9.6,,0,9.8,2.8,,33.7,37.1,7.3,16.1
modevi,20,MALE,경북,1인가구,1,,6.4,,0,9.5,,,,,,11.1,14.3,0.4,11.6
modevi,20,MALE,경북,,1,,,,,,,,,,,,,,
modevi,20,MALE,부산,,1,,,,,,,,,,,,,,
modevi,20,MALE,서울,,3,,,,8,8.9,,,,,,25.9,22.8,6,10.1
modevi,20,MALE,서울,중년_자녀동거,1,10,6.4,10,9.1,1.1,,,1.5,,,15,24.4,1.1,9.2
modevi,20,MALE,울산,,1,,,,,,,,,,,,,,
modevi,20,MALE,인천,,2,,,,,,,,,,,,,,
modevi,20,MALE,인천,키즈맘_미취학,1,,,,8.9,8.1,,,6.4,,,38.2,37.1,9,19
modevi,20,MALE,전북,,1,10,,10,9.3,9.8,,,2.6,,,36.9,35.4,9.3,17.6
modevi,20,MALE,충북,중년_자녀동거,1,,,,6,0.8,,,,,,28.2,35.2,7.9,12.8
modevi,20,MALE,충북,,1,,,,,,,,,,,,,,
modevi,30,FEMALE,,중년_자녀동거,1,,,,,,,,,,,39.4,39,9.8,17.1
modevi,30,FEMALE,,2인가구,1,10,7.8,10,7.9,9.8,,,10,8.3,,33.3,36.4,8.8,16.2
modevi,30,FEMALE,,,5,,,,,,,,,,,,,,
modevi,30,FEMALE,경기,2인가구,1,10,8.3,10,9.3,8.9,8,8.3,0.1,,,39.3,38.3,9.8,19.6
modevi,30,FEMALE,경기,키즈맘_미취학,1,5.9,6.4,5.9,8.8,1.9,,,4.3,9,,21.3,14.3,7.1,9.7
modevi,30,FEMALE,경기,중년_자녀동거,1,,,,,1.1,,,1,,,36.4,37.9,9.2,19
modevi,30,FEMALE,경기,,4,,,,9.8,0.6,,,,,,24.6,14.3,8.6,6.9
modevi,30,FEMALE,대구,,1,10,7.4,10,9.6,9.9,,,9.6,,,38.3,39.1,9.7,19.2
modevi,30,FEMALE,서울,1인가구,3,0,6.3,0,8.1,7.3,,0,7.8,,,31.4,29.2,7.7,14
modevi,30,FEMALE,서울,,6,,,,8,9.3,8,,5.1,8,7.2,21.6,18.1,6.9,8.9
modevi,30,FEMALE,인천,,1,,,,,,,,,,,,,,
modevi,30,FEMALE,전남,키즈맘_미취학,1,10,7.4,10,6.8,9.7,,,10,,,37.6,37.3,9.5,18.5
modevi,30,FEMALE,전남,,1,,,,,,,,,,,,,,
modevi,30,FEMALE,충남,중년_자녀동거,1,,7.4,,9.8,9.7,,,9.8,,,11.3,9.2,4,7.2
modevi,30,FEMALE,충남,,1,,,,,,,,,,,,,,
modevi,30,FEMALE,충북,키즈맘_미취학,1,10,,10,9.7,9.9,,,9.6,,,37.2,40,10,20
modevi,30,FEMALE,충북,,1,,,,,,,,,,,,,,
modevi,30,MALE,,,10,10,8.2,10,9.7,5.7,,0,1.1,9.9,,18.8,19.2,5,9.7
modevi,30,MALE,,키즈맘_미취학,2,10,7.4,10,4.8,9.6,,0.4,4.8,,,28.6,30.4,5.3,13.3
modevi,30,MALE,,1인가구,3,10,7.9,10,5.2,6.9,,,6.4,,,28.2,30.9,6.4,16
modevi,30,MALE,강원,1인가구,1,,7.7,,6.2,8.9,,,8.4,3.9,,23.7,36.9,7.1,9.7
modevi,30,MALE,강원,,1,,,,,,,,,,,,,,
modevi,30,MALE,경기,,6,,8.1,,9.1,2.7,,9.1,4.6,6.2,,23.4,26.7,5.6,13.3
modevi,30,MALE,경남,,1,,,,,,,,,,,,,,
modevi,30,MALE,광주,키즈맘_미취학,1,,7.7,,6,1.2,,,1.3,,,38.2,37,9.3,17.2
modevi,30,MALE,광주,,1,,,,,,,,,,,,,,
modevi,30,MALE,대구,,2,,6.2,,,1.7,,,7,,,23.3,15.2,8.4,9
modevi,30,MALE,대구,중년_자녀동거,1,0.8,8.5,0.8,9.8,9.9,,0.1,9.8,7.7,,0.2,0.2,0,0.1
modevi,30,MALE,부산,,1,10,,10,6.7,2.3,6.4,,5.9,,,38.4,39.1,9.5,18.6
modevi,30,MALE,서울,키즈맘_미취학,1,,7.4,,4.6,9.9,,,9,9.7,,29.8,33.7,8.2,14.7
modevi,30,MALE,서울,,6,1.2,7.5,1.2,8.5,9.9,,,10,,,36.5,37.4,8.8,18.4
modevi,30,MALE,인천,1인가구,1,0,,0,9.7,1.8,9,,2.6,,,15.2,21.5,1.4,9.6
modevi,30,MALE,인천,,2,0,8.5,0,8,9.9,,1.5,1.6,,,16.7,26.3,0.2,14.9
modevi,30,MALE,전남,,1,,,,,,,,,,,,,,
modevi,30,MALE,전북,,2,,,,,,,,,,,,,,
modevi,30,MALE,제주,,1,,,,,,,,,,,,,,
modevi,40,FEMALE,경기,,2,,,,,,,,,,,,,,
modevi,40,FEMALE,경기,중년_자녀동거,1,,,,,4.5,,,8.1,,,13.5,20.2,0.9,12.7
modevi,40,FEMALE,경남,,1,,,,8.5,7,,,1.7,1.9,,37.9,38.3,9.3,19.3
modevi,40,FEMALE,부산,,1,,,,9.8,9.7,,,4,,,37.9,38.3,9.6,18.6
modevi,40,FEMALE,서울,,2,10,8.6,10,9.6,6.3,,0,8.3,,,34.8,37.1,7.5,18.3
modevi,40,MALE,,키즈맘_중학생,1,10,,10,8,6.3,,,1.8,,,22.4,27.9,6.9,9.5
modevi,40,MALE,,중년_자녀동거,1,,6.1,,8,8.1,,,,7.6,,25.7,32.3,9.3,13.4
modevi,40,MALE,,,4,,,,9.6,0.7,,0.1,,,,37.4,36.3,9.2,18.1
modevi,40,MALE,경기,,6,4.8,,4.8,0.3,9,,,,,,27.8,25.5,8.4,8.8
modevi,40,MALE,경기,키즈맘_중학생,1,,,,6.2,8.4,,,5.7,,,37.6,34.3,9.6,18.8
modevi,40,MALE,경기,키즈맘_초등생,2,,7,,8.7,9.1,,,1.7,0,7.6,17.7,17.6,4.5,9.2
modevi,40,MALE,경기,중년_자녀동거,1,10,8,10,6.9,9.4,,,,,,38.3,38.5,9.4,17.4
modevi,40,MALE,경남,,2,10,6.7,10,6.9,2.2,6.4,,0.5,9.7,,24.9,27.1,5,14.6
modevi,40,MALE,대구,키즈맘_중학생,1,,7.9,,7.2,9.8,,,9.9,,,37.9,38.6,9.5,19.6
modevi,40,MALE,대구,,1,,,,,,,,,,,,,,
modevi,40,MALE,서울,,1,,,,,,,,,,,,,,
modevi,40,MALE,인천,,1,,,,,,,,,,,,,,
modevi,40,MALE,인천,중년_자녀동거,1,,7.5,,2.8,2.3,,,2,,,35.1,37.6,8.8,17.1
modevi,40,MALE,충남,,1,,,,,,,,,,,,,,
modevi,50,FEMALE,,,1,,,,,,,,,,,,,,
modevi,50,FEMALE,인천,,1,,,,,,,,,,,,,,
modevi,50,FEMALE,충북,,2,,,,,,,,,,,,,,
modevi,50,FEMALE,충북,중년_자녀동거,1,,6.8,,0,1.4,,,0.6,,,14.1,17.6,3.9,13
modevi,50,MALE,,중년_자녀동거,1,,7.5,,8.5,9.7,,,0,,,37.4,38.9,9.5,18.4
modevi,50,MALE,,,4,,,,,,,,,,,,,,
modevi,50,MALE,,키즈맘_중학생,1,,,,,9.4,,,9.7,,,37.7,37.5,9.5,18.3
modevi,50,MALE,광주,,1,,,,,9.6,,,4.9,,,31.3,30.2,10,11.9
modevi,50,MALE,서울,,2,,,,,,,,,,,,,,
modevi,50,MALE,충남,,1,,,,,,,,,,,,,,
modevi,50,MALE,충북,,1,,,,,,,,,,,,,,
modevi,60,FEMALE,,,1,,,,,,,,,,,,,,
modevi,60,FEMALE,,시니어,1,10,8,10,7.1,3.7,,,2,,,0,0,0,0
modevi,60,FEMALE,경남,,1,,,,,,,,,,,,,,
modevi,60,FEMALE,충북,,1,,,,,,,,,,,,,,
modevi,60,FEMALE,충북,중년_2인,1,,,,2.4,8.6,,,,,,39.7,38.6,9.9,18.5
modevi,60,MALE,,중년_자녀동거,1,,8,,9.8,9.6,,,9.1,,,22.2,21.5,8.2,10.1
modevi,60,MALE,,,1,,,,,,,,,,,,,,
modevi,60,MALE,경기,,1,,,,,,,,,,,,,,
modevi,60,MALE,서울,,2,,,,,8.2,,,2.9,,,36.8,37.6,9.6,19.3
modevi,60,MALE,전남,시니어,1,,,,5.6,0.5,,,1.4,,,39.2,38.9,9.8,18.4
modevi,60,MALE,전남,,1,,,,,,,,,,,,,,
modevi,70,FEMALE,,,1,,,,,,,,,,,,,,
modevi,70,MALE,경기,시니어,1,,,,,,6.4,,0.2,,,0,0,0,0
modevi,70,MALE,경기,,1,,,,,,,,,,,,,,
modevi,80,MALE,서울,,1,,,,,,,,,,,,,,
samsunge,,,,,1,,,,,,,,,,,,,,
samsunge,,,경기,,1,,,,,,,,,,,,,,
samsunge,,,경남,,1,,,,,,,,,,,,,,
samsunge,,,부산,,2,,,,,,,,,,,,,,
samsunge,,,서울,,4,,,,,,,,,,,,,,
samsunge,,,울산,,1,,,,,,,,,,,,,,
samsunge,,,제주,,1,,,,,,,,,,,,,,
samsunge,10,FEMALE,,키즈맘_초등생,1,,,,,0,,,,,,0,0,0,0
samsunge,10,FEMALE,,,1,,,,,,,,,,,,,,
samsunge,10,FEMALE,광주,,1,,,,,,,,,,,,,,
samsunge,10,FEMALE,인천,중년_자녀동거,1,10,7.8,10,7.7,9.7,,,8.9,,,34.6,34.8,8.8,16.5
samsunge,10,FEMALE,인천,,1,,,,,,,,,,,,,,
samsunge,10,FEMALE,충북,,1,,,,,,,,,,,33.6,37.5,7.9,19.1
samsunge,10,MALE,,,3,,,,,,,,,,,,,,
samsunge,10,MALE,,키즈맘_초등생,1,10,7.9,10,8.3,6.3,,,1.2,,,0,0,0,0
samsunge,10,MALE,,중년_자녀동거,2,0,8,0,5.7,3.6,,,9.4,,,0,0,0,0
samsunge,10,MALE,경남,,1,,7.9,,2.4,1.2,,,,,,0,0,0,0
samsunge,10,MALE,경북,,1,,7.8,,6.5,1.6,,,0.5,,,0,0,0,0
samsunge,10,MALE,광주,,1,,,,,,,,,,,,,,
samsunge,10,MALE,인천,,1,,,,,,,,,,,,,,
samsunge,10,MALE,인천,키즈맘_중학생,1,,7.8,,5.7,0.9,,,,,,0,0,0,0
samsunge,10,MALE,충남,,1,,,,,,,,,,,,,,
samsunge,20,FEMALE,,중년_자녀동거,9,7.5,7,7.5,7.1,7.7,,3.4,8.9,8,,24.6,25.4,6.1,13.6
samsunge,20,FEMALE,,키즈맘_미취학,1,10,7.9,10,6.6,9.7,,,9.7,,,33.9,30,8.6,15.3
samsunge,20,FEMALE,,1인가구,1,,7.6,,0,0.5,,8,,,,16.2,6.6,6.5,4.3
samsunge,20,FEMALE,,,24,8.7,7.5,8.7,6.8,5.4,,0,8.2,,,25.6,23.9,7,11.7
samsunge,20,FEMALE,,2인가구,1,10,,10,8.3,10,,,9.9,9.9,,17.6,17.5,4.6,9.2
samsunge,20,FEMALE,강원,,2,10,7.5,10,9.5,9.9,,,9.6,8.6,,17.6,17.5,4.7,9.2
samsunge,20,FEMALE,경기,,17,5,7.6,5,7.3,6.7,8,,5,,,24.3,21.2,6.6,11.2
samsunge,20,FEMALE,경기,중년_자녀동거,2,10,7.8,10,8.8,9.1,,8,9,,,17.4,16.7,5.5,9.9
samsunge,20,FEMALE,경기,키즈맘_미취학,1,,7.4,,0.3,9.6,,,9.5,,,37.7,35.7,9,18.6
samsunge,20,FEMALE,경기,1인가구,3,3.5,6.8,3.5,5.4,8.9,,,8.3,8.6,,22.1,21.5,5.8,13.4
samsunge,20,FEMALE,경남,중년_자녀동거,3,10,7.3,10,6.2,9.7,,,9.8,,,29.7,27.7,8.9,15.5
samsunge,20,FEMALE,경남,,6,,,,,,,,,,,,,,
samsunge,20,FEMALE,경남,키즈맘_미취학,1,10,6.3,10,8,9.9,,,10,,,17,10.8,2.2,10.8
samsunge,20,FEMALE,경북,,2,,7.5,,5.8,9.6,,,9.8,,,37.4,39.2,9.4,18.1
samsunge,20,FEMALE,광주,1인가구,1,10,,10,7,9.4,,,8.5,,,28.1,28.7,8.7,12.5
samsunge,20,FEMALE,광주,,3,10,6.4,10,8,9.6,,,9.8,8,,12.4,8.3,3.8,9.6
samsunge,20,FEMALE,대전,,1,,,,,,,,,,,,,,
samsunge,20,FEMALE,부산,,1,,,,,,,,,,,,,,
samsunge,20,FEMALE,부산,중년_자녀동거,1,,,,,8.4,,,,,,13.4,15.7,2,9.1
samsunge,20,FEMALE,서울,중년_자녀동거,2,2.6,6.9,2.6,8.3,2.8,,0,5.5,,,17.8,21.2,4,12.3
samsunge,20,FEMALE,서울,,10,5.6,8.5,5.6,8.7,8.1,,8.6,8.4,,,19.4,10.2,9,7.4
samsunge,20,FEMALE,서울,2인가구,1,,,,,,,,,,,36.6,36.8,9.4,15.7
samsunge,20,FEMALE,서울,1인가구,4,8.4,7.1,8.4,9.1,8.9,8,,9.2,,,19.6,18.3,5.2,10.4
samsunge,20,FEMALE,세종,,1,,,,,,,,,,,,,,
samsunge,20,FEMALE,울산,,1,,,,,,,,,,,,,,
samsunge,20,FEMALE,인천,중년_자녀동거,1,0,7.4,0,9.6,8.7,,,9.2,,,31.6,32.6,8.5,16.1
samsunge,20,FEMALE,인천,키즈맘_미취학,2,,7.9,,8,3,,9.2,0.2,,,13.4,7.4,5.9,5.2
samsunge,20,FEMALE,인천,키즈맘_중학생,1,,7.4,,2,1.2,,,2.7,,,29.6,37.1,9.3,9.6
samsunge,20,FEMALE,인천,,3,,,,,,,,,,,,,,
samsunge,20,FEMALE,전북,,1,,,,,,,,,,,,,,
samsunge,20,FEMALE,전북,중년_자녀동거,1,,7.4,,6.9,9.8,,,9.9,,,34.4,34.1,8.8,15
samsunge,20,FEMALE,충남,1인가구,2,8.7,7.7,8.7,9,6.7,,,7,,,21.2,19.4,5.1,11.8
samsunge,20,FEMALE,충남,,2,,,,,,,,,,,,,,
samsunge,20,FEMALE,충북,,2,,,,,,,,,,,,,,
samsunge,20,FEMALE,충북,1인가구,1,,6.4,,8,9.9,,,10,,,22.8,14.4,9.1,10.7
samsunge,20,MALE,,키즈맘_미취학,1,,7.4,,6.5,8.9,,,9.2,,,36.4,35.9,8.8,17
samsunge,20,MALE,,중년_자녀동거,4,10,7.5,10,7,7.5,,,5.6,4,,34.6,36.7,8.8,15.6
samsunge,20,MALE,,,21,,8,,8.4,5.8,8,6.1,3.4,,7.7,33.4,32.1,9.1,15.5
samsunge,20,MALE,,1인가구,4,5.7,8.4,5.7,8,5.6,,4.5,5.9,,,21.9,26.8,5.2,13
samsunge,20,MALE,강원,,1,10,6.4,10,9.4,0.9,,,5.7,,7.5,0.4,0.3,0.1,0.1
samsunge,20,MALE,경기,,27,10,6.4,10,4,7.7,,,0.8,,,15.1,15.9,3.1,8.5
samsunge,20,MALE,경기,중년_자녀동거,5,,6.9,,6.6,5.8,,,4.9,,,22.5,24.8,5,12.5
samsunge,20,MALE,경기,키즈맘_중학생,1,,7.6,,7.5,1.3,,,,,,37.2,36.7,8.8,12
samsunge,20,MALE,경기,2인가구,1,0,7.8,0,9.5,2.8,,,0.1,,7.7,0.5,0.5,0.1,0.2
samsunge,20,MALE,경남,,1,,,,,,,,,,,,,,
samsunge,20,MALE,경북,,3,,7.4,,9.4,9.6,,,1.7,,,38,39.2,9.4,19
samsunge,20,MALE,경북,키즈맘_미취학,1,,,,6.5,8.5,,,1.8,,,17.1,17,4.3,8.7
samsunge,20,MALE,광주,,3,10,,10,9.6,9.9,,,10,,,38.9,38.6,9.8,17.7
samsunge,20,MALE,광주,중년_자녀동거,1,,6.4,,8,9.4,,,9.8,,,14.7,15.1,2,10.9
samsunge,20,MALE,광주,키즈맘_미취학,1,,,,7.3,9.9,,,9.9,0.5,7.7,31.1,35,8.1,11.5
samsunge,20,MALE,대전,,3,,7,,9.7,4.8,,,8.6,,,18.6,19.4,4.5,8.9
samsunge,20,MALE,대전,중년_자녀동거,1,10,9.4,10,,0.7,,,,,,35.2,37.9,9.2,10.2
samsunge,20,MALE,부산,,4,,,,8,9.9,,,9.9,,7.5,25.8,24.8,8.3,9
samsunge,20,MALE,부산,1인가구,1,,,,8,2.1,,,,,,12.7,17.6,1.5,8.3
samsunge,20,MALE,부산,중년_자녀동거,2,10,,10,8.8,1.8,,0.8,1.7,,,17.8,26.7,1.1,13.2
samsunge,20,MALE,서울,중년_자녀동거,1,,6.4,,9.1,,,,,,,12.7,19.3,0.5,9.2
samsunge,20,MALE,서울,,6,10,7.6,10,7.6,9.8,,9.3,8.9,,,27.9,24.1,8.5,12.1
samsunge,20,MALE,인천,,3,10,,10,9.2,5.4,10,,5.6,,,26.2,30.1,5.1,14.1
samsunge,20,MALE,전남,중년_자녀동거,2,,6.9,,8.8,5.1,,,8.1,,,24.9,25.5,6,11.5
samsunge,20,MALE,전남,,4,,7.5,,,7.3,,,1,,7.7,37.8,38,9,18.7
samsunge,20,MALE,전북,키즈맘_미취학,1,,6.4,,,1.3,,,3,,,24,21.2,5.5,9.8
samsunge,20,MALE,전북,1인가구,2,,7.3,,7,9.2,,,5.7,,,19.9,27,5,12.2
samsunge,20,MALE,전북,중년_자녀동거,2,,7.5,,7.2,1,0,,1,,,38.2,36.5,9.4,15.9
samsunge,20,MALE,전북,,6,,,,,,,,,,,,,,
samsunge,20,MALE,제주,,1,,,,,,,,,,,,,,
samsunge,20,MALE,제주,키즈맘_미취학,1,10,7.9,10,3.2,9.7,,,8.6,,,38.5,37.4,9.5,19.2
samsunge,20,MALE,충남,,1,,,,,,,,,,,,,,
samsunge,20,MALE,충북,,2,,,,,,,,,,,,,,
samsunge,20,MALE,충북,1인가구,1,,,,8.9,0.7,,,4.4,,,37.3,37.9,9.5,17.8
samsunge,30,FEMALE,,키즈맘_미취학,9,5,7.3,5,8.1,6.5,3,4.2,8.5,,7.2,22.3,20,6.3,11.6
samsunge,30,FEMALE,,,97,10,7.2,10,7.4,6.2,,8.6,7.2,6.1,,23,20.1,6,11.8
samsunge,30,FEMALE,,키즈맘_중학생,1,,6.3,,8,9.8,,,9.8,7.7,,11.4,10.5,0.6,11.6
samsunge,30,FEMALE,,중년_자녀동거,6,8.1,7.5,8.1,8.3,8,,,8.3,,,30.2,28.8,8,15
samsunge,30,FEMALE,,키즈맘_초등생,1,,,,7.9,9.9,,,9.4,,,27.1,32.8,6.8,11.5
samsunge,30,FEMALE,,1인가구,7,10,6.7,10,8,6.6,8,,6.7,,8.1,22.8,22.6,5.7,12.5
samsunge,30,FEMALE,,2인가구,1,,6.6,,8,9.9,,,9.8,,,20,13.6,6.7,9
samsunge,30,FEMALE,강원,중년_자녀동거,1,,,,,2.9,,,0.2,,,9.4,9.6,0.8,6.5
samsunge,30,FEMALE,강원,,1,,,,,,,,,,,,,,
samsunge,30,FEMALE,경기,,75,7.1,7.3,7.1,7.2,7.8,8,8.3,8,4.2,,28.9,26.1,8.1,13.9
samsunge,30,FEMALE,경기,1인가구,4,0,7.5,0,5.6,6.8,,,4.4,,,27.8,23.2,7.5,11.9
samsunge,30,FEMALE,경기,키즈맘_초등생,3,10,7.5,10,9.4,9.5,,,6.7,9.8,,12.9,13.4,3.3,6.1
samsunge,30,FEMALE,경기,2인가구,4,5,9.1,5,5.7,4.3,,8.5,4.3,,,13.9,11.6,3.4,8.9
samsunge,30,FEMALE,경기,중년_자녀동거,3,,7.7,,7.7,5.8,,,6,,,36.4,37.5,9.4,17.2
samsunge,30,FEMALE,경기,키즈맘_미취학,5,10,6.4,10,6.9,9.6,,,6.8,,,21.8,19.8,6.5,11.3
samsunge,30,FEMALE,경기,키즈맘_중학생,1,8,7.6,8,9.2,9.7,,,10,2.5,,25.8,28.7,7.1,15
samsunge,30,FEMALE,경남,키즈맘_미취학,1,,,,8,9.6,,,,,,16.5,15.5,5,8.7
samsunge,30,FEMALE,경남,중년_자녀동거,4,10,7.5,10,6.7,9.5,,,7.3,,,32.4,32.7,8.1,15.3
samsunge,30,FEMALE,경남,1인가구,1,10,7.9,10,7.5,9.8,,,9.9,,,37.8,34.2,8.6,11.4
samsunge,30,FEMALE,경남,,17,,6.3,,8,9.8,,,10,,,20.5,11,9.1,8.9
samsunge,30,FEMALE,경남,키즈맘_초등생,1,2.3,6.4,2.3,8,6.3,,,6.6,,,10.4,11,0.9,9.6
samsunge,30,FEMALE,경남,2인가구,2,10,,10,7.9,6.1,8,,6,,,26.8,26.4,7.4,14.3
samsunge,30,FEMALE,경북,,12,10,7.4,10,9.8,9.2,,0.4,5.1,,,35,36.6,8.7,18.5
samsunge,30,FEMALE,경북,키즈맘_초등생,1,,7.8,,6.7,6.9,,,1.2,0.1,,38.1,34,9,17.8
samsunge,30,FEMALE,경북,2인가구,1,10,7.4,10,9,9.5,,,9.6,,,0.5,0.6,0.1,0.3
samsunge,30,FEMALE,광주,,2,,,,,,,,,,,,,,
samsunge,30,FEMALE,광주,키즈맘_미취학,1,,7.4,,7.7,9.7,,,10,7.6,,37.2,36.6,9.2,18.8
samsunge,30,FEMALE,대구,중년_자녀동거,1,,7.9,,7.6,0.7,8,,2.5,0.1,,30.7,35.7,8.7,13.8
samsunge,30,FEMALE,대구,,4,,,,6.2,9.7,,,10,,,38.8,38.7,9.7,17.6
samsunge,30,FEMALE,대전,,10,2.6,,2.6,6.8,9.8,,,10,,,39.1,39.2,9.7,18
samsunge,30,FEMALE,대전,키즈맘_초등생,1,,,,8,9.9,,,10,,,13.9,8.6,5,8.8
samsunge,30,FEMALE,대전,키즈맘_미취학,2,10,7.7,10,6.2,9.7,,,9.9,,,37,37.5,8.9,16.3
samsunge,30,FEMALE,대전,중년_자녀동거,3,5,6.3,5,8.9,9.7,,,9.6,,,11.4,7.7,2.9,8.7
samsunge,30,FEMALE,부산,키즈맘_초등생,1,0,8.7,0,9.6,10,,8,9.7,,,10,7.5,2.7,6.6
samsunge,30,FEMALE,부산,키즈맘_미취학,2,,6.3,,9.7,9.5,8.1,,3.5,7.8,,12.8,7.9,4,5.7
samsunge,30,FEMALE,부산,키즈맘_중학생,1,,6.3,,8,1.2,,,1.9,,,15,6.8,5,5.6
samsunge,30,FEMALE,부산,,16,10,6.3,10,8.4,5.6,,,6.2,7.8,,26.2,23.3,6.4,12.9
samsunge,30,FEMALE,부산,중년_자녀동거,1,10,7.5,10,7.9,4.3,,,8.6,,,0.6,0.6,0.1,0.3
samsunge,30,FEMALE,서울,2인가구,1,,,,0,7,,,4,,,0.2,0.2,0,0.1
samsunge,30,FEMALE,서울,키즈맘_미취학,6,10,7.6,10,8.1,8.4,,,8.1,5,,34.5,31.6,8.1,14.3
samsunge,30,FEMALE,서울,키즈맘_중학생,1,,7.5,,4.6,7.3,,,3.8,,,34.1,33.6,9.3,19.2
samsunge,30,FEMALE,서울,키즈맘_초등생,1,10,7.6,10,8,9.8,,,1.5,,,38.9,38.6,9.6,19
samsunge,30,FEMALE,서울,,38,7,7.4,7,7.6,9,8,,7.5,1.5,7.5,34.1,32.2,9.3,16.3
samsunge,30,FEMALE,서울,1인가구,3,10,7.9,10,5.4,9.6,,,9.1,,,32.5,29.7,7.1,15.2
samsunge,30,FEMALE,서울,중년_자녀동거,4,10,7.7,10,8.3,8,8,8,5,,8,12.8,13.4,2.5,8.3
samsunge,30,FEMALE,세종,,1,,,,,,,,,,,,,,
samsunge,30,FEMALE,울산,,4,10,7.1,10,6.3,9.5,0,,5.1,,7.4,22.6,22.9,4.5,14.7
samsunge,30,FEMALE,인천,키즈맘_미취학,1,10,7.4,10,9.8,6.5,,,0.3,,,38,38.9,9.7,18.3
samsunge,30,FEMALE,인천,1인가구,2,10,7.5,10,8,9.8,,,5.3,,7.9,34.3,37.1,8.7,15.4
samsunge,30,FEMALE,인천,키즈맘_초등생,2,,6.3,,7.4,9.7,8,,1.8,,,26.2,23.5,6,13.9
samsunge,30,FEMALE,인천,중년_자녀동거,1,,,,6.5,1,,,,,,38.4,39.5,9.5,17
samsunge,30,FEMALE,인천,,17,5,9.6,5,8.9,9.8,,8.5,9.9,7.9,,29.8,25.3,9.5,14.1
samsunge,30,FEMALE,인천,2인가구,2,,,,8.4,9.9,,,9.9,,,13.2,16.5,1.2,12.4
samsunge,30,FEMALE,전남,중년_자녀동거,1,10,6.3,10,8,2.3,,,6.1,,,15.9,9,3,9.6
samsunge,30,FEMALE,전남,,2,,6.3,,8.7,9.9,,,10,,,26.3,16.7,9.1,9.7
samsunge,30,FEMALE,전북,키즈맘_초등생,1,,9.1,,,4.6,,0,,,,24.4,15.5,7.7,9
samsunge,30,FEMALE,전북,,7,,6.3,,9,9.5,8,,9.6,,,25,12.4,9.5,10
samsunge,30,FEMALE,전북,1인가구,1,,7.6,,7.9,9.6,,,9,,,35.1,36.4,8.6,17.2
samsunge,30,FEMALE,전북,중년_자녀동거,1,10,6.3,10,9.7,9.9,,,10,,,11.9,14.2,2.7,10.2
samsunge,30,FEMALE,제주,,2,10,,10,6.7,9.9,,,9.1,,,37.3,37.1,8.2,18.5
samsunge,30,FEMALE,충남,,6,,6.4,,0,5.4,,8,9.9,,,20.7,8.1,8.5,5
samsunge,30,FEMALE,충북,,2,,,,,,,,,,,,,,
samsunge,30,FEMALE,충북,키즈맘_초등생,1,10,7.8,10,9.7,9.9,,,9.9,,,37.8,39.3,9.5,18.5
samsunge,30,FEMALE,충북,중년_자녀동거,1,1.6,6.3,1.6,8,9.8,,,6.1,,,14.3,14,3.5,10.5
samsunge,30,MALE,,키즈맘_초등생,1,0,,0,6.8,8.7,,,8.4,,,36.7,36.5,8.9,15.2
samsunge,30,MALE,,2인가구,3,10,7.5,10,5.8,6.5,,,1.7,7.8,,25.6,27.6,5.7,12.8
samsunge,30,MALE,,,133,8.6,7.1,8.6,7.8,7.1,6.4,0,6.6,,,27.9,27.2,6.6,12.7
samsunge,30,MALE,,키즈맘_중학생,3,,7.4,,8.2,6.9,10,,4.1,,,33.7,33.7,8.1,14.8
samsunge,30,MALE,,중년_자녀동거,10,8.5,7.3,8.5,7.4,5.6,,5.3,4,7.8,,26.4,28.4,5.6,13.6
samsunge,30,MALE,,1인가구,9,10,6.8,10,8.6,8.1,,,6.4,8.2,8.8,21.1,22.4,4.5,10.6
samsunge,30,MALE,,키즈맘_미취학,8,10,7.4,10,8.4,8.9,6.4,,7.3,2.4,,34,32.8,9,15.6
samsunge,30,MALE,강원,중년_자녀동거,1,,6.2,,8,9.9,,,9.8,,,21,13.1,5,10.9
samsunge,30,MALE,강원,키즈맘_미취학,3,10,6.3,10,8.5,9.7,,,5.4,8.1,,24.1,24.7,5.7,10.3
samsunge,30,MALE,강원,,12,,8.1,,8.7,6.6,,8,6.4,6.5,,29,25.6,8.2,11.5
samsunge,30,MALE,강원,1인가구,1,,7.6,,8.9,9.9,,,9.1,,,30.5,36.1,8.9,14.6
samsunge,30,MALE,경기,키즈맘_초등생,4,10,7.3,10,8,4.8,,,,,,24.9,25.1,5.7,11.4
samsunge,30,MALE,경기,중년_자녀동거,10,5,7.5,5,7.5,6.6,6.4,,4.8,8.7,,23.3,24.2,5.3,10.8
samsunge,30,MALE,경기,,117,8.6,7,8.6,7.8,7.7,6.4,4,5.4,7.7,7.4,27.7,28,6.8,13.3
samsunge,30,MALE,경기,키즈맘_미취학,9,0,7.2,0,8.9,6.7,6.4,0.2,3.9,2.7,7.4,24.9,25.9,5.6,12.1
samsunge,30,MALE,경기,1인가구,8,,6.8,,7.4,8,6.4,0.2,8.2,,,22.4,25.3,4.3,12.4
samsunge,30,MALE,경기,2인가구,2,10,7.7,10,7.3,9,,,1.3,,,8.7,8.7,2.2,4.5
samsunge,30,MALE,경남,키즈맘_미취학,1,,7.5,,,0.9,,,8,,,35.5,32.2,8.7,14.3
samsunge,30,MALE,경남,,15,,9.5,,9.1,9.9,,,2,,,33.7,34.5,8.4,17.8
samsunge,30,MALE,경남,1인가구,3,,7.6,,6.1,6.3,,,7,,,33.8,36.4,8.7,17.5
samsunge,30,MALE,경남,중년_자녀동거,1,0,7.3,0,8,9.4,,,9.6,,,17.2,11.8,2.9,9
samsunge,30,MALE,경북,1인가구,3,6,8.4,6,8.9,7.4,6.4,0,6.2,7.7,7.2,16.3,16.8,3.1,9.6
samsunge,30,MALE,경북,,28,10,6.9,10,8,6.7,,,4.5,,,20.7,20.2,5.1,10
samsunge,30,MALE,경북,2인가구,2,10,7.1,10,8.9,9.7,,,7.5,0.2,,32.6,31.8,8.3,15.3
samsunge,30,MALE,경북,키즈맘_중학생,1,10,7.7,10,9.8,9.9,,,9.9,2,,38.8,39.4,9.8,19.7
samsunge,30,MALE,경북,중년_자녀동거,2,0.8,,0.8,8.9,5,6.4,,3.5,,,24,25.6,5.6,11.1
samsunge,30,MALE,경북,키즈맘_미취학,4,,7.3,,7.6,6.1,,,2.7,9.7,7.4,34,30.2,8.5,17.1
samsunge,30,MALE,광주,1인가구,2,10,7.1,10,9.6,9.9,,,9.3,,,32.4,32.7,8.7,14.9
samsunge,30,MALE,광주,,11,,6.2,,8,4.9,,,0.7,,,22.9,21.1,6.5,9.3
samsunge,30,MALE,광주,키즈맘_미취학,1,10,,10,9.4,2.5,,,0.3,,,29.4,34.6,8.2,12
samsunge,30,MALE,광주,중년_자녀동거,2,10,7.8,10,8.2,2.5,,,8,,,35.1,34.6,8.8,15.5
samsunge,30,MALE,광주,2인가구,1,,7.6,,9.8,9.8,,,0.7,,,35.8,35.7,8.5,17.2
samsunge,30,MALE,대구,,22,,7.7,,6.3,1.8,,,7.9,,,32.9,30.5,8.2,14
samsunge,30,MALE,대구,키즈맘_미취학,3,5,6.8,5,8.6,9.8,,,3.7,,,14.4,12,2.4,6.7
samsunge,30,MALE,대구,2인가구,1,10,8.3,10,8,1.3,,,2.3,,,18.3,18.1,4.8,9.5
samsunge,30,MALE,대구,1인가구,2,,7.7,,8.8,9.8,,,9.6,,,36,36.9,8.8,16.9
samsunge,30,MALE,대전,,11,10,6.3,10,8,8.9,,,5.5,,,18.3,15.5,6,9.2
samsunge,30,MALE,대전,2인가구,1,10,9.5,10,9.7,9.8,,,9.8,0.2,,27.8,30.9,8.3,12.8
samsunge,30,MALE,대전,중년_자녀동거,3,10,8,10,6.1,8.8,,,8,,,21.4,18.9,4.8,9
samsunge,30,MALE,대전,키즈맘_초등생,1,,6.2,,9.7,8.3,,,1.7,,,18.6,18.5,5.1,9.7
samsunge,30,MALE,부산,,17,10,7.2,10,8.4,7.8,,,5.7,,,31.7,31.8,7.7,15.9
samsunge,30,MALE,부산,중년_자녀동거,1,10,7.4,10,9.7,9.3,,,8,7.9,,29.2,27.1,8.5,11.2
samsunge,30,MALE,부산,키즈맘_미취학,2,10,6.3,10,9.6,9.4,,5.2,6.5,,,23.9,25.1,2.3,11.9
samsunge,30,MALE,부산,1인가구,3,1.1,7.8,1.1,8.2,6.1,,0,1.6,,,26.4,28.4,5.9,14.3
samsunge,30,MALE,서울,키즈맘_초등생,1,,7.4,,6.9,9.8,,,8,,,36.1,36,9.2,15.4
samsunge,30,MALE,서울,1인가구,9,8.5,7.3,8.5,7.7,7.3,,0.7,6.6,,,28.2,27.8,7.1,12.1
samsunge,30,MALE,서울,2인가구,1,,,,9.7,9.9,,,8.7,,,33.7,36.6,9,12
samsunge,30,MALE,서울,키즈맘_미취학,4,,8,,8.9,7.5,,,5.1,0,,26.6,28.8,5.8,12.8
samsunge,30,MALE,서울,,65,10,7.4,10,8.4,7.5,10,,5.3,1.7,,27.6,26.7,6.8,12.9
samsunge,30,MALE,서울,중년_자녀동거,6,,7.5,,6.7,4.4,,0,6.9,,,24.9,27,5.3,14.2
samsunge,30,MALE,세종,중년_자녀동거,1,10,,10,9.3,8.4,,,0.8,,,0.2,0.3,0,0.1
samsunge,30,MALE,세종,,3,,,,,,,,,,,,,,
samsunge,30,MALE,세종,키즈맘_초등생,1,10,7.9,10,0,8.1,,,6.9,,,18.2,18.1,4.7,9.4
samsunge,30,MALE,세종,키즈맘_미취학,1,,7.3,,8.8,9.9,,,9.9,,,24.1,24.4,5.3,9.8
samsunge,30,MALE,울산,,9,,,,,8.2,,,8.2,,,32.7,33,9.1,16.2
samsunge,30,MALE,울산,키즈맘_미취학,1,4.5,7.3,4.5,8,9.9,,,9.9,,,27.1,27.5,1.4,11.6
samsunge,30,MALE,울산,키즈맘_중학생,1,,7.4,,7.2,9.4,,,1.4,,,30.1,35.9,8.9,16.5
samsunge,30,MALE,인천,키즈맘_미취학,5,10,7.5,10,8.7,6.4,,8,2.5,7.7,,15.3,15.9,3.3,8.6
samsunge,30,MALE,인천,중년_자녀동거,4,4,8.2,4,8.9,7.8,6.4,,5.5,7.7,,20.9,22.6,5.3,11.1
samsunge,30,MALE,인천,1인가구,2,10,6.2,10,7,9.5,,,9.9,,,19.3,18,4.7,9.6
samsunge,30,MALE,인천,,26,,7.5,,7.4,9.3,,,8.4,4.7,,35.7,37.4,9,17.8
samsunge,30,MALE,전남,2인가구,1,0,6.3,0,9.7,8.2,6.4,0.9,2.3,,,29,29.3,8.1,12.4
samsunge,30,MALE,전남,키즈맘_미취학,3,10,6.8,10,8.4,9.5,,1.5,7.9,7.9,,18.7,20.6,2.9,9.8
samsunge,30,MALE,전남,,9,10,7.4,10,9.8,9.9,,,9.7,,,32,36.2,8.6,16.4
samsunge,30,MALE,전남,1인가구,2,,6.9,,8.8,5.1,,,7.3,,,23.4,21.9,6,13.7
samsunge,30,MALE,전북,2인가구,1,10,7.4,10,9.7,9.7,,,0.1,,,0.6,0.5,0.1,0.3
samsunge,30,MALE,전북,중년_자녀동거,2,10,7.4,10,6.7,6.7,,,8.2,,,36.4,37.5,9,17.1
samsunge,30,MALE,전북,키즈맘_미취학,1,,7.3,,8,9.7,,8,3,,,29.7,29.1,8.3,11.8
samsunge,30,MALE,전북,,12,0.1,7.3,0.1,7.3,9.7,,,7.7,,,26.7,23.5,6.1,13.4
samsunge,30,MALE,전북,키즈맘_초등생,1,,,,7.9,9.7,,,8.6,2,,30.5,34.8,8.7,13.4
samsunge,30,MALE,제주,,2,10,,10,9.8,1.9,,,0.5,,,26.9,20.8,7.6,9.4
samsunge,30,MALE,충남,,11,,7,,4.9,5.4,,,10,,,31.1,25.2,9.2,14.3
samsunge,30,MALE,충남,2인가구,1,0.1,6.3,0.1,,1.1,,,4.7,,,17.8,17.7,4.5,9.1
samsunge,30,MALE,충남,중년_자녀동거,1,,6.3,,8,9.7,,,9.7,,,17.1,14.1,6.3,9.3
samsunge,30,MALE,충남,1인가구,1,,6.2,,8,9.9,,,9.9,,,15,22.6,0.2,12
samsunge,30,MALE,충남,키즈맘_초등생,1,10,8.3,10,9.8,10,,1.3,10,,,13.2,19,1.6,10.9
samsunge,30,MALE,충북,중년_자녀동거,3,10,6.3,10,5.7,3.8,,,5.8,,,25.5,23.8,6.3,13.2
samsunge,30,MALE,충북,키즈맘_미취학,1,,6.3,,,8.1,,,8.1,,,24,30.8,6.1,12.5
samsunge,30,MALE,충북,1인가구,1,10,9.1,10,9.3,1.3,,,1.5,2.9,,17.4,17.4,4.6,9.1
samsunge,30,MALE,충북,키즈맘_중학생,1,,,,9.5,0.8,,,,,,17.9,17.7,4.6,9.2
samsunge,30,MALE,충북,,13,,,,6.1,3.8,6.4,,5.3,,,36.7,37.4,9.5,18
samsunge,40,FEMALE,,키즈맘_미취학,4,,7.4,,7.6,5.1,,,6.2,,,34,32,9.5,14.7
samsunge,40,FEMALE,,키즈맘_초등생,4,9.1,6.6,9.1,3.7,5.6,,,9.1,7.7,,21.7,22.4,4.1,12.7
samsunge,40,FEMALE,,2인가구,1,,,,7.9,8.3,,,,,,14.1,9,3.8,7.3
samsunge,40,FEMALE,,,56,7.5,8.1,7.5,8.3,6.5,8,5.7,6.6,,7.7,26.2,24.2,6.8,12.2
samsunge,40,FEMALE,,1인가구,1,,7.6,,7.1,0.5,,,2.2,,,39.4,39.7,9.9,17.8
samsunge,40,FEMALE,,키즈맘_중학생,1,,,,0,0.7,,,,,,13.6,16.3,1.4,10.8
samsunge,40,FEMALE,,중년_자녀동거,8,,6.5,,8.1,6.7,,,4.8,,,20.5,21.6,4.6,12.4
samsunge,40,FEMALE,강원,키즈맘_중학생,1,0.1,,0.1,3.4,9.2,,,8.4,,,32.4,33.1,7.5,16.9
samsunge,40,FEMALE,강원,키즈맘_초등생,1,,7.6,,8,9.6,,,9.9,,,13.1,13.6,1.5,11.1
samsunge,40,FEMALE,강원,,8,,,,,,,,,,,,,,
samsunge,40,FEMALE,강원,중년_자녀동거,2,10,6.7,10,7.4,9.6,,,9.6,8.1,,25.1,26.5,5.1,15.9
samsunge,40,FEMALE,경기,중년_자녀동거,14,6.7,7,6.7,7,5.1,8.6,,4.2,,,25.3,25.2,5.8,13.2
samsunge,40,FEMALE,경기,키즈맘_초등생,11,7.7,7.2,7.7,8.1,5.2,8,8.3,6.7,,,28,30.2,6.2,15.2
samsunge,40,FEMALE,경기,1인가구,4,10,7.1,10,7.9,6.3,8,,6.8,,,23.4,19.7,5.4,12.1
samsunge,40,FEMALE,경기,2인가구,2,10,6.3,10,0,1.3,,,4,,,10,10.1,2.7,5
samsunge,40,FEMALE,경기,,86,2.2,7.6,2.2,6.4,5.6,,,6.2,4.1,,24.6,22.7,6.7,11.4
samsunge,40,FEMALE,경기,키즈맘_미취학,3,5,6.3,5,9.3,9.8,,,9.9,,7.5,18.9,10.3,5.6,7.6
samsunge,40,FEMALE,경기,키즈맘_중학생,10,8.7,7.2,8.7,6.4,6.1,8,0.2,5.6,8.7,,29.7,29.2,8.2,14.5
samsunge,40,FEMALE,경남,중년_자녀동거,2,10,7.8,10,7.2,9,8,,5.5,4.7,,36.2,37,8.8,17.9
samsunge,40,FEMALE,경남,키즈맘_초등생,2,10,8.7,10,8.1,4,,,0.2,,,30,23.4,9.4,12.6
samsunge,40,FEMALE,경남,,12,,7.5,,7.1,4.5,,,5.6,,,32.7,27.6,9,14.1
samsunge,40,FEMALE,경남,키즈맘_중학생,1,10,,10,8.7,9.9,8,,9.9,,,17.7,17.6,4.4,9.1
samsunge,40,FEMALE,경남,키즈맘_미취학,1,,,,8,9.8,,,1.7,,,10.4,6.6,3.1,4.3
samsunge,40,FEMALE,경남,1인가구,1,,,,6.6,1.7,,,1.1,,,37.6,39,8.6,15.9
samsunge,40,FEMALE,경북,키즈맘_중학생,1,,,,,9.5,,,9.5,,,39,39.5,9.7,17.4
samsunge,40,FEMALE,경북,,8,,,,,,,,,,,,,,
samsunge,40,FEMALE,경북,중년_자녀동거,2,,7.4,,1.7,9,8,,6.6,,,26.2,23.9,6.7,11.8
samsunge,40,FEMALE,광주,,4,,7.8,,6.8,0.7,,,4.5,4.4,,0.3,0.3,0.1,0.2
samsunge,40,FEMALE,광주,중년_자녀동거,2,10,6.2,10,9.6,7.1,,,5.3,,,25.2,24.2,5.5,14.1
samsunge,40,FEMALE,대구,,8,,7.5,,6.2,3.6,,,0.6,,,35.9,35.3,8.9,17.4
samsunge,40,FEMALE,대구,키즈맘_미취학,1,10,7.5,10,9.6,9.7,,,10,,,39.2,39.6,9.8,19.1
samsunge,40,FEMALE,대구,1인가구,1,10,,10,8,9.2,,,8.9,,,12.9,11.8,2.3,8.1
samsunge,40,FEMALE,대전,,5,,7.5,,7.5,5.2,,,5.7,,,8.9,8.9,2.3,4.6
samsunge,40,FEMALE,대전,중년_자녀동거,2,10,,10,8.3,9.9,,,10,,7.5,27.9,23.7,7.4,14.4
samsunge,40,FEMALE,부산,중년_자녀동거,3,,,,4.8,8.2,,,5.2,,,29.4,30.7,7,14.8
samsunge,40,FEMALE,부산,키즈맘_초등생,1,10,7.7,10,6.4,9.9,,,10,,,17,16.9,4.2,8.7
samsunge,40,FEMALE,부산,,8,,,,9.7,9.2,,,8,,,21.4,12.6,9.4,6.1
samsunge,40,FEMALE,서울,2인가구,2,,7.6,,8,4.6,,,,,,18.4,17.7,4,7.4
samsunge,40,FEMALE,서울,,35,10,7.5,10,8.7,7.5,8,,5.5,6.8,7.6,32.3,30.8,8.3,14.8
samsunge,40,FEMALE,서울,1인가구,1,,,,3.4,4.5,,,8.6,,,38,38.8,9.4,17.9
samsunge,40,FEMALE,서울,키즈맘_중학생,3,0.1,7.2,0.1,7.8,8.1,8,,5.2,0.1,7.7,30.1,29.3,7.2,14.8
samsunge,40,FEMALE,서울,키즈맘_초등생,1,,7.5,,9.9,9.2,,,,,,39.6,39,9.9,19.9
samsunge,40,FEMALE,서울,중년_자녀동거,3,,7.9,,6.5,3.5,,8.3,3,0.1,,25.8,22.5,7.7,11.7
samsunge,40,FEMALE,세종,,2,,,,,,,,,,,,,,
samsunge,40,FEMALE,세종,2인가구,1,,6.3,,,,,,2.1,,,27.3,21.7,7.5,14
samsunge,40,FEMALE,울산,중년_자녀동거,1,,7.4,,8,4.4,,,8.1,,,15.5,8.7,6.3,7.1
samsunge,40,FEMALE,울산,,4,10,,10,8.1,9.6,,,9.7,,,17.9,17.4,4.6,9.1
samsunge,40,FEMALE,울산,키즈맘_중학생,1,,7.4,,,8.8,,,3.3,,,35.4,38.1,9.3,14.5
samsunge,40,FEMALE,울산,키즈맘_초등생,1,,6.3,,8,1.5,,,0,,,13.8,15.9,2.1,9.2
samsunge,40,FEMALE,인천,2인가구,1,,,,,8.3,,,,,,38.6,38.6,9.5,18.1
samsunge,40,FEMALE,인천,,16,10,7.4,10,8.5,8.7,,,6.6,0.1,,32.2,25.7,9.7,13.1
samsunge,40,FEMALE,인천,키즈맘_미취학,1,,6.3,,7.9,9.6,,,9.9,,,39,39.9,9.9,19.6
samsunge,40,FEMALE,인천,키즈맘_초등생,1,,,,6.8,,,,,,,38.9,39.4,9.7,19.5
samsunge,40,FEMALE,인천,키즈맘_중학생,1,,,,8,8.2,,,5.4,,,39.2,39.2,9.6,18
samsunge,40,FEMALE,전남,,2,,,,,,,,,,,,,,
samsunge,40,FEMALE,전남,1인가구,1,,,,6.2,9.5,,,9.8,,,38.8,39.4,9.8,18.5
samsunge,40,FEMALE,전남,키즈맘_초등생,1,,7.3,,,5.7,,,8.4,,,36.9,38.2,9.4,17.1
samsunge,40,FEMALE,전북,,7,10,7.4,10,7.6,6.9,,,2.6,,,38.4,38.8,9.5,18.6
samsunge,40,FEMALE,전북,키즈맘_미취학,1,,7.4,,9.6,8.4,,,3.2,,,24.4,31.1,7.8,15.1
samsunge,40,FEMALE,전북,1인가구,1,3.5,8.6,3.5,9.4,0.5,,,1.8,,,13.6,14.9,1.8,9
samsunge,40,FEMALE,전북,키즈맘_초등생,1,,7.9,,9.8,9.8,,,10,,,39.3,39.3,9.8,19.3
samsunge,40,FEMALE,제주,,2,10,6.2,10,8,9.4,,0,9.1,7.6,,23.4,14.1,9.2,6.6
samsunge,40,FEMALE,충남,,9,,,,9.4,4.3,8,,1.4,3.6,,24.7,29.1,4.8,15.5
samsunge,40,FEMALE,충남,1인가구,1,,,,6.9,0.8,,,2.6,,,38.5,38.8,9.1,17.7
samsunge,40,FEMALE,충남,중년_자녀동거,2,,7.3,,,1.2,8,,0.1,,,16.5,19.5,1.9,11.6
samsunge,40,FEMALE,충남,키즈맘_중학생,1,,,,6.4,0.6,,,4.6,,,39.2,37.8,9.7,18.6
samsunge,40,FEMALE,충남,키즈맘_초등생,1,,,,8,9.2,,,4.9,,,13.6,10.6,3.8,7.6
samsunge,40,FEMALE,충북,,6,,,,,,,,,,,,,,
samsunge,40,FEMALE,충북,키즈맘_중학생,1,10,7.4,10,,8.6,8,0,2.7,,,38.2,39.3,9.5,17.2
samsunge,40,MALE,,키즈맘_중학생,6,10,7.2,10,5.2,5.6,6.4,,0.4,,,26,27.7,4.7,12.4
samsunge,40,MALE,,키즈맘_초등생,4,10,6.9,10,8.9,8.3,,0,8.2,,,28.9,30.8,5.6,14.8
samsunge,40,MALE,,중년_자녀동거,13,3.4,7.4,3.4,8.4,5.3,3.2,0,2,5.8,,33.6,33.2,8.1,15.3
samsunge,40,MALE,,키즈맘_미취학,1,,7.5,,7.4,2.8,,,1.6,,,26.9,28,7.2,13.1
samsunge,40,MALE,,1인가구,9,10,7.7,10,8.9,5.4,6.4,0,5.9,8.8,,25.4,27.6,5.8,13
samsunge,40,MALE,,2인가구,4,,7,,8.6,9.2,,,7.3,,,29.7,32.8,6.2,15.3
samsunge,40,MALE,,,111,8.9,7.5,8.9,7.8,5.8,9.4,5.8,3.9,6.9,7.8,29.5,30.2,7.4,14.2
samsunge,40,MALE,강원,키즈맘_초등생,1,,7.4,,9.9,9.9,,,1.9,9.8,,34,33.2,8.1,15.7
samsunge,40,MALE,강원,,4,,,,,,,,,,,,,,
samsunge,40,MALE,경기,2인가구,5,10,8,10,8.7,9.8,6.4,4,3,,,22.2,25,4.1,12.5
samsunge,40,MALE,경기,키즈맘_초등생,6,10,6.8,10,6.7,4.5,,,1.6,,,28.4,30.8,6.1,14
samsunge,40,MALE,경기,1인가구,7,10,7.2,10,8.1,8.9,,,2.2,3.5,,27.3,31.5,6.9,15
samsunge,40,MALE,경기,키즈맘_미취학,8,6.7,6.8,6.7,8,7.4,6.4,,7,3.9,,21.1,22,4.9,10.9
samsunge,40,MALE,경기,,130,5.9,7.1,5.9,7.4,6.8,7,5.6,4,3.8,,27.4,26.3,7.4,12.1
samsunge,40,MALE,경기,중년_자녀동거,13,6.7,6.5,6.7,7.5,7.3,6.4,0,4,7.6,,24.9,28.8,3.7,13.6
samsunge,40,MALE,경기,키즈맘_중학생,10,10,7,10,7.9,7.2,6.4,8,3.1,,,26.8,31.5,6.4,14.7
samsunge,40,MALE,경남,중년_자녀동거,3,10,7.4,10,9.1,6.7,,0.1,10,7.6,,26.3,31,5.4,15.6
samsunge,40,MALE,경남,,26,10,7.9,10,7.9,3.8,6.4,,1.5,,,36.5,36.7,9.2,18.3
samsunge,40,MALE,경남,키즈맘_중학생,4,10,7,10,9,6.1,6.4,,5.4,,,31.2,34.9,7.3,15.1
samsunge,40,MALE,경남,1인가구,2,10,6.2,10,9.4,9.3,,,4,,,22.8,29.3,4.5,12.9
samsunge,40,MALE,경남,키즈맘_초등생,5,2.1,7.6,2.1,7.7,4.5,6.4,,3.7,4.9,,34.3,36.5,8.7,15.9
samsunge,40,MALE,경북,,15,2.1,7.5,2.1,5.7,9.4,10,,5.7,,,33.1,32.6,8.5,15.7
samsunge,40,MALE,경북,키즈맘_중학생,1,,6.2,,10,1,6.4,,4.2,,,17.3,28.9,0.6,16.9
samsunge,40,MALE,경북,2인가구,1,6.6,6.1,6.6,8,2.4,,,3.5,,,29.8,25.7,9.6,11.9
samsunge,40,MALE,경북,중년_자녀동거,1,,6.2,,7.9,9.7,,,1,,,17.8,26.6,2.3,11.6
samsunge,40,MALE,경북,1인가구,1,10,6.2,10,9.8,9.4,,,2.2,7.8,,25.1,31.5,8.7,13.3
samsunge,40,MALE,경북,키즈맘_초등생,1,,6.1,,9.9,9.9,,,0.8,7.6,,15.9,24.6,0.9,13
samsunge,40,MALE,광주,2인가구,1,,,,8.4,0.9,,,1.3,,,27.9,35.7,7.9,15.8
samsunge,40,MALE,광주,키즈맘_중학생,2,5,7.5,5,9,2.9,6.4,,0.9,,,28.8,31.6,5.1,16.2
samsunge,40,MALE,광주,중년_자녀동거,3,10,6.9,10,6.2,6.5,,,7.6,,,28.6,28.4,7.5,14.3
samsunge,40,MALE,광주,,12,,7.8,,7.3,4.5,,,4.8,,,23,23.5,6.9,10.3
samsunge,40,MALE,광주,키즈맘_미취학,1,10,,10,9.8,9.6,,,9.8,7.6,,19.8,27.2,1.9,14.1
samsunge,40,MALE,대구,,14,7.8,6.2,7.8,8,5.9,,,3.3,,,27.6,25.4,8.7,8.3
samsunge,40,MALE,대구,키즈맘_초등생,1,,,,9.9,1.9,,,7.3,,,15.2,21.5,0.8,8
samsunge,40,MALE,대구,키즈맘_중학생,2,,6.7,,8.8,9.1,,,0.5,,,15.9,23.3,1.2,10.9
samsunge,40,MALE,대구,중년_자녀동거,3,10,7.7,10,9.5,5.4,,,4.1,,,33,35.2,8.5,14.4
samsunge,40,MALE,대구,1인가구,1,10,7.7,10,9.6,8.2,,0,0.3,8.1,,12.2,18,2.8,7.9
samsunge,40,MALE,대전,,10,6.6,7.8,6.6,7.7,6.1,,,2,,,30.4,30.4,7.7,15.3
samsunge,40,MALE,대전,1인가구,1,10,,10,8,9.7,6.4,,10,7.7,,17.8,17.8,4.6,9.1
samsunge,40,MALE,부산,중년_자녀동거,2,,6.9,,9,9.3,6.4,,0.9,,,32.5,35.5,8.9,15.7
samsunge,40,MALE,부산,키즈맘_초등생,1,,6.2,,8,0.8,,,0.7,,,12.9,15.9,2.6,7.4
samsunge,40,MALE,부산,키즈맘_미취학,4,10,8.1,10,7.3,2.2,6.4,,2.7,,,31.4,32.1,9,16.3
samsunge,40,MALE,부산,1인가구,2,,7.7,,7.5,9.4,8,,6.1,,,27,30.7,5.9,12.4
samsunge,40,MALE,부산,키즈맘_중학생,1,,,,7.4,8.5,,,8.1,,,37.1,35.2,9.2,17.6
samsunge,40,MALE,부산,,26,10,6.6,10,8.5,6.7,,,4,4.2,,29,30.8,6.9,14.3
samsunge,40,MALE,서울,,59,10,7.4,10,8.1,5.2,7.7,8,2,,,29.9,29.6,7.3,14
samsunge,40,MALE,서울,1인가구,5,10,6.9,10,8.5,8.6,,0,4.9,8.6,,26.4,31.4,5,15.8
samsunge,40,MALE,서울,2인가구,2,,7.4,,9.8,9.5,,,7.3,,,23.2,25.4,6.3,10.5
samsunge,40,MALE,서울,키즈맘_초등생,2,10,7.5,10,9.6,9.3,,,1.6,,,18.1,18.7,4.6,8.9
samsunge,40,MALE,서울,키즈맘_중학생,3,,7,,6.2,7.3,6.4,,5.7,4,,31.7,33.3,6.1,15.6
samsunge,40,MALE,서울,키즈맘_미취학,1,10,,10,8,9.9,,0,10,9.8,,37.3,38.2,9.4,19.4
samsunge,40,MALE,서울,중년_자녀동거,9,,7.4,,7.9,6.7,,0.6,4.7,0,,28.4,29.8,6,14.1
samsunge,40,MALE,세종,,1,,,,,,,,,,,,,,
samsunge,40,MALE,울산,중년_자녀동거,3,0,6.6,0,7.8,8.7,6.4,,2.3,,,26.8,28.8,6.2,13.4
samsunge,40,MALE,울산,,12,7.2,8.1,7.2,8.5,7,6.4,0,6.8,,,27.3,26.9,6.9,13.7
samsunge,40,MALE,울산,2인가구,1,7.2,7.4,7.2,7.8,1.2,,,1.9,,,38.6,37.3,9.3,17.8
samsunge,40,MALE,인천,키즈맘_미취학,5,10,7.7,10,8.3,5.9,7.6,9.1,4.7,7.8,,30.2,29.1,7.2,14.6
samsunge,40,MALE,인천,2인가구,1,10,7.3,10,7.8,8.2,,,1.9,,,35.6,35.3,8.5,16.5
samsunge,40,MALE,인천,,30,10,7,10,7.2,8.1,7.6,,4.8,7.7,,27.9,28.6,7.1,14
samsunge,40,MALE,인천,키즈맘_초등생,1,,7.5,,7.3,0.7,,,3.6,,,38,38.4,9.5,18.8
samsunge,40,MALE,인천,중년_자녀동거,3,0,6.8,0,7.6,9.4,,,9.7,,,30.9,33,6,16
samsunge,40,MALE,전남,,9,,,,,,,,,,,,,,
samsunge,40,MALE,전남,키즈맘_초등생,1,10,7.2,10,,0.8,,,,,,11.2,14.3,1.4,7.6
samsunge,40,MALE,전남,키즈맘_미취학,1,,7.3,,8.6,10,,,10,9.7,,35.2,35.8,8.6,17.7
samsunge,40,MALE,전남,중년_자녀동거,1,,,,9.6,3.2,,,0.3,,,16.9,29.6,1.3,12.1
samsunge,40,MALE,전북,,8,0,6.6,0,5.4,7.8,,5.5,3.5,7.8,7.7,27.3,27.5,7.2,12.1
samsunge,40,MALE,전북,1인가구,1,,7.6,,,3.6,,,9,,,20.6,28.8,2.6,13.2
samsunge,40,MALE,전북,2인가구,1,,,,6.5,3.1,,,2.2,,,37,36.4,8.9,17.8
samsunge,40,MALE,충남,키즈맘_초등생,2,,6.5,,9,3.1,,0.5,1.2,8,,22.6,26,2.1,13
samsunge,40,MALE,충남,키즈맘_미취학,1,10,8.1,10,5.7,1.2,,,2.8,,,33.7,36.4,8,15.4
samsunge,40,MALE,충남,,17,10,6.2,10,3.2,4.9,,,1,,,33.9,31.5,8.8,15.3
samsunge,40,MALE,충남,2인가구,1,,7.5,,8.6,0.9,,,4.9,,,34.3,31.1,9,17.7
samsunge,40,MALE,충남,1인가구,3,10,7.6,10,4,5.7,,0.3,6,,,26,26,6,14.1
samsunge,40,MALE,충남,키즈맘_중학생,1,,,,,0.7,,,1.9,,,37.5,38.1,9.4,18.4
samsunge,40,MALE,충남,중년_자녀동거,1,,6.4,,8,8.5,,,3.6,,,27.6,26.8,3.2,13.3
samsunge,40,MALE,충북,키즈맘_중학생,3,2.1,7.4,2.1,8.3,3.7,,,1.1,,,27.3,29,7.4,16
samsunge,40,MALE,충북,키즈맘_초등생,1,,6.2,,8,9.2,,,0.1,,,22.2,32.3,2.8,15.9
samsunge,40,MALE,충북,1인가구,3,10,6.8,10,8.1,8.4,,,3.7,7.6,,31.2,31.3,7.7,14.1
samsunge,40,MALE,충북,,12,0,,0,10,9,1,,,,,28.3,26.9,9,10.5
samsunge,50,FEMALE,,키즈맘_미취학,1,,8.2,,8.9,2.7,,,1.7,,,33.8,32.3,7.4,16.8
samsunge,50,FEMALE,,중년_1인,1,,,,9.7,2.3,,,1.2,,,40,38.6,10,19.9
samsunge,50,FEMALE,,중년_2인,2,10,6.8,10,3.2,9.4,,,1.8,,,24.4,27,4.7,16.7
samsunge,50,FEMALE,,키즈맘_중학생,1,,,,,9.4,,,0.9,,,16.3,16.1,6.7,9.7
samsunge,50,FEMALE,,중년_자녀동거,12,10,7.4,10,8.6,6.9,8,0.1,5.8,9.9,,20.9,21.1,6,10.6
samsunge,50,FEMALE,,,34,10,6.8,10,6.7,4.3,1.1,0,5.8,,,26.4,23.2,7.6,12.6
samsunge,50,FEMALE,강원,,2,,,,,,,,,,,,,,
samsunge,50,FEMALE,강원,중년_자녀동거,1,,7.9,,7.9,10,9.9,0,10,2.3,,17.2,17.1,4.3,8.8
samsunge,50,FEMALE,경기,중년_2인,1,,,,,0.3,,,,,,14.9,18.5,2.3,10.1
samsunge,50,FEMALE,경기,키즈맘_초등생,1,0,,0,8.3,9.7,,,9.9,,,0.3,0.2,0,0.2
samsunge,50,FEMALE,경기,중년_1인,1,0.5,7.5,0.5,9.8,9.6,,,9.3,7.6,,0.2,0.2,0.1,0.1
samsunge,50,FEMALE,경기,,30,10,7.9,10,6.1,3.4,,,2.5,,,34.2,29,9.4,15
samsunge,50,FEMALE,경기,키즈맘_중학생,1,,6.8,,0.1,1,,,0.5,,,15.2,9.5,8.4,6.8
samsunge,50,FEMALE,경기,중년_자녀동거,10,0,7.9,0,7.2,5.3,8,,2.3,,,34.2,35.9,8.6,17.7
samsunge,50,FEMALE,경남,,4,,,,,,,,,,,,,,
samsunge,50,FEMALE,경남,중년_자녀동거,1,,,,8,6.2,,,0.3,,,14.3,19,5.7,9.9
samsunge,50,FEMALE,경북,중년_자녀동거,2,10,,10,9.8,8.7,,,6.5,,,18,15.3,7,8.2
samsunge,50,FEMALE,경북,,3,,,,,,,,,,,,,,
samsunge,50,FEMALE,광주,중년_2인,1,,,,,8.3,,,,,,15.3,15.6,6.1,8
samsunge,50,FEMALE,광주,중년_자녀동거,1,,,,3.6,3.4,,,3.8,,,39.5,38.1,9.8,19
samsunge,50,FEMALE,광주,,3,,,,,,,,,,,,,,
samsunge,50,FEMALE,대구,중년_2인,1,,,,9.7,0.7,,9.4,,,,38.3,37.9,9.4,17.7
samsunge,50,FEMALE,대구,,3,,,,,,,,,,,,,,
samsunge,50,FEMALE,대전,중년_자녀동거,2,,,,,0.6,,,1.4,,,27.4,27.6,7,13.3
samsunge,50,FEMALE,대전,중년_2인,1,,6.8,,8,9.7,,,9.1,,,19.4,22.5,1.2,16.9
samsunge,50,FEMALE,대전,,7,,,,8.7,7.2,,,5.4,,7.8,35.7,30.5,9.7,16.5
samsunge,50,FEMALE,부산,중년_자녀동거,2,,,,,1.8,,,2.5,,,16.1,16.6,1.2,11.5
samsunge,50,FEMALE,부산,키즈맘_중학생,1,,7.6,,,1.1,8,,0.2,,7.8,39.4,37.6,9.8,18.7
samsunge,50,FEMALE,부산,중년_2인,1,,,,8,1,,,1.1,,,17.7,15.8,3.5,9.3
samsunge,50,FEMALE,부산,,7,,,,,,,,,,,,,,
samsunge,50,FEMALE,서울,,32,,7.6,,8,1.2,,,2.8,2,,37.2,38.2,9.3,19.2
samsunge,50,FEMALE,서울,키즈맘_미취학,1,,,,8.3,9.8,,,5.1,,,23.5,16.3,9.2,9.6
samsunge,50,FEMALE,서울,중년_2인,2,0,6.8,0,8,1,0,,0.7,,,29.7,28.7,5.6,15.5
samsunge,50,FEMALE,서울,키즈맘_초등생,2,0,7.2,0,9.5,7,,,0.1,,7.6,26.1,28.7,5,15.6
samsunge,50,FEMALE,서울,중년_자녀동거,13,5,7.5,5,8.4,5.4,8,,3.6,8.4,,17.7,18,4,9.7
samsunge,50,FEMALE,서울,키즈맘_중학생,1,,7.6,,6.7,10,8,,9.1,,,39.1,39.4,9.8,18.6
samsunge,50,FEMALE,세종,,1,,,,,,,,,,,,,,
samsunge,50,FEMALE,울산,,4,,7.8,,,,,,3.8,,,36.7,37.9,9.6,19.1
samsunge,50,FEMALE,울산,중년_1인,1,,,,7.7,5.8,,,0.2,,,39.3,38.8,9.8,19.9
samsunge,50,FEMALE,인천,중년_자녀동거,3,10,,10,8,3.6,,,3.4,,,13.9,17,1.5,11
samsunge,50,FEMALE,인천,키즈맘_중학생,1,,7.6,,8.3,4.7,,,0.2,,,38.7,39.2,9.7,17.9
samsunge,50,FEMALE,인천,,7,,,,8,2.7,,,0.7,,,23.5,16.7,8.9,7
samsunge,50,FEMALE,전남,,1,,,,,,,,,,,,,,
samsunge,50,FEMALE,전북,중년_자녀동거,2,6.1,6.8,6.1,8,0.5,,,2.6,,,19.3,18.6,3.8,9.6
samsunge,50,FEMALE,전북,,3,,,,,,,,,,,,,,
samsunge,50,FEMALE,전북,중년_2인,1,,,,9.8,3.9,,,0.5,,,37.1,35.2,9.1,18.3
samsunge,50,FEMALE,충남,중년_자녀동거,2,,6.8,,7.2,9.7,,,9.7,9.9,,26.1,28.8,5.1,16.6
samsunge,50,FEMALE,충남,,10,,,,8,5.6,,,9,,,28.3,18.8,9.7,12.5
samsunge,50,FEMALE,충북,,3,,,,,0.9,,,0.1,,,39.6,39.6,9.8,18.7
samsunge,50,FEMALE,충북,중년_2인,1,0,,0,9.9,2.4,,,1.2,,,37.2,37.8,9.6,18.6
samsunge,50,FEMALE,충북,키즈맘_중학생,1,,,,7.5,0.8,,,1.2,,7.8,0.4,0.5,0.1,0.2
samsunge,50,MALE,,키즈맘_중학생,3,,7.1,,8,4.6,,,1,,,23.5,28.6,4.4,12.8
samsunge,50,MALE,,,34,0,7.2,0,6.7,5.4,,,5.2,4.5,,34,35,8.1,17.7
samsunge,50,MALE,,중년_자녀동거,6,10,7.2,10,8.1,3.4,0,,4.9,9.8,8,30.6,31.7,8.1,13.4
samsunge,50,MALE,,중년_1인,4,10,7,10,6.5,4.9,,0,0.6,,,23.4,23.8,4.7,11.6
samsunge,50,MALE,강원,,3,,7.5,,9.4,8.7,,,8.1,,,14.3,24.9,0.5,12.8
samsunge,50,MALE,경기,,43,10,7.4,10,7.6,8.8,,0,2.2,,,34.4,32.8,9.5,15.4
samsunge,50,MALE,경기,중년_1인,2,10,7.8,10,5,5.2,6.4,,0.8,,,31.1,27.3,7.5,12.7
samsunge,50,MALE,경기,2인가구,1,,,,8,0.8,6.4,,0.5,,,29.9,33.2,6.1,14.3
samsunge,50,MALE,경기,키즈맘_중학생,5,10,8.1,10,9,4.9,6.4,4,0.8,9.9,,35.2,36.9,8.9,17
samsunge,50,MALE,경기,키즈맘_미취학,1,10,,10,9.3,9.7,,,9.7,,,34.6,35.7,9.1,15.7
samsunge,50,MALE,경기,중년_2인,3,10,7.8,10,7.2,5.5,,,0,,,36.3,36.8,9.2,17.7
samsunge,50,MALE,경기,중년_자녀동거,11,10,7.4,10,8.7,4,6.2,0,4.1,8.1,,27.2,31.6,5.4,15
samsunge,50,MALE,경남,중년_2인,2,,,,4,9,,,0.9,,,21.1,30.9,1.5,14.2
samsunge,50,MALE,경남,중년_1인,1,,6.7,,0,0.7,,,2.3,,,19.2,19.1,4,9.8
samsunge,50,MALE,경남,,7,,,,,,,,,,,,,,
samsunge,50,MALE,경남,중년_자녀동거,1,,,,7.9,,,,2.9,,,19.5,31.6,1.9,14.5
samsunge,50,MALE,경남,키즈맘_미취학,1,,7.4,,10,0.8,,,1.6,,,15.7,28.4,0.7,15.4
samsunge,50,MALE,경북,중년_자녀동거,1,,,,8,8.4,,,,,,15.1,26.4,1.1,11.5
samsunge,50,MALE,경북,,4,,,,9.6,0.5,,,,,,37.4,38.7,9.2,17.8
samsunge,50,MALE,광주,중년_자녀동거,3,,6.6,,8.9,0.7,,,0.3,,,22.5,28.1,5.4,13.6
samsunge,50,MALE,광주,키즈맘_중학생,2,,7.9,,8.8,0.7,,,2.9,,,25.6,29.8,5,14.2
samsunge,50,MALE,광주,,7,,6.7,,0.1,8.9,,,0.6,,,23.1,16.3,8.7,5.3
samsunge,50,MALE,대구,,6,,,,7.2,6.5,,,5.1,,,19.1,18.8,4.6,9.3
samsunge,50,MALE,대구,중년_자녀동거,2,0,7.4,0,5.7,6.8,,,5.8,,,29.2,28.3,6.2,14.9
samsunge,50,MALE,대구,키즈맘_중학생,1,,,,9.1,0.7,,,1.1,,,38.1,35.9,9.4,18.1
samsunge,50,MALE,대전,,5,6.8,9.2,6.8,9.5,9.1,,0,1,,,17.9,17.6,4.6,9
samsunge,50,MALE,부산,키즈맘_중학생,1,,7.6,,6.2,9.5,,,,,,36.9,37.3,9.4,18.1
samsunge,50,MALE,부산,중년_1인,1,7.2,7.6,7.2,9.9,9.9,,,4.5,,,38.8,38.3,9.7,18.6
samsunge,50,MALE,부산,중년_자녀동거,1,,7.8,,6,9.9,6.4,,10,,,35.2,36.7,9.2,18.2
samsunge,50,MALE,부산,,7,10,7.8,10,9.7,9.7,,,0,,8,36.3,37.5,9.3,18.1
samsunge,50,MALE,서울,중년_1인,3,10,7.7,10,8.2,3.8,10,0,6.6,,,29,30.7,7.2,13
samsunge,50,MALE,서울,2인가구,1,3.1,8.6,3.1,8,8.4,,8,0.5,,,20.1,29.1,2.9,13
samsunge,50,MALE,서울,,26,10,,10,7.9,7.6,,,9.1,5.4,,11.9,9,5,4.6
samsunge,50,MALE,서울,중년_2인,2,,6.6,,8,4.8,,,0.4,,,33.5,34.2,6.8,15.3
samsunge,50,MALE,서울,키즈맘_초등생,1,,,,10,7.7,,,1.3,,,18.9,26.6,6.3,8.4
samsunge,50,MALE,서울,키즈맘_미취학,2,10,7.5,10,5,5.1,6.4,8,9.5,,,23,28.7,4.1,13.7
samsunge,50,MALE,서울,중년_자녀동거,5,10,7.4,10,9.2,8.8,10,0,5.6,,8.1,29,32.1,6.6,15
samsunge,50,MALE,서울,키즈맘_중학생,1,10,7.6,10,6.4,9,6.4,,8.3,,,33.3,36.3,9,18
samsunge,50,MALE,세종,,1,,,,,,,,,,,,,,
samsunge,50,MALE,울산,,9,,6.7,,9.9,9.7,,,9.9,9.4,,15.3,26.1,0.8,10.8
samsunge,50,MALE,울산,중년_자녀동거,3,,7.2,,8.6,4.5,,,0.2,0.1,,27.3,30.2,4.4,13.7
samsunge,50,MALE,울산,키즈맘_중학생,1,,,,8,0.7,,,0.9,,,0.2,0.3,0,0.1
samsunge,50,MALE,인천,키즈맘_중학생,1,10,6.6,10,8,8.9,,,1,7.7,,18.4,30.2,1.1,16.2
samsunge,50,MALE,인천,키즈맘_미취학,1,,,,,,,,,,,15.9,27.5,0.9,12.6
samsunge,50,MALE,인천,중년_자녀동거,3,5,7.5,5,8.6,4.6,6.4,,0.5,,,31.8,33.7,8.3,14.8
samsunge,50,MALE,인천,,14,,,,10,0.9,10,,0.2,,,24.2,28.2,5,14.7
samsunge,50,MALE,전남,,5,,6.6,,,,,,4.1,,,26.1,22,2.2,6.5
samsunge,50,MALE,전남,키즈맘_중학생,1,,6.7,,0,0.9,10,,2,,,15.4,22,2.5,9.2
samsunge,50,MALE,전북,,3,,,,,,,,,,,,,,
samsunge,50,MALE,전북,키즈맘_미취학,1,,7.6,,,0.8,8,,3.3,,,37.4,37.4,8.4,16.8
samsunge,50,MALE,충남,,8,10,8.7,10,7.9,8.6,,8,2,,,34.8,34.1,8.8,14.4
samsunge,50,MALE,충남,키즈맘_중학생,1,,7.6,,7.8,9.5,,,,,,35.6,33.7,9,16.8
samsunge,50,MALE,충남,중년_2인,2,,,,6.2,5.2,8,,1.1,,,36.7,36.4,9.5,18.4
samsunge,50,MALE,충남,중년_1인,1,,,,2.5,0.6,,,0.9,,,36.8,38.1,9.4,17.5
samsunge,50,MALE,충북,,4,,7.8,,8,7.1,,,3.4,,,37.2,37.5,9.4,18.7
samsunge,60,FEMALE,,중년_자녀동거,2,10,,10,5.2,1.4,,,1.6,,,29,26.5,8.1,14.4
samsunge,60,FEMALE,,중년_1인,2,,8.1,,8.8,7.7,8,,1.6,,,39.3,38,9.7,18.6
samsunge,60,FEMALE,,중년_2인,2,,,,5.2,8.2,,,0.9,7.8,8.1,25.8,24.6,6.8,12.8
samsunge,60,FEMALE,,,11,10,8.3,10,9.7,9.7,,0,3.8,,8.8,38.1,38.6,9.7,19
samsunge,60,FEMALE,강원,,1,,,,,,,,,,,,,,
samsunge,60,FEMALE,경기,키즈맘_미취학,1,,,,8,7.8,,,2,,,13.9,13.8,1.8,12.7
samsunge,60,FEMALE,경기,,17,0,,0,8.8,5.2,,,5.7,,,33,28.3,9.7,14
samsunge,60,FEMALE,경기,중년_1인,3,0.1,,0.1,9,5.5,10,,3.7,2.9,,19.4,21.2,5.2,11.3
samsunge,60,FEMALE,경기,중년_2인,2,,,,6.6,5.4,8,,5.1,,,38.7,39.1,9.7,18.5
samsunge,60,FEMALE,경기,중년_자녀동거,2,7.4,,7.4,5.8,7.9,8,,0.3,6.4,,19.6,19,4.9,9.8
samsunge,60,FEMALE,경기,시니어,1,,8.2,,2.3,,,0,2.7,,,17.4,17.5,4.6,9.1
samsunge,60,FEMALE,경북,중년_2인,1,,,,6.7,,,,,,,38.1,37.8,9.4,17.4
samsunge,60,FEMALE,경북,,1,,,,,,,,,,,,,,
samsunge,60,FEMALE,대전,,6,,,,,4.9,,,3.9,,,39,38.3,9.7,18.6
samsunge,60,FEMALE,서울,중년_2인,1,,8.3,,9.8,8.6,,8,0.1,7.8,,22.3,16.7,8.5,8.3
samsunge,60,FEMALE,서울,,2,,,,,,,,,,,,,,
samsunge,60,FEMALE,인천,,1,,,,,,,,,,,,,,
samsunge,60,FEMALE,충남,중년_1인,1,,,,8,1.1,,,1.6,,,14.7,10.1,7.3,7.2
samsunge,60,FEMALE,충남,,2,,,,,,,,,,,,,,
samsunge,60,FEMALE,충북,,3,,,,,,,,,,,,,,
samsunge,60,FEMALE,충북,시니어,1,10,,10,8,0.8,,8,0.3,,,17.9,11.8,5.7,7.7
samsunge,60,FEMALE,충북,중년_자녀동거,1,,,,2.3,,,,,,,39.1,36.7,9.6,17.5
samsunge,60,MALE,,중년_자녀동거,2,7.2,8,7.2,8.2,5.2,,,1.8,,,17.4,26.6,2.2,11.3
samsunge,60,MALE,,키즈맘_미취학,1,,8,,10,8.3,,,8.5,,,21,25.5,4.6,10.6
samsunge,60,MALE,,,16,,8,,8,2.1,6.4,,2.1,,,18.5,20.1,4.7,7.6
samsunge,60,MALE,,중년_2인,3,10,8.1,10,7.7,3.5,10,,0.1,7.9,,28.9,29.8,8.1,14.5
samsunge,60,MALE,강원,,1,,,,,,,,,,,,,,
samsunge,60,MALE,경기,키즈맘_미취학,1,,,,0,8.2,,,,,,17.5,28.1,1,13.8
samsunge,60,MALE,경기,,12,10,,10,6.5,9.1,,,0.3,,,34.4,34.3,8.5,15.7
samsunge,60,MALE,경기,중년_2인,2,0.9,8.2,0.9,9.7,1.1,,8.9,0,,,12.6,10.8,3.3,6.7
samsunge,60,MALE,경기,중년_자녀동거,2,,8,,7.9,0.7,,,1,,,26.8,33.2,5.6,15.3
samsunge,60,MALE,경남,중년_2인,1,,,,8,0.6,,,,,,14.8,16.7,3.4,6.5
samsunge,60,MALE,경남,,2,,,,,,,,,,,,,,
samsunge,60,MALE,광주,,3,,,,9.2,9.9,6.4,,10,0.2,,37.5,38,9.5,17.8
samsunge,60,MALE,광주,중년_1인,1,,8,,8,9.5,,,9.8,,,17.7,17.6,4.4,9.1
samsunge,60,MALE,대전,,1,,,,,,,,,,,,,,
samsunge,60,MALE,대전,중년_1인,1,,8,,9.9,8.6,10,,1.2,,,16.3,24.9,7.2,10.8
samsunge,60,MALE,서울,중년_1인,1,,,,8,3.2,,,0.4,,,22.9,27.1,5.5,12.4
samsunge,60,MALE,서울,중년_자녀동거,1,,,,6.1,2.7,,,0.3,,,36.7,36.6,9.1,17.2
samsunge,60,MALE,서울,키즈맘_미취학,1,0,8.9,0,8,8.4,,8.9,0.1,,,0,0,0,0
samsunge,60,MALE,서울,,3,,,,,,,,,,,,,,
samsunge,60,MALE,인천,중년_자녀동거,1,,,,,0.9,,,0.3,,,34.5,36.6,9.2,19.3
samsunge,60,MALE,인천,,1,,,,,,,,,,,,,,
samsunge,60,MALE,전남,,1,,,,,,,,,,,,,,
samsunge,60,MALE,전북,,1,,,,,,,,,,,,,,
samsunge,70,FEMALE,경기,시니어,1,,,,8,0.5,,,2.3,,,0,0,0,0
samsunge,70,FEMALE,경기,,1,,,,,,,,,,,,,,
samsunge,70,FEMALE,부산,,2,,,,,,,,,,,,,,
samsunge,70,FEMALE,부산,키즈맘_중학생,1,,8.7,,8,0.3,,,,,,0,0,0,0
samsunge,70,FEMALE,울산,,1,,,,,,,,,,,,,,
samsunge,70,FEMALE,전남,,1,,,,,,,,,,,,,,
samsunge,70,MALE,경기,중년_자녀동거,1,0,,0,,0.6,,,,,,0,0,0,0
samsunge,70,MALE,경기,시니어,1,,,,,,,,,,,0,0,0,0
samsunge,70,MALE,경기,,3,,9.1,,6.1,2.5,,,4.1,,,0,0,0,0
samsunge,70,MALE,대전,,1,,,,,,,,,,,,,,
samsunge,70,MALE,대전,중년_자녀동거,1,,8.9,,7.1,7.9,,,2.8,,,0,0,0,0
samsunge,70,MALE,부산,,1,,,,,,,,,,,,,,
samsunge,70,MALE,인천,,1,,,,,,,,,,,,,,
samsunge,70,MALE,전남,,1,,,,,,,,,,,,,,
samsunge,70,MALE,충남,,1,,,,,,,,,,,,,,
samsunge,70,MALE,충남,시니어,1,,9.2,,,1,0,,,,,0,0,0,0
samsunge,80,FEMALE,,,1,,,,,,,,,,,,,,
samsunge,80,FEMALE,,시니어,1,,9.1,,,0.6,,,,,,0,0,0,0
samsunge,80,FEMALE,경기,,1,,,,,,,,,,,,,,
samsunge,80,FEMALE,부산,,1,,,,,,,,,,,,,,
samsunge,90,FEMALE,경기,중년_자녀동거,1,,8.7,,8,9.6,,,0.4,,,0,0,0,0
samsunge,90,FEMALE,경기,,1,,,,,,,,,,,,,,
xaomi,,,,,71,,,,,,,,,,,,,,
xaomi,,,강원,,3,,,,,,,,,,,,,,
xaomi,,,경기,,110,,,,,,,,,,,,,,
xaomi,,,경남,,7,,,,,,,,,,,,,,
xaomi,,,경북,,6,,,,,,,,,,,,,,
xaomi,,,광주,,3,,,,,,,,,,,,,,
xaomi,,,대구,,5,,,,,,,,,,,,,,
xaomi,,,대전,,2,,,,,,,,,,,,,,
xaomi,,,부산,,10,,,,,,,,,,,,,,
xaomi,,,서울,,511,10,1.1,10,0,,,,,,,0,0,0,0
xaomi,,,울산,,4,,,,,,,,,,,,,,
xaomi,,,인천,,17,,,,,,,,,,,,,,
xaomi,,,전남,,1,,,,,,,,,,,,,,
xaomi,,,전북,,2,,,,,,,,,,,,,,
xaomi,,,충남,,3,,,,,,,,,,,,,,
xaomi,,,충북,,4,,,,,,,,,,,,,,
xaomi,00,FEMALE,,,161,10,9.9,10,6.5,1.7,,,8.4,2.2,,0,0,0,0
xaomi,00,FEMALE,,키즈맘_중학생,11,,9.9,,,0.9,,,2.5,,,0,0,0,0
xaomi,00,FEMALE,,키즈맘_초등생,115,10,9.9,10,5.6,1.5,8.5,2.7,1.8,,,0,0,0,0
xaomi,00,FEMALE,,키즈맘_미취학,3,10,9.9,10,5.8,,,0.1,,,,0,0,0,0
xaomi,00,FEMALE,강원,키즈맘_초등생,2,,,,,1.3,,,,,,0,0,0,0
xaomi,00,FEMALE,강원,,2,,,,,,,,,,,,,,
xaomi,00,FEMALE,경기,키즈맘_초등생,6,10,9.9,10,4.9,1.1,,,6.7,,,0,0,0,0
xaomi,00,FEMALE,경기,키즈맘_중학생,3,,9.9,,3.5,,,,,,,0,0,0,0
xaomi,00,FEMALE,경기,,12,,,,7.2,6.7,,,6,,,0,0,0,0
xaomi,00,FEMALE,경기,키즈맘_미취학,1,,,,,,,,,,,0,0,0,0
xaomi,00,FEMALE,경남,,1,,,,,,,,,,,,,,
xaomi,00,FEMALE,경남,키즈맘_초등생,1,,9.9,,,2.7,,,,,,0,0,0,0
xaomi,00,FEMALE,경북,키즈맘_중학생,2,,,,,1.3,,,0.3,,,0,0,0,0
xaomi,00,FEMALE,경북,키즈맘_초등생,3,2.2,9.9,2.2,,1.6,,0.1,0.1,,,0,0,0,0
xaomi,00,FEMALE,경북,,5,,,,,,,,,,,,,,
xaomi,00,FEMALE,대구,키즈맘_중학생,1,,,,8,,,,,,,0,0,0,0
xaomi,00,FEMALE,대구,,1,,,,,,,,,,,,,,
xaomi,00,FEMALE,부산,,4,,,,,,,,,,,,,,
xaomi,00,FEMALE,부산,키즈맘_초등생,4,,9.9,,7.9,2,,,8.1,,,0,0,0,0
xaomi,00,FEMALE,서울,,2,,,,,,,,,,,,,,
xaomi,00,FEMALE,서울,키즈맘_초등생,2,,,,,,,,,,,0,0,0,0
xaomi,00,FEMALE,전북,,1,,,,,,,,,,,,,,
xaomi,00,FEMALE,전북,키즈맘_초등생,1,,9.9,,,0.6,,,,,,0,0,0,0
xaomi,00,FEMALE,충남,,2,,,,6.6,,,,,,,0,0,0,0
xaomi,00,FEMALE,충남,키즈맘_초등생,1,,9.9,,,,,,,,,0,0,0,0
xaomi,00,MALE,,키즈맘_미취학,6,,9.9,,7.9,1.8,,,,,,0,0,0,0
xaomi,00,MALE,,키즈맘_초등생,110,10,9.9,10,5.4,1.6,,8,0.8,,,0,0,0,0
xaomi,00,MALE,,,166,,9.9,,6,1.3,,0,1.4,,,0,0,0,0
xaomi,00,MALE,,키즈맘_중학생,10,10,9.9,10,6.6,,6.4,,2,,,0,0,0,0
xaomi,00,MALE,경기,키즈맘_초등생,4,,9.9,,6.7,,,,,,,0,0,0,0
xaomi,00,MALE,경기,,6,,,,8.9,0.9,,,1.6,,,0,0,0,0
xaomi,00,MALE,경남,,4,,,,,,,,,,,,,,
xaomi,00,MALE,경남,키즈맘_초등생,3,,,,,,,,3.5,,,0,0,0,0
xaomi,00,MALE,경남,키즈맘_중학생,1,,,,7.7,,,,,,,0,0,0,0
xaomi,00,MALE,경북,키즈맘_초등생,4,,9.9,,3.1,1.2,,,1.3,,,0,0,0,0
xaomi,00,MALE,경북,,4,,,,,,,,,,,,,,
xaomi,00,MALE,광주,키즈맘_초등생,1,,,,,1.8,,,,,,0,0,0,0
xaomi,00,MALE,광주,키즈맘_중학생,1,,,,,,,,,,,0,0,0,0
xaomi,00,MALE,광주,,2,,,,,,,,,,,,,,
xaomi,00,MALE,대구,키즈맘_초등생,1,,,,,,,,,,,0,0,0,0
xaomi,00,MALE,대구,,1,,,,,,,,,,,,,,
xaomi,00,MALE,대전,키즈맘_초등생,2,,9.9,,3.1,,,,,,,0,0,0,0
xaomi,00,MALE,대전,,2,,,,,,,,,,,,,,
xaomi,00,MALE,서울,,1,,,,,,,,,,,0,0,0,0
xaomi,00,MALE,세종,,1,,,,,,,,,,,,,,
xaomi,00,MALE,세종,키즈맘_초등생,1,,,,,,,,,,,0,0,0,0
xaomi,00,MALE,인천,,2,,,,,,,,,,,,,,
xaomi,00,MALE,인천,키즈맘_초등생,2,,9.9,,7.7,1.3,,,0.9,2.5,,0,0,0,0
xaomi,00,MALE,전남,키즈맘_초등생,1,,9.9,,,,,,,,,0,0,0,0
xaomi,00,MALE,전남,,1,,,,,,,,,,,,,,
xaomi,00,MALE,전북,,2,,,,,,,,,,,,,,
xaomi,00,MALE,전북,키즈맘_초등생,2,10,,10,3.1,0.9,,,0.7,,,0,0,0,0
xaomi,00,MALE,충북,키즈맘_초등생,5,,,,7.9,,,,,,,0,0,0,0
xaomi,00,MALE,충북,,5,,,,,,,,,,,,,,
xaomi,10,FEMALE,,키즈맘_초등생,109,9.5,7.8,9.5,5.4,1.3,2.5,5.3,3.6,0.2,,0.1,0.1,0,0.1
xaomi,10,FEMALE,,중년_자녀동거,20,6.7,7.7,6.7,5.8,1,,,3.3,0.2,,20.5,21.3,4.5,10.7
xaomi,10,FEMALE,,키즈맘_중학생,83,9,7.7,9,6.1,1.5,,5.5,4.3,7.4,,0.3,0.2,0,0.2
xaomi,10,FEMALE,,,277,,7.9,,6.6,2.5,,0.1,3.1,,,2.8,2.2,0.9,1.1
xaomi,10,FEMALE,강원,키즈맘_중학생,6,,7.5,,6.2,0.8,,,2.4,,,0,0,0,0
xaomi,10,FEMALE,강원,키즈맘_초등생,3,,,,3.5,,,,,,,0,0,0,0
xaomi,10,FEMALE,강원,,9,,,,,,,,,,,,,,
xaomi,10,FEMALE,경기,중년_자녀동거,7,,7.8,,6.2,1.1,8,,1.4,,,16.6,17.9,3.9,8.1
xaomi,10,FEMALE,경기,,167,6.7,7.8,6.7,3.8,0.7,,,2.9,,,1.3,0.8,0.5,0.4
xaomi,10,FEMALE,경기,키즈맘_초등생,56,6.7,7.6,6.7,5.5,1,,4.9,2.1,,9.1,0.2,0.3,0,0.2
xaomi,10,FEMALE,경기,키즈맘_중학생,75,2.9,7.9,2.9,5.6,1.2,,3.7,2.9,,,0.5,0.6,0.1,0.4
xaomi,10,FEMALE,경남,키즈맘_중학생,15,10,8.3,10,5,2.4,,0.2,4.8,,,0,0,0,0
xaomi,10,FEMALE,경남,,36,10,7.5,10,,4.4,,,1.4,,,0,0,0,0
xaomi,10,FEMALE,경남,중년_자녀동거,2,10,7.8,10,,0.4,,,,0.3,,19.3,19.6,4.8,8.4
xaomi,10,FEMALE,경남,키즈맘_초등생,15,,7.9,,6.5,0.9,,8,,,,0,0,0,0
xaomi,10,FEMALE,경북,키즈맘_초등생,16,2.2,7.8,2.2,7.7,1,,0.1,2.6,,,1.8,1.9,0.3,0.7
xaomi,10,FEMALE,경북,키즈맘_중학생,6,,7.8,,7.8,0.5,,,1.9,0.1,,0,0,0,0
xaomi,10,FEMALE,경북,,31,,7.9,,1.4,1,,,,,,0,0,0,0
xaomi,10,FEMALE,광주,중년_자녀동거,2,10,7.5,10,,0.8,,,0.2,,,8.7,7.8,2.7,4
xaomi,10,FEMALE,광주,키즈맘_중학생,2,,7.5,,8,0.6,,,,,,0,0,0,0
xaomi,10,FEMALE,광주,,14,,,,,,,,,,,,,,
xaomi,10,FEMALE,광주,키즈맘_초등생,9,,7.7,,3.5,,,0,,,,0,0,0,0
xaomi,10,FEMALE,대구,키즈맘_초등생,9,10,7.9,10,7.9,1,,,,,,0,0,0,0
xaomi,10,FEMALE,대구,키즈맘_중학생,5,10,8.3,10,5.6,,,0,,,,0,0,0,0
xaomi,10,FEMALE,대구,,19,,,,,0.5,,,1.6,,,0,0,0,0
xaomi,10,FEMALE,대전,,10,,,,,,,,,,,,,,
xaomi,10,FEMALE,대전,키즈맘_초등생,6,,,,,1,,0,,,,0,0,0,0
xaomi,10,FEMALE,대전,키즈맘_중학생,2,,,,,1.4,,,,,,0,0,0,0
xaomi,10,FEMALE,부산,키즈맘_초등생,14,6.3,7.9,6.3,6,0.5,,,1.2,,,0,0,0,0
xaomi,10,FEMALE,부산,키즈맘_중학생,13,,8,,6.7,1.1,,8.1,4.4,,,0,0,0,0
xaomi,10,FEMALE,부산,중년_자녀동거,1,,7.8,,6.1,0.4,,,,,,0,0,0,0
xaomi,10,FEMALE,부산,,36,,8.6,,9.9,5,,,3.9,,,0,0,0,0
xaomi,10,FEMALE,서울,,47,,7.6,,,0.6,,,1.4,,,0,0,0,0
xaomi,10,FEMALE,서울,키즈맘_초등생,14,10,7.7,10,5.8,0.8,,1.9,2,,,0,0,0,0
xaomi,10,FEMALE,서울,중년_자녀동거,6,10,7.5,10,8,1.4,,,0,,,6.6,7.3,0.7,5.6
xaomi,10,FEMALE,서울,키즈맘_중학생,16,10,8.2,10,6.1,0.5,,,1.7,3.1,,1.8,2.2,0.5,1.1
xaomi,10,FEMALE,세종,,2,,,,,,,,,,,,,,
xaomi,10,FEMALE,세종,키즈맘_초등생,2,,7.7,,6.6,,,,,,,0,0,0,0
xaomi,10,FEMALE,울산,,9,,,,8.6,,,,,,,0,0,0,0
xaomi,10,FEMALE,울산,키즈맘_중학생,3,,,,,,,,,,,0,0,0,0
xaomi,10,FEMALE,울산,키즈맘_초등생,4,,9.7,,,,,,,,,0,0,0,0
xaomi,10,FEMALE,인천,키즈맘_중학생,15,10,7.8,10,7.1,2.1,,0.1,3.3,,,0,0,0,0
xaomi,10,FEMALE,인천,중년_자녀동거,1,,,,8,0.4,,,,,,0,0,0,0
xaomi,10,FEMALE,인천,키즈맘_초등생,18,,7.5,,5.9,1.4,,,6.7,,,0,0,0,0
xaomi,10,FEMALE,인천,,43,10,7.9,10,7.3,0.8,,,3.5,,,0,0,0,0
xaomi,10,FEMALE,전남,키즈맘_초등생,2,,,,,1,,,,,,0,0,0,0
xaomi,10,FEMALE,전남,,9,,8.5,,,0.4,,,,,,0,0,0,0
xaomi,10,FEMALE,전남,키즈맘_중학생,2,,7.5,,8,,,,,,,0,0,0,0
xaomi,10,FEMALE,전남,중년_자녀동거,1,,7.7,,9.5,0.3,,8,1.4,,,18.3,19.6,5.3,8.4
xaomi,10,FEMALE,전북,키즈맘_중학생,8,10,7.9,10,7.5,,,0,,,,0,0,0,0
xaomi,10,FEMALE,전북,,21,,7.5,,9.4,0.5,,,,,,26,16.2,8.8,9.7
xaomi,10,FEMALE,전북,중년_자녀동거,1,,9.5,,9.4,,,,,,,0,0,0,0
xaomi,10,FEMALE,전북,키즈맘_초등생,10,,,,,0.8,,,1,,,0,0,0,0
xaomi,10,FEMALE,제주,키즈맘_초등생,6,,8.8,,5.3,0.7,,,,,,5.6,5.9,1.4,2
xaomi,10,FEMALE,제주,중년_자녀동거,2,,7.7,,8,5.9,,,4.2,,,0,0,0,0
xaomi,10,FEMALE,제주,,14,,,,,,,,,,,,,,
xaomi,10,FEMALE,제주,키즈맘_중학생,5,,7.7,,8,,8,,1.4,,,0,0,0,0
xaomi,10,FEMALE,충남,키즈맘_초등생,11,,7.7,,8.7,1,,,1.2,,,0,0,0,0
xaomi,10,FEMALE,충남,중년_자녀동거,1,2.8,7.5,2.8,8,0.4,,,,,,10.2,13.4,0.6,11.9
xaomi,10,FEMALE,충남,키즈맘_중학생,10,7.6,7.5,7.6,6.9,0.7,,4,,5.6,,0,0,0,0
xaomi,10,FEMALE,충남,,29,,7.7,,,1.9,,,1.9,,,5.4,2.7,2.3,1.8
xaomi,10,FEMALE,충북,키즈맘_중학생,7,10,8,10,7.5,0.6,,,0.7,,,0,0,0,0
xaomi,10,FEMALE,충북,키즈맘_초등생,13,10,7.6,10,4.4,1.4,,,8.5,,,0,0,0,0
xaomi,10,FEMALE,충북,,28,,8.5,,9.1,6.3,,8,2.4,,,0,0,0,0
xaomi,10,FEMALE,충북,중년_자녀동거,3,10,7.7,10,5.4,0.5,,,,,,25.2,26.8,5,15.3
xaomi,10,MALE,,,491,10,7.8,10,6.6,1.1,0,6.8,3,9.2,,3.5,2.9,1,1.3
xaomi,10,MALE,,키즈맘_초등생,168,7.3,7.9,7.3,6.5,1.5,5.5,4.5,1.7,3.9,,0.3,0.4,0,0.2
xaomi,10,MALE,,중년_자녀동거,29,7.1,7.8,7.1,5.3,1.7,,8.9,5.8,9.6,,16.1,19.1,3,9
xaomi,10,MALE,,키즈맘_중학생,177,8.1,8,8.1,6,1.1,7.2,5.8,1.8,0.1,,1.4,1.7,0.2,0.8
xaomi,10,MALE,강원,키즈맘_초등생,5,,7.7,,5.2,0.2,,,,,,0,0,0,0
xaomi,10,MALE,강원,,18,4.5,7.7,4.5,5.2,,,,,,,0,0,0,0
xaomi,10,MALE,강원,키즈맘_중학생,10,10,8,10,5.3,0.9,,0,,,,0,0,0,0
xaomi,10,MALE,경기,키즈맘_초등생,99,6.7,7.8,6.7,4.8,0.8,6.4,8,2.9,0.1,,0.7,0.7,0.2,0.4
xaomi,10,MALE,경기,,298,8.6,8.4,8.6,6.8,2.2,,0.7,4.8,,,3.6,3.5,1,1.7
xaomi,10,MALE,경기,키즈맘_중학생,137,7.3,7.8,7.3,5.8,0.9,6.4,3.4,2.2,9.6,,1,1.4,0.1,0.7
xaomi,10,MALE,경기,중년_자녀동거,19,5,8.1,5,8,1.9,0.1,0,3.9,9.6,,17,18.9,3.4,8
xaomi,10,MALE,경남,키즈맘_초등생,28,7.5,7.6,7.5,7.9,1,,0,0.8,4.9,,0,0,0,0
xaomi,10,MALE,경남,중년_자녀동거,1,,7.8,,,0.6,,,,,,38.4,39.1,9,19.7
xaomi,10,MALE,경남,,71,,7.7,,6.5,2.1,,,8.5,,,14.7,15.2,3.8,7.4
xaomi,10,MALE,경남,키즈맘_중학생,29,5,7.8,5,3.4,0.6,,0,0.5,,,0.4,0.5,0,0.2
xaomi,10,MALE,경북,키즈맘_초등생,23,10,7.9,10,7.4,0.8,,4,1.8,,,0,0,0,0
xaomi,10,MALE,경북,중년_자녀동거,3,10,7.7,10,5.2,0.3,,,,,,12.6,12.5,3.1,5.1
xaomi,10,MALE,경북,키즈맘_중학생,27,4.8,7.7,4.8,6.3,1,,3,0.6,,,2.1,2.2,0.6,1.1
xaomi,10,MALE,경북,,64,,7.8,,,0.4,,,,,,0,0,0,0
xaomi,10,MALE,광주,,31,,7.7,,7.9,0.4,,,,,,0,0,0,0
xaomi,10,MALE,광주,중년_자녀동거,5,,8.2,,3.9,0.5,,,2.6,,,22.8,24.6,4.6,10.6
xaomi,10,MALE,광주,키즈맘_중학생,12,4.3,7.6,4.3,6.1,1.6,,0.1,1.9,,,5,5.6,1,2.9
xaomi,10,MALE,광주,키즈맘_초등생,10,10,7.9,10,6.6,1.6,,0.4,2.6,,,0,0,0,0
xaomi,10,MALE,대구,키즈맘_초등생,11,5,7.7,5,7.5,0.4,,1.9,,,,4.1,5,0.8,2.3
xaomi,10,MALE,대구,키즈맘_중학생,8,10,7.8,10,6.1,2.7,,,2.1,,,1.6,2.1,0.1,1.4
xaomi,10,MALE,대구,중년_자녀동거,1,,8.6,,9.9,0.2,,0,,,,28.5,32.6,8.4,11.4
xaomi,10,MALE,대구,,24,10,7.9,10,7.9,1.1,,,1.8,,,0,0,0,0
xaomi,10,MALE,대전,키즈맘_중학생,13,10,7.8,10,7,0.6,,,2.2,,,1.9,2.2,0.6,1
xaomi,10,MALE,대전,,28,,7.5,,8,0.6,,,2,,,0,0,0,0
xaomi,10,MALE,대전,중년_자녀동거,5,10,7.7,10,9.3,2,,,9.3,,,7.7,8.5,1.5,4.5
xaomi,10,MALE,대전,키즈맘_초등생,2,,7.8,,,,,,,,,0,0,0,0
xaomi,10,MALE,부산,,67,10,8,10,0,0.5,,,0.7,,,5.9,3.3,0.9,1.7
xaomi,10,MALE,부산,키즈맘_중학생,31,6.7,7.9,6.7,6.1,1.4,,0.7,3.9,,,0,0,0,0
xaomi,10,MALE,부산,키즈맘_초등생,18,10,7.7,10,7.1,1.8,,0.1,2,,,0,0,0,0
xaomi,10,MALE,부산,중년_자녀동거,4,10,7.6,10,7.1,0.6,,,2.9,,,15.2,18.3,2.2,8.8
xaomi,10,MALE,서울,키즈맘_중학생,43,7.2,7.9,7.2,6.1,0.8,0,0,2,9.6,,0.8,1.1,0.1,0.4
xaomi,10,MALE,서울,중년_자녀동거,8,8.6,8.2,8.6,8.5,0.5,,5.2,,4.9,,17.4,20.7,3.6,9.1
xaomi,10,MALE,서울,,104,10,7.9,10,7.7,0.8,0.1,,0.7,,,10.5,9.7,2.9,4.6
xaomi,10,MALE,서울,키즈맘_초등생,22,0.1,8,0.1,4.9,0.9,6.4,0.1,0.8,,,0,0,0,0
xaomi,10,MALE,세종,키즈맘_초등생,3,2.1,,2.1,7.9,,,,,,,0,0,0,0
xaomi,10,MALE,세종,,9,,,,,,,,,,,,,,
xaomi,10,MALE,세종,키즈맘_중학생,5,,7.5,,8,0.8,,,,,,0,0,0,0
xaomi,10,MALE,울산,,26,,,,,,,,,,,0,0,0,0
xaomi,10,MALE,울산,중년_자녀동거,3,10,7.9,10,8.8,1.1,6.4,,1.9,,,18.3,19.1,4.7,8.8
xaomi,10,MALE,울산,키즈맘_초등생,8,,7.7,,6.8,0.9,,8,2.2,,,0,0,0,0
xaomi,10,MALE,울산,키즈맘_중학생,10,,8.3,,3.3,0.6,,0,,9.6,,0,0,0,0
xaomi,10,MALE,인천,중년_자녀동거,3,0.1,7.7,0.1,7.8,3.2,,0,1.4,,,10.6,10.1,2.6,4.2
xaomi,10,MALE,인천,키즈맘_초등생,23,,7.7,,5.1,0.7,8,,0.7,9.6,,0,0,0,0
xaomi,10,MALE,인천,키즈맘_중학생,29,7.5,7.7,7.5,6.3,1.9,,1,3.2,9.6,,0.6,0.6,0.1,0.2
xaomi,10,MALE,인천,,69,,7.6,,,0.7,,,,,,0,0,0,0
xaomi,10,MALE,전남,,30,,,,,0.4,,,,,,0,0,0,0
xaomi,10,MALE,전남,키즈맘_중학생,15,10,8.2,10,5.1,1.1,,,1.8,,,0,0,0,0
xaomi,10,MALE,전남,키즈맘_초등생,7,,8.1,,7.9,0.5,,,1.3,,,0,0,0,0
xaomi,10,MALE,전북,키즈맘_중학생,16,,7.5,,6.1,0.7,,,0,,,0,0,0,0
xaomi,10,MALE,전북,,25,,,,5.5,0.2,,,,,,0,0,0,0
xaomi,10,MALE,전북,키즈맘_초등생,2,,7.8,,2.4,,,,,,,0,0,0,0
xaomi,10,MALE,제주,키즈맘_초등생,6,10,7.8,10,0.1,0.8,8,,1.1,,,0,0,0,0
xaomi,10,MALE,제주,,19,,,,,,,,,,,,,,
xaomi,10,MALE,제주,키즈맘_중학생,9,10,8.2,10,6,0.8,,,1.4,9.6,,0,0,0,0
xaomi,10,MALE,제주,중년_자녀동거,1,,8.1,,0,1.3,,,,,,0,0,0,0
xaomi,10,MALE,충남,키즈맘_초등생,14,,7.7,,6.2,0.5,,,2.6,,,0,0,0,0
xaomi,10,MALE,충남,,48,5,7.9,5,7.2,0.4,,,1.7,,,20.4,19.1,5.3,9.3
xaomi,10,MALE,충남,키즈맘_중학생,18,1.1,8.1,1.1,5.7,0.6,,,,0.3,,1.2,1.3,0.2,0.5
xaomi,10,MALE,충남,중년_자녀동거,3,3.6,7.7,3.6,,0.5,,,1.2,,,17.8,21.7,3.3,9.5
xaomi,10,MALE,충북,키즈맘_초등생,13,,7.6,,3.7,0.6,,,1.7,0.1,,0,0,0,0
xaomi,10,MALE,충북,,28,,,,,0.4,,,,,,12.3,11.8,3,5.7
xaomi,10,MALE,충북,중년_자녀동거,2,,8.5,,9.4,8.8,1.2,0.7,0.4,,,4.9,6.7,0.1,5
xaomi,10,MALE,충북,키즈맘_중학생,9,,7.8,,8.4,0.5,,8,,,,0,0,0,0
xaomi,100,MALE,경기,,1,,,,,,,,,,,,,,
xaomi,100,MALE,경기,중년_자녀동거,1,,,,,,,,,,,0,0,0,0
xaomi,20,FEMALE,,키즈맘_미취학,10,6.9,7.1,6.9,6.4,5.8,0,4,7.7,,7.6,25.6,27.1,6.8,12.6
xaomi,20,FEMALE,,키즈맘_초등생,3,10,6.4,10,,3.2,,8,2.6,,,14.2,12,4.1,8.6
xaomi,20,FEMALE,,키즈맘_중학생,2,,7.5,,6.4,1,,0,5,,,26.9,27.7,5.6,15.2
xaomi,20,FEMALE,,중년_자녀동거,48,8.2,7.3,8.2,6.5,4.2,,5.8,5.6,,,22.9,23,5.3,12.9
xaomi,20,FEMALE,,1인가구,28,8.8,7.7,8.8,6.6,5.9,,2.4,6.6,,8.2,24,24.3,5.9,12.2
xaomi,20,FEMALE,,2인가구,3,,7.4,,7.9,4.7,,0,5.6,,,36.7,37.6,8.8,18.5
xaomi,20,FEMALE,,,216,6.6,7.5,6.6,6.5,5.2,5.7,6.3,7.7,7.2,,20.7,18.5,6,9.5
xaomi,20,FEMALE,강원,키즈맘_미취학,1,,7.4,,,4,,,8.7,,,36.5,37.1,9,16.4
xaomi,20,FEMALE,강원,중년_자녀동거,1,,7.4,,8.8,8.9,,,1.6,,,38.5,38.8,9.4,18.3
xaomi,20,FEMALE,강원,1인가구,1,,8.3,,6,6.4,,0,8.3,,,34.3,36.2,9,16.6
xaomi,20,FEMALE,강원,,4,,,,,,,,,,,,,,
xaomi,20,FEMALE,경기,키즈맘_미취학,8,8.1,7.4,8.1,7.3,6.5,,4,6,,,30.8,32.2,8.2,15.7
xaomi,20,FEMALE,경기,키즈맘_중학생,2,10,6.4,10,0,5.1,,,9.8,,7.5,10.4,10.5,1.4,9.6
xaomi,20,FEMALE,경기,키즈맘_초등생,3,10,6.9,10,6.2,6.6,,,5.2,,,25.3,24.4,6.7,12.6
xaomi,20,FEMALE,경기,1인가구,20,8.4,7.7,8.4,7.6,6.1,,3.7,6.2,4.3,7.6,24.5,25.6,6,12.5
xaomi,20,FEMALE,경기,중년_자녀동거,27,8.5,7.6,8.5,7.6,3.7,8,7.2,5.5,8.1,8.1,23.2,22.6,5.4,12.3
xaomi,20,FEMALE,경기,,133,9,7.8,9,6.7,5.5,8,4.7,7,,8.1,23.7,21.1,6.7,11.4
xaomi,20,FEMALE,경기,2인가구,4,7.3,7.9,7.3,7.2,5.9,,0,5.7,,,20.1,20.8,4.6,11.8
xaomi,20,FEMALE,경남,키즈맘_미취학,1,10,,10,6,9.6,,,9.9,,,31,37.7,8.8,10.7
xaomi,20,FEMALE,경남,1인가구,6,10,6.3,10,5.5,5.1,,,7.9,,,25.7,26,6.7,12.4
xaomi,20,FEMALE,경남,키즈맘_초등생,1,,,,,0.4,,,,,,17.3,16.8,2.7,11.1
xaomi,20,FEMALE,경남,중년_자녀동거,4,,7.2,,7.9,8.9,,,9.1,,,26.1,27.1,6.6,12.3
xaomi,20,FEMALE,경남,,30,6.9,7.7,6.9,6.8,6.7,,3,8.6,,,31.5,30.2,8.4,15.2
xaomi,20,FEMALE,경북,키즈맘_미취학,2,10,7.4,10,7.1,7.4,,0,8,,,36.7,37.5,8.3,16.2
xaomi,20,FEMALE,경북,,17,10,7.5,10,5.5,7,,9.8,3.8,,,21.5,21.2,4.5,13.2
xaomi,20,FEMALE,경북,중년_자녀동거,6,7.8,7.3,7.8,6.6,3.1,,5,6.9,,,20.3,18.1,5.3,10.2
xaomi,20,FEMALE,광주,,16,,6.4,,6,3.5,,8,6.5,,7.6,23.6,20.4,7.2,10.4
xaomi,20,FEMALE,광주,중년_자녀동거,3,10,8.4,10,5.3,4.4,8,8,6.4,,,19.1,18.8,5.7,10.3
xaomi,20,FEMALE,광주,키즈맘_미취학,1,10,7.6,10,8.3,8.2,,,0.6,,,14.7,9.4,5.6,7.5
xaomi,20,FEMALE,광주,1인가구,2,,6.9,,7,9.4,,,9.8,,,24.7,26.1,5.1,14.4
xaomi,20,FEMALE,광주,키즈맘_초등생,1,,7.9,,1,9.7,,,9.9,,,31.6,29.8,7.3,15.2
xaomi,20,FEMALE,대구,,14,10,8.1,10,8.8,2,,5.3,3.9,,,26.5,24,6.7,13.1
xaomi,20,FEMALE,대구,중년_자녀동거,3,0,6.9,0,1.4,5.9,,9,7.9,,,16.9,16.4,4.9,10.1
xaomi,20,FEMALE,대구,키즈맘_중학생,1,,,,6.6,6.6,,,,,,37,37.3,7.6,13.6
xaomi,20,FEMALE,대구,1인가구,1,10,,10,0.5,2.4,,,1.3,,,24.8,23.9,5.6,11.7
xaomi,20,FEMALE,대구,키즈맘_초등생,1,,,,5.5,9.9,,,9.8,,,37.7,38.4,9.6,16.6
xaomi,20,FEMALE,대전,키즈맘_미취학,1,10,,10,,8.6,,0,8.2,,,39.5,39.5,9.5,18
xaomi,20,FEMALE,대전,,19,10,7.5,10,8.3,4.5,,8.6,8.8,,,25.8,17.6,9.4,10
xaomi,20,FEMALE,대전,중년_자녀동거,5,7.4,7.5,7.4,5.2,8,,,4.1,,,29.1,30.8,8.1,10.7
xaomi,20,FEMALE,부산,키즈맘_미취학,2,10,7.9,10,7.9,9.9,,,10,,,37.7,37.9,8.8,18.2
xaomi,20,FEMALE,부산,중년_자녀동거,8,8,8.5,8,6.9,5,,6.1,5.9,8,,19.4,19.4,4.8,10.7
xaomi,20,FEMALE,부산,,22,10,8,10,7.2,2.1,,0.1,3.9,0.2,,21.9,22.9,5.8,11.8
xaomi,20,FEMALE,부산,1인가구,3,5,7.2,5,6.4,9.6,,,9.1,,,26.6,24,7.3,12.1
xaomi,20,FEMALE,서울,키즈맘_미취학,3,6.4,7.8,6.4,9.1,6.7,,,10,,7.5,20.1,19.2,3.6,11
xaomi,20,FEMALE,서울,1인가구,15,8.9,7.1,8.9,7.3,5.3,,4.5,7.4,8,,25.4,25.4,6,13.1
xaomi,20,FEMALE,서울,,96,7.5,7.7,7.5,7.1,5.9,,4.3,6.6,0.2,,23.9,21.3,6.2,11.1
xaomi,20,FEMALE,서울,중년_자녀동거,20,8.3,7.4,8.3,7.7,3.5,,8.3,3.4,8.1,,20.7,20.7,4.3,11.9
xaomi,20,FEMALE,서울,키즈맘_초등생,1,,7.4,,1,0.8,,0,,,,38.3,33.5,8.4,14.3
xaomi,20,FEMALE,서울,2인가구,3,,6.3,,8,1.2,,,,,,12.9,10.5,3,6.2
xaomi,20,FEMALE,세종,중년_자녀동거,1,,,,,1.3,,,,,,15,14.8,2,10.9
xaomi,20,FEMALE,세종,,3,,6.4,,,0.7,,,,,,25.4,13.5,9.1,8
xaomi,20,FEMALE,세종,1인가구,1,,,,,1,,,4,,,12.9,6.8,5.5,6.9
xaomi,20,FEMALE,울산,1인가구,2,10,8.4,10,5.2,5.4,,8.2,8.1,,,27.8,26.1,6.3,12.3
xaomi,20,FEMALE,울산,,7,8.7,7.5,8.7,8,8.7,,9,8.7,,,14.3,16.4,3,9.8
xaomi,20,FEMALE,인천,키즈맘_초등생,1,,,,8,5.7,,,0.9,,,19.9,26.1,4.7,10.8
xaomi,20,FEMALE,인천,1인가구,1,10,,10,9.5,9.9,,,9.9,,7.5,37.2,35.2,8.9,15.5
xaomi,20,FEMALE,인천,키즈맘_중학생,2,10,7.7,10,6.3,1.1,,,8,,,34.7,35.5,8.7,10.9
xaomi,20,FEMALE,인천,중년_자녀동거,16,7.8,7.1,7.8,7,4.7,,4.1,5.6,,7.5,25,24.2,6.3,13.1
xaomi,20,FEMALE,인천,,41,5,7.8,5,8.1,7.7,,4.6,7,,,22.4,21.2,5.9,11
xaomi,20,FEMALE,전남,,13,,,,,,,,,,,,,,
xaomi,20,FEMALE,전남,중년_자녀동거,2,,7,,8,3.9,,1.2,8.3,,,10.6,8.7,1.5,5.9
xaomi,20,FEMALE,전남,키즈맘_미취학,1,,9.8,,8.7,9.3,,8.2,9.3,,7.6,33.8,38.5,9,18.1
xaomi,20,FEMALE,전남,1인가구,2,,8.3,,4.5,4.5,8,0.1,4.4,,,19,15.4,5.3,9.4
xaomi,20,FEMALE,전북,1인가구,3,,7.1,,5.8,6.4,,,9.4,,,27.9,29,7,13.3
xaomi,20,FEMALE,전북,중년_자녀동거,3,10,7.8,10,1,3.8,,,4.6,,,31.3,30.5,7.2,13.4
xaomi,20,FEMALE,전북,,11,,6.4,,,7,8,,6.6,,,22.3,11.3,9.7,8
xaomi,20,FEMALE,제주,,11,3.4,7.1,3.4,7.5,1.2,10,0,6.4,,,23.8,16.1,8.7,7.4
xaomi,20,FEMALE,제주,1인가구,1,10,6.4,10,,4.3,,9,1.4,,,20.3,9.2,6.9,5.3
xaomi,20,FEMALE,제주,키즈맘_중학생,1,6.1,8.9,6.1,7.8,9.7,,2,9.9,,,25.9,28,5.3,16.5
xaomi,20,FEMALE,제주,키즈맘_초등생,1,,7.5,,1,,,,,,,17.4,17.2,4.4,9
xaomi,20,FEMALE,제주,중년_자녀동거,2,6.7,8.4,6.7,8.2,2.8,,8.7,4.9,8.1,,23.9,20.8,6.4,13.6
xaomi,20,FEMALE,제주,키즈맘_미취학,1,10,7.5,10,,,,,8.5,0.2,,15.4,17.4,2.3,10.5
xaomi,20,FEMALE,충남,2인가구,1,,,,1,8.5,,,,,,17.3,17.1,4.3,8.9
xaomi,20,FEMALE,충남,중년_자녀동거,7,10,8.3,10,7.5,2.7,,8.9,4.8,,,22.7,23,5.3,12.5
xaomi,20,FEMALE,충남,,28,8.2,7.7,8.2,6.9,7.5,,0.1,7.2,0.2,,27.7,25.6,7.6,13
xaomi,20,FEMALE,충남,키즈맘_미취학,3,10,,10,6.6,4.5,,,3.4,,,18.9,19.9,3.1,12.5
xaomi,20,FEMALE,충남,1인가구,4,10,7.4,10,4.4,6.1,,,7.3,,,25.7,27.3,5.9,14.1
xaomi,20,FEMALE,충북,,12,10,6.9,10,7.1,7.1,,,9.8,8.4,,12.5,11.3,3.3,6.6
xaomi,20,FEMALE,충북,중년_자녀동거,2,,7.5,,6.9,3.3,,,0.1,8.1,,27.2,27.5,6,14.6
xaomi,20,FEMALE,충북,키즈맘_미취학,1,2.2,,2.2,7.4,0.6,,,,,,37.5,38,9.3,11.8
xaomi,20,FEMALE,충북,1인가구,2,10,8.5,10,8.7,8.9,,0,5.4,,,17.7,13.4,5.1,9.2
xaomi,20,MALE,,,803,7.6,7.3,7.6,7.3,4.3,8.9,3.5,5,6.3,7.8,21.2,21.6,5.2,10.1
xaomi,20,MALE,,중년_자녀동거,164,7,7.5,7,7.6,3.4,4.4,4.3,4.3,7.1,,23.7,27.6,5,12.4
xaomi,20,MALE,,키즈맘_초등생,2,10,7.5,10,8.4,0.8,,,,,,6.3,9,0.3,5.5
xaomi,20,MALE,,2인가구,9,7.5,7.6,7.5,8,6.3,,0,4.9,,,21.6,23.5,4.4,12
xaomi,20,MALE,,키즈맘_중학생,6,10,7.2,10,6.6,4.5,6.4,9,5.6,,,23.5,28.1,4.2,11.9
xaomi,20,MALE,,키즈맘_미취학,28,8.9,7.5,8.9,7.1,5.7,3.2,8,4.6,4.3,,26.5,28.2,6.1,13
xaomi,20,MALE,,1인가구,96,7.9,7.3,7.9,7.5,4.2,4.9,3.5,4.4,2.7,7.8,24.2,26.7,5.4,12.3
xaomi,20,MALE,강원,중년_자녀동거,6,10,7.5,10,9,3.5,,3.4,8.1,,8.3,23,25.7,4.6,12.1
xaomi,20,MALE,강원,,30,6.4,7.1,6.4,7.7,3.2,,0,6.8,,,29.5,29.4,7.4,13.2
xaomi,20,MALE,강원,키즈맘_초등생,1,,6.4,,8,1.7,,,,,,22.5,18.7,5.1,11
xaomi,20,MALE,강원,1인가구,5,8,8.2,8,6.3,6,0,4,7.6,8,,23.8,27.4,5.9,12.3
xaomi,20,MALE,경기,1인가구,68,7.9,7.3,7.9,7.6,4.4,6.4,3.7,4.6,9.5,7.9,23.4,26.5,5.1,12.1
xaomi,20,MALE,경기,,483,8.6,7.5,8.6,7.5,4.9,4.8,2.7,5.1,6.6,7.7,24,23.8,6.1,10.8
xaomi,20,MALE,경기,키즈맘_미취학,21,8.6,7.4,8.6,8.3,3.6,6.4,4.9,3.6,3.8,,25.6,26.8,5.6,12.3
xaomi,20,MALE,경기,키즈맘_초등생,3,,9,,9.2,5.9,,,5.2,,,33.2,30.6,8.6,14.4
xaomi,20,MALE,경기,중년_자녀동거,111,8.3,7.4,8.3,7.3,4.4,4.8,3.6,4.6,4.8,7.8,23.9,27.5,5.1,12.3
xaomi,20,MALE,경기,키즈맘_중학생,8,5,7.4,5,9.2,1.9,,4.6,2.7,,,26.2,29.2,5.8,13.3
xaomi,20,MALE,경기,2인가구,9,10,7.3,10,7.3,4.7,8.4,8,7.1,,,29.5,32.4,6.9,14
xaomi,20,MALE,경남,1인가구,14,7.5,7.5,7.5,7.5,4.3,,3.4,4.9,,7.7,26.2,28.6,6.2,13.1
xaomi,20,MALE,경남,,74,10,7.5,10,7.7,6.2,6.4,7.3,4.1,8.1,8.5,19.8,19.4,5.3,9.2
xaomi,20,MALE,경남,2인가구,2,0,7.6,0,7.1,5.7,,,1.6,,,36.7,36.7,8.9,16.1
xaomi,20,MALE,경남,키즈맘_중학생,1,10,7.6,10,9.6,9.6,,,10,,,0.1,0.2,0,0.1
xaomi,20,MALE,경남,중년_자녀동거,15,5,7.6,5,8.3,2.9,,3.5,4.9,8.2,,28.2,28.7,6.9,13.3
xaomi,20,MALE,경남,키즈맘_미취학,5,10,7.7,10,7.8,1.7,,0,5.5,,,26,28.7,6.2,12.5
xaomi,20,MALE,경북,1인가구,11,6.3,7.5,6.3,8.4,5,6.4,8.3,2.8,5.2,7.5,20.4,23.9,3.8,12.1
xaomi,20,MALE,경북,,63,8.2,7.3,8.2,7.6,2.6,,8,3.7,0.2,,21.9,22.8,5.5,10.5
xaomi,20,MALE,경북,키즈맘_미취학,1,10,6.4,10,8,1.8,,,,,,21.7,12.8,3.4,9.9
xaomi,20,MALE,경북,키즈맘_중학생,1,,6.4,,,,,,,,,17.6,17.6,4.3,9.1
xaomi,20,MALE,경북,중년_자녀동거,12,8,7.5,8,7.5,4,10,2.7,5.4,0.2,,24.3,25.7,5.1,11.9
xaomi,20,MALE,경북,키즈맘_초등생,1,,8.2,,,,,,,,,17.6,17.5,4.5,8.9
xaomi,20,MALE,광주,키즈맘_중학생,1,,7,,0.6,,,,,,,21.2,26.8,4.2,12.8
xaomi,20,MALE,광주,키즈맘_미취학,3,,7.6,,8.5,3.5,6.4,,1.7,,,27.9,29.2,7.4,13.7
xaomi,20,MALE,광주,,61,6,7,6,6.8,5.8,,5.3,4,8,8.2,25.6,22.8,6.8,11.4
xaomi,20,MALE,광주,중년_자녀동거,18,7.5,7.2,7.5,8.8,3.8,6.4,6,3.8,8.2,8.2,25,25.8,6,12.4
xaomi,20,MALE,광주,1인가구,12,10,7.4,10,7.7,5.8,6.9,0,5.7,,,24.3,27.7,5.5,13.1
xaomi,20,MALE,대구,1인가구,8,7.5,8.4,7.5,8,3.8,6.4,2.8,3.7,,7.5,25.3,26.7,5.5,13.3
xaomi,20,MALE,대구,키즈맘_미취학,1,10,8.6,10,9.6,1.2,,0,0.4,,,38.3,37.3,9.4,18.2
xaomi,20,MALE,대구,,45,7.5,7.5,7.5,7.2,3.8,,2,4.7,8.2,,24.2,24.6,5.9,11.4
xaomi,20,MALE,대구,중년_자녀동거,10,7.5,7.4,7.5,8.3,4.1,9,3.5,4.1,,,25.5,29.4,5.5,13.8
xaomi,20,MALE,대전,1인가구,10,10,7.5,10,5.4,6,,2.8,6.2,,,24.8,30,5,13.8
xaomi,20,MALE,대전,키즈맘_초등생,1,,,,9.6,6.1,,,3.2,,,29.9,32.6,0.7,13.4
xaomi,20,MALE,대전,키즈맘_중학생,2,3.8,7,3.8,7.9,,,,,,,23,29.6,4.3,13.5
xaomi,20,MALE,대전,,51,5.8,7.3,5.8,7.6,3.8,6.4,0,5,8.2,7.5,28.9,25.5,8.3,11.6
xaomi,20,MALE,대전,키즈맘_미취학,1,0,7.4,0,8.8,7.7,,,3.9,,,37.9,39.5,9.7,17.5
xaomi,20,MALE,대전,중년_자녀동거,14,10,7,10,7.7,3.1,,6.9,4,9.7,,21.9,26.2,4.3,12.5
xaomi,20,MALE,부산,1인가구,15,9.1,7.5,9.1,8.7,6.4,,1.6,6.2,6.8,,24.6,30,5.8,12.8
xaomi,20,MALE,부산,키즈맘_미취학,2,10,7.5,10,8.1,4.4,,0,2.3,1.8,,24.1,24.4,6.1,11.7
xaomi,20,MALE,부산,중년_자녀동거,28,9.7,7.3,9.7,7.5,4.3,5.9,3.7,4.3,,7.7,25.6,27.8,5.8,12.9
xaomi,20,MALE,부산,키즈맘_중학생,2,10,6.4,10,9.7,8.7,,,8.3,,,22.8,22.4,2.5,9.7
xaomi,20,MALE,부산,2인가구,2,10,6.4,10,8.4,6.5,,,0.1,,,27.9,25.8,6.7,12.8
xaomi,20,MALE,부산,,103,8.2,7.3,8.2,7.9,4.8,,4.5,5.2,4.1,7.5,26.6,26,7,11.3
xaomi,20,MALE,서울,,341,7.5,7.5,7.5,8.1,5.1,7.3,3.4,5.8,7.6,7.8,22.9,23,5.6,10.7
xaomi,20,MALE,서울,키즈맘_미취학,8,4,7.2,4,8.8,3,,4,2.5,8.1,,25.2,30,5.4,12.9
xaomi,20,MALE,서울,2인가구,3,,7.5,,6.5,3.8,0,,6.2,,7.7,28,27.8,6.7,12.7
xaomi,20,MALE,서울,중년_자녀동거,82,8.4,7.5,8.4,7.4,4.5,5.3,3.8,5.4,8.2,7.5,23.7,26.3,5.2,12
xaomi,20,MALE,서울,키즈맘_중학생,3,0,8.2,0,8.4,5.5,,2,7.7,,,28.1,27.7,7.2,12.6
xaomi,20,MALE,서울,1인가구,41,6.4,7.3,6.4,7.8,5.8,5.2,4.2,6.7,4.4,7.8,23,26.8,5.1,12.2
xaomi,20,MALE,세종,키즈맘_미취학,1,,7.4,,7.6,0.7,,,8.1,,,37.4,36.9,9.6,19.2
xaomi,20,MALE,세종,중년_자녀동거,2,10,6.8,10,9,3.6,,8,1.2,,,26.2,29.9,5.1,12.3
xaomi,20,MALE,세종,,8,,6.9,,8.7,8.5,,,3.8,,,27.1,33,5.1,15.8
xaomi,20,MALE,세종,1인가구,1,10,7.5,10,9.6,9.9,,,10,9,7.5,27.1,26.3,6.1,11.7
xaomi,20,MALE,울산,1인가구,6,5,8,5,7.7,0.9,,0,6.9,,,24.5,26.4,7,12.2
xaomi,20,MALE,울산,키즈맘_미취학,3,,7.5,,8.2,6.3,,,7.8,8,,23,25.8,4.9,12.2
xaomi,20,MALE,울산,중년_자녀동거,7,6.8,7.1,6.8,7.1,2.8,,4.5,6.2,4.1,,23.6,26.1,4.9,13
xaomi,20,MALE,울산,,35,9.6,7.7,9.6,7.7,6,,2.4,7.7,,,21,21.4,5.2,10.3
xaomi,20,MALE,인천,,115,8.5,7.3,8.5,7.7,4.4,7,5.5,3.6,8.2,7.5,24.5,24.5,6.2,11.3
xaomi,20,MALE,인천,키즈맘_중학생,2,,7.5,,4.8,1.1,,,3,,7.7,21.9,25.9,4.4,12.5
xaomi,20,MALE,인천,키즈맘_초등생,3,10,7.4,10,7.7,5.2,6.4,9.5,4.5,5.4,,27.8,31.4,5.3,13.4
xaomi,20,MALE,인천,중년_자녀동거,26,9.1,7.5,9.1,7.2,4.1,6.4,6.1,2.9,9.9,7.7,23.6,26.1,5.1,11.5
xaomi,20,MALE,인천,키즈맘_미취학,5,10,7.1,10,6.2,4,,,2,,,23.6,25.1,5.3,11.4
xaomi,20,MALE,인천,2인가구,1,,,,8,0.6,,,1.8,,,17.9,17.8,4.7,9.1
xaomi,20,MALE,인천,1인가구,17,7.8,7.3,7.8,7.7,5.7,,3.2,3.7,,7.7,24.7,28.8,4.9,13.2
xaomi,20,MALE,전남,2인가구,3,,7.9,,0.8,1.1,,,,,,29.7,31.6,7.6,12.5
xaomi,20,MALE,전남,1인가구,4,6.7,8.3,6.7,7,3.6,,0,5.5,,,26.3,27.7,6.3,14.6
xaomi,20,MALE,전남,중년_자녀동거,13,10,7.2,10,7.2,3,,4.2,3,,,22.4,25.1,4.6,12.1
xaomi,20,MALE,전남,,39,8,7.3,8,6.4,6.7,,,1.6,8,,28.8,27.1,7.9,13.1
xaomi,20,MALE,전북,키즈맘_초등생,2,0,7.6,0,8.1,5,,,0.2,8.2,8.1,14,15.8,2.8,9.8
xaomi,20,MALE,전북,키즈맘_중학생,1,,7.4,,7.9,,,,,,,35.7,37.7,9.7,16.9
xaomi,20,MALE,전북,중년_자녀동거,10,5.6,7.9,5.6,6.4,3.8,,3.1,2.5,,,26.5,29.9,5.2,12.7
xaomi,20,MALE,전북,1인가구,6,6.7,7.3,6.7,6.1,5.2,,9,3.2,,,23.8,24.3,4.2,11.9
xaomi,20,MALE,전북,키즈맘_미취학,5,0,6.7,0,7.1,4.8,,9.4,4.4,,,16.7,20.8,2.5,11.2
xaomi,20,MALE,전북,,51,7.9,7.6,7.9,8.1,4,,5.6,6.1,,,28.1,27.8,7,13.5
xaomi,20,MALE,제주,키즈맘_미취학,3,10,7.6,10,6.1,5,,,9.3,,,22.9,25.7,5.2,11.5
xaomi,20,MALE,제주,1인가구,2,10,6.4,10,8.9,0.8,,,,,,16.3,19,3.2,9.6
xaomi,20,MALE,제주,,20,10,8.5,10,6.5,7.5,,0,5.8,8,,26.7,24,6.2,11.9
xaomi,20,MALE,제주,중년_자녀동거,5,10,7.5,10,7.9,1.9,,8,5.4,,,20.3,24,4.6,12.3
xaomi,20,MALE,충남,키즈맘_미취학,3,,7.3,,8.3,2,,,3.1,,7.5,26.2,28.3,6.2,11.8
xaomi,20,MALE,충남,키즈맘_중학생,2,,7.6,,8,1.4,,,,,,17.6,29.2,1.7,11.9
xaomi,20,MALE,충남,1인가구,12,8.3,7.1,8.3,7.4,6.2,5.2,6,5.5,,7.7,22.8,25.7,5,12.3
xaomi,20,MALE,충남,중년_자녀동거,19,10,7.6,10,7.6,4.7,,3.4,2.9,,,23.1,26,4.6,12.3
xaomi,20,MALE,충남,키즈맘_초등생,1,,,,0,,,,,,,13.8,11.8,3.8,9.2
xaomi,20,MALE,충남,2인가구,1,10,7.9,10,8.5,8.9,,,5.6,,,34.3,37.6,8.3,12.5
xaomi,20,MALE,충남,,81,10,7.6,10,7.8,3.6,,3.7,3.3,,7.8,28.5,28.2,7.4,13.2
xaomi,20,MALE,충북,키즈맘_중학생,2,1.6,7,1.6,8,5.4,,,2.3,,,16.9,20.1,1.7,10.2
xaomi,20,MALE,충북,,51,10,7.1,10,8.4,4.4,3.2,4,4.1,,,23.9,25.7,5.4,12.5
xaomi,20,MALE,충북,키즈맘_초등생,1,10,,10,9.8,4.3,,,0.4,,,19.6,27.9,6,10.9
xaomi,20,MALE,충북,키즈맘_미취학,1,10,7.5,10,8,8.9,,0,0.5,,,35.7,36.8,8.7,13.3
xaomi,20,MALE,충북,1인가구,11,6.7,6.9,6.7,5.7,6.1,,,6.1,,,23.1,24.8,4.8,10.4
xaomi,20,MALE,충북,중년_자녀동거,10,7.2,8.1,7.2,6.7,6.6,,7,3.9,4.2,,27.7,29.7,6.1,13.8
xaomi,30,FEMALE,,중년_자녀동거,81,8.7,7.4,8.7,7.8,5.5,8.5,3.1,5.4,6.6,7.4,25.9,24.3,6.7,12.7
xaomi,30,FEMALE,,키즈맘_중학생,8,7.9,7.8,7.9,8.3,5.6,,0.3,4.1,0.2,,21.3,22.1,5.1,12.8
xaomi,30,FEMALE,,1인가구,60,8.1,7.5,8.1,7.5,5.8,4,2,6.2,4.3,8.1,22.2,21.8,5.5,11.2
xaomi,30,FEMALE,,키즈맘_미취학,60,8.5,7.2,8.5,8.2,6.5,8,2.9,6.1,5.9,7.8,23.8,22.7,5.9,12.1
xaomi,30,FEMALE,,키즈맘_초등생,29,7.1,7.3,7.1,7.6,5.7,,3.8,5,4.3,,27.5,25.7,6.9,13.1
xaomi,30,FEMALE,,2인가구,34,8.9,7.9,8.9,7.9,5.8,1.2,5,6.2,0.1,,26,24,6.3,12.7
xaomi,30,FEMALE,,,662,8.5,7.5,8.5,8,6.2,7.2,2.9,5.6,5,7.5,24.7,22.2,6.8,11.5
xaomi,30,FEMALE,강원,키즈맘_초등생,3,10,7.4,10,8,5.3,0.4,0,9.5,,,16.4,16.5,2.9,10.1
xaomi,30,FEMALE,강원,키즈맘_미취학,2,5.8,6.5,5.8,8.4,3.8,,,6.2,,,15.5,13.3,4.7,7.5
xaomi,30,FEMALE,강원,1인가구,3,5,7.1,5,8.3,6.7,,,9.2,,,27.9,28.8,7.6,14.1
xaomi,30,FEMALE,강원,중년_자녀동거,3,10,8,10,7.8,3.8,,4.2,9.7,0.1,,37.5,37.7,9.2,17.6
xaomi,30,FEMALE,강원,,34,6.3,7.5,6.3,6.2,7.2,8,,6.7,6.7,,26.2,24.3,7.1,12.5
xaomi,30,FEMALE,강원,키즈맘_중학생,4,10,7.5,10,7.5,2,,,4.7,8.3,,23.5,26.5,5.2,14.5
xaomi,30,FEMALE,강원,2인가구,2,9,6.9,9,8.3,9.3,,0,1.7,7.8,,26.3,22.9,6.1,13.5
xaomi,30,FEMALE,경기,2인가구,20,8.8,7.7,8.8,8.3,6.7,8,3.7,4.9,8.6,,23.9,22.2,6.2,12
xaomi,30,FEMALE,경기,1인가구,53,9.2,7.8,9.2,8,6.5,8,5.5,6.1,6.3,8.5,23.3,21.1,5.8,11.6
xaomi,30,FEMALE,경기,중년_자녀동거,59,8,7.7,8,7.4,5.9,8,3.6,5.6,4,7.3,24.2,23.4,6.2,12
xaomi,30,FEMALE,경기,키즈맘_중학생,12,8.6,7.4,8.6,8.3,5.9,8,4,7.2,,,26.6,25.8,6.6,12.9
xaomi,30,FEMALE,경기,,516,8.3,7.4,8.3,7.4,5.9,8.4,4.1,5.3,3.8,7.9,22.4,19.6,6.5,10.3
xaomi,30,FEMALE,경기,키즈맘_미취학,47,8.6,7.3,8.6,7.6,6.5,4.9,3.6,5.8,5,7.5,26.7,25.9,6.4,13.6
xaomi,30,FEMALE,경기,키즈맘_초등생,32,8.6,7.2,8.6,7.8,5.2,8.6,5.1,6,6.8,,24.1,20.7,5.8,11.8
xaomi,30,FEMALE,경남,중년_자녀동거,14,9,8,9,8.2,6.2,4,3.7,4.9,7.7,,21.7,19.9,5.2,11.5
xaomi,30,FEMALE,경남,2인가구,4,10,8.4,10,8.1,6.7,,5.5,6.6,,,24.1,25,6.1,13
xaomi,30,FEMALE,경남,,102,5.8,7.5,5.8,7.3,5.1,,6.3,5.1,4,7.3,21.3,17.9,6.3,9.7
xaomi,30,FEMALE,경남,1인가구,15,9.8,7.5,9.8,6.6,4.2,8,2.4,5,4,,22.4,22.2,5.4,11.9
xaomi,30,FEMALE,경남,키즈맘_중학생,3,10,7.2,10,9.1,9.2,0,4,6.7,0.1,,16,16,4.3,6.9
xaomi,30,FEMALE,경남,키즈맘_초등생,14,10,7.2,10,7.9,5.1,8,5.6,5.5,3.7,,22.5,21.5,5.4,11
xaomi,30,FEMALE,경남,키즈맘_미취학,9,3.4,6.9,3.4,6.1,4.9,8,,6.1,,,28.3,26.4,7.4,13.4
xaomi,30,FEMALE,경북,1인가구,11,8,7.3,8,7.9,4.3,,2.9,4.7,8.8,7.3,27.9,27.6,6.6,13.2
xaomi,30,FEMALE,경북,키즈맘_미취학,3,10,6.9,10,8.6,7.1,8,,1,,,16.3,10.4,5.6,8.3
xaomi,30,FEMALE,경북,키즈맘_중학생,2,0,6.3,0,4,2.1,8,0,5.7,,,26.1,18.8,7.2,10.7
xaomi,30,FEMALE,경북,키즈맘_초등생,8,10,7.4,10,7.6,2.6,,0,6.8,,,26.5,25.7,6.5,12.8
xaomi,30,FEMALE,경북,중년_자녀동거,6,,7.5,,8.5,4.2,,8.1,4.9,,7.7,30,28.1,8,13.7
xaomi,30,FEMALE,경북,,60,9.4,7.6,9.4,7.4,5.9,,5,5.8,7.7,8.1,25.7,22.6,7.2,12
xaomi,30,FEMALE,경북,2인가구,3,8,7.8,8,7.1,4.6,,0,5.3,0.1,,29.5,34.8,7.5,15.8
xaomi,30,FEMALE,광주,1인가구,6,10,8.1,10,7.3,7,,3.7,5.1,0.1,,21.2,21.3,5,12.7
xaomi,30,FEMALE,광주,중년_자녀동거,5,0,7.1,0,7.7,4,8,5.6,6.2,7.4,,25.1,23.2,6.7,11.8
xaomi,30,FEMALE,광주,,43,6,7.4,6,8.2,4.7,8,1.3,8.1,6.5,,22.6,19.5,6.2,11.3
xaomi,30,FEMALE,광주,2인가구,2,10,8.7,10,7.1,7,,8.3,0.4,,,18.3,21.8,3.4,13.8
xaomi,30,FEMALE,광주,키즈맘_초등생,6,10,7.8,10,8.7,3.1,8,8.3,3.9,2.5,,27.4,29.9,7.3,12.9
xaomi,30,FEMALE,광주,키즈맘_미취학,5,10,7.6,10,9.2,8.5,10,8.5,6.7,4,,21.4,21.2,4.7,12.9
xaomi,30,FEMALE,대구,키즈맘_초등생,6,4.5,7.6,4.5,7.5,7.2,8,2.9,6.4,7.7,7.6,26.1,25.3,6.7,13
xaomi,30,FEMALE,대구,중년_자녀동거,8,10,7.5,10,7.2,4.6,,0.4,4,4,,23.5,21.6,5.2,13
xaomi,30,FEMALE,대구,1인가구,10,7.5,7.6,7.5,6.6,4.6,,0,4.5,,,26.1,25.8,6.1,13
xaomi,30,FEMALE,대구,,56,6.6,7.5,6.6,6.7,4.7,8,4.7,3.1,3.9,,28.8,27.4,7.5,14.1
xaomi,30,FEMALE,대구,2인가구,1,10,7.6,10,8,9.5,,,8.9,3.1,,17.1,17.2,4.5,8.9
xaomi,30,FEMALE,대구,키즈맘_미취학,4,10,7.4,10,9.1,5.6,8,8.1,3.5,,,24.7,22.2,6.8,11.9
xaomi,30,FEMALE,대구,키즈맘_중학생,2,10,7.4,10,9.1,7.1,,0.4,3.7,,,25.6,21.2,7.6,12.4
xaomi,30,FEMALE,대전,키즈맘_미취학,9,8.8,7.5,8.8,8.1,8,8,4.7,8.8,7.8,7.3,26.7,26,6,12.9
xaomi,30,FEMALE,대전,2인가구,6,8.1,7.9,8.1,7.8,6.8,8.1,4.5,4.3,,,27.7,25.8,7.5,12.4
xaomi,30,FEMALE,대전,중년_자녀동거,11,10,7.5,10,7.5,3.8,10,4.5,5.4,2.5,,26.4,25.6,6.5,13
xaomi,30,FEMALE,대전,키즈맘_초등생,7,7.5,7.5,7.5,7.2,3.3,1.1,0.2,6,0.1,,27.8,28.6,6.1,14.7
xaomi,30,FEMALE,대전,1인가구,8,10,7.2,10,7.7,8.1,,0.6,7.5,0.1,,27.8,30.7,7.5,13.1
xaomi,30,FEMALE,대전,키즈맘_중학생,1,10,7.4,10,7.8,9.7,,0,9.6,,,38.6,38.6,9.7,18.9
xaomi,30,FEMALE,대전,,76,9.2,7.5,9.2,7.2,5.3,8,0.7,5.7,4.3,,26.2,24.8,6.9,13.6
xaomi,30,FEMALE,부산,,100,9,7.6,9,7.8,6.2,8,1.4,5.4,2,,28.4,24.4,8,12.8
xaomi,30,FEMALE,부산,키즈맘_중학생,1,,,,,4.6,,,,,,38.2,37.7,9.4,15.8
xaomi,30,FEMALE,부산,1인가구,15,10,7.1,10,5.7,6.5,9.3,8.8,7.4,,7.6,24.2,22.7,5.3,12.8
xaomi,30,FEMALE,부산,키즈맘_미취학,16,7.6,7.2,7.6,6.8,5.7,8,0.4,3.2,0.1,,21.9,19.5,5.2,11.2
xaomi,30,FEMALE,부산,2인가구,4,7.9,7.8,7.9,6.4,9.7,,4.2,6.9,,7.4,18.1,13.4,5.8,7.9
xaomi,30,FEMALE,부산,키즈맘_초등생,8,6,6.9,6,8.8,5.6,8,4.2,4.3,,,16.7,16.8,4.2,8.5
xaomi,30,FEMALE,부산,중년_자녀동거,13,9.3,7.5,9.3,7.3,4.9,8,0,6.1,5.7,,26.7,26.8,6.8,13
xaomi,30,FEMALE,서울,2인가구,22,9.1,7.7,9.1,8.4,7.3,10,2.3,7.1,3.3,,25.4,25,6.3,12.5
xaomi,30,FEMALE,서울,키즈맘_초등생,18,8,7.5,8,8.4,7.4,0,4.9,3.9,5.9,,26.3,24.9,6.8,12.9
xaomi,30,FEMALE,서울,,459,8.5,7.5,8.5,7.6,6.7,5.7,4,5.3,6.4,7.3,24.1,21.3,6.7,11.3
xaomi,30,FEMALE,서울,키즈맘_미취학,47,7.6,7.5,7.6,7,6.4,7.2,4.7,6.3,6.9,7.3,23.4,21.9,6,12.1
xaomi,30,FEMALE,서울,키즈맘_중학생,3,6.7,7.1,6.7,4,3.8,,,7.2,2.5,,11.3,11,2.3,7.5
xaomi,30,FEMALE,서울,중년_자녀동거,64,9.1,7.7,9.1,7.8,6.2,8.6,5.4,5.2,4.8,8.2,24.1,23.5,6.1,12.2
xaomi,30,FEMALE,서울,1인가구,53,7.8,7.5,7.8,8.3,6.9,6.7,3.3,6.3,5.6,7.7,27.1,26.4,6.9,13.3
xaomi,30,FEMALE,세종,2인가구,2,10,,10,8.5,7.9,,8,6.1,5.1,,17.7,17.6,4.5,9.2
xaomi,30,FEMALE,세종,중년_자녀동거,2,10,6.9,10,6.5,7.9,,,1.4,,,20.2,18,6.6,11.3
xaomi,30,FEMALE,세종,,16,5,8.3,5,7.6,5.1,,0.4,4.3,,,29.5,26.3,8.3,13.8
xaomi,30,FEMALE,세종,1인가구,2,,7.6,,9.7,9.9,,,9.9,2.5,,24.7,23.1,5.9,10.9
xaomi,30,FEMALE,세종,키즈맘_초등생,2,8,7.5,8,6.9,8.7,8,,7.9,,,35.4,37.3,8.8,15.2
xaomi,30,FEMALE,울산,1인가구,5,6.7,7,6.7,9,5,,,5.9,,,23.6,21.4,6.8,10.6
xaomi,30,FEMALE,울산,중년_자녀동거,1,,,,6.5,9.5,,,9.6,,,38.9,37.2,9.1,19.7
xaomi,30,FEMALE,울산,,33,10,7.4,10,5.9,4.9,8,4.2,6.6,0.1,,21.8,20.7,5.8,10.9
xaomi,30,FEMALE,울산,키즈맘_중학생,2,10,6.8,10,7.2,3.7,,,5.7,7.8,,22.4,23.5,4.8,11.6
xaomi,30,FEMALE,울산,키즈맘_미취학,4,10,7.9,10,8.8,3,8,4,3.9,6.1,,20.9,17.5,5.8,11.6
xaomi,30,FEMALE,울산,키즈맘_초등생,5,6.7,7.1,6.7,7.9,2,4,,4.2,,,24.9,24.2,5.8,12.5
xaomi,30,FEMALE,울산,2인가구,3,5,6.6,5,8.4,8.8,,,9.4,7.8,,17,17.4,5.1,10.1
xaomi,30,FEMALE,인천,중년_자녀동거,16,8,7.6,8,7.9,5,,5.7,4.5,1.3,,24.6,24.1,6.4,12.4
xaomi,30,FEMALE,인천,키즈맘_미취학,14,8.6,7.8,8.6,6.5,7.5,6.6,1.7,4.5,0.1,,24.8,24.2,5.8,13.2
xaomi,30,FEMALE,인천,2인가구,10,7.5,7.3,7.5,7.7,7.9,8,1.6,6.1,7.9,,25,21.9,6.5,11.9
xaomi,30,FEMALE,인천,1인가구,16,6.7,7.3,6.7,7.7,4.9,,4.5,5.6,,,24.7,21.9,6.4,12
xaomi,30,FEMALE,인천,키즈맘_중학생,6,10,7.2,10,6.3,5.6,,8,6,3.3,,17.9,17.5,4.5,9
xaomi,30,FEMALE,인천,,137,10,7.2,10,7.4,6.5,8,2.9,6.4,3.8,7.3,24.9,20.6,7.4,10.8
xaomi,30,FEMALE,인천,키즈맘_초등생,14,6.5,7.3,6.5,8.6,4.8,,4.7,5.5,4.7,,23.9,22.8,5.7,12.3
xaomi,30,FEMALE,전남,키즈맘_초등생,3,8,6.3,8,5.8,7.5,,,9.3,,,21.4,19.2,5.4,9.9
xaomi,30,FEMALE,전남,1인가구,4,10,7.4,10,7.4,3.2,,2.7,6.6,,,28.9,27.1,7.5,13.9
xaomi,30,FEMALE,전남,키즈맘_중학생,3,10,7.6,10,7.9,3.6,,,2.1,,,32.6,29,7.4,15.7
xaomi,30,FEMALE,전남,2인가구,3,5.5,8.4,5.5,6.9,5.2,,8,6.2,3.9,,16,16.9,3.9,9
xaomi,30,FEMALE,전남,키즈맘_미취학,3,,8.8,,5.8,2.6,,8,4.8,,,24.7,20.8,6,11.1
xaomi,30,FEMALE,전남,중년_자녀동거,3,8,7.7,8,9,4.3,8,8.6,4,,,21.3,22.5,4,14.2
xaomi,30,FEMALE,전남,,30,8.2,8.1,8.2,6.8,4.1,,3.6,7.4,,,27.2,27,6.9,13.9
xaomi,30,FEMALE,전북,,45,8.4,8,8.4,7.6,7.3,8.9,6.3,6.1,6,,25.4,22.2,7.3,11.5
xaomi,30,FEMALE,전북,키즈맘_중학생,1,,7.8,,7.6,,,,,,,35.3,37.3,9.2,16.4
xaomi,30,FEMALE,전북,키즈맘_미취학,7,10,7.2,10,6.3,5.1,,4,6.5,5.2,,23.9,23.2,6.1,11.9
xaomi,30,FEMALE,전북,2인가구,3,10,8.7,10,8.5,0.8,,9.4,,,,27.4,28.2,6.3,14.1
xaomi,30,FEMALE,전북,중년_자녀동거,6,2.6,8.2,2.6,8.1,5.6,,0,5.1,3.5,,27.4,23.8,6.5,12.4
xaomi,30,FEMALE,전북,키즈맘_초등생,3,,6.3,,8.4,6.7,,,3.8,,,22.7,22.8,6.4,10.9
xaomi,30,FEMALE,전북,1인가구,5,5,7.5,5,8.4,5.4,8,,6.3,,,27.9,28.2,6.8,13.5
xaomi,30,FEMALE,제주,중년_자녀동거,3,,,,8,4.2,,,4.1,,,12.6,11.9,3.8,8.7
xaomi,30,FEMALE,제주,,13,10,7.3,10,7.4,7,8,,0.2,,,29.2,31.4,6.3,16.3
xaomi,30,FEMALE,제주,키즈맘_중학생,1,,6.3,,8,3.2,,1.7,0.7,,,19,7.1,4.9,7
xaomi,30,FEMALE,제주,키즈맘_미취학,2,3,8.5,3,8.9,7.4,,4.2,8.8,,,25.5,25.9,6.7,13.3
xaomi,30,FEMALE,제주,2인가구,1,8,7.4,8,9.6,6.1,,,8.5,0.2,,38.7,37.2,9.3,18.1
xaomi,30,FEMALE,충남,키즈맘_미취학,6,10,7.4,10,7.9,7.5,8,0,8.6,8.5,,25.1,24.7,6.5,12.9
xaomi,30,FEMALE,충남,,80,8.7,7.4,8.7,7.1,6.6,8,4.1,5.4,8.8,,22.4,19.6,6.5,10.4
xaomi,30,FEMALE,충남,1인가구,7,8.2,8,8.2,7.1,6.6,,5.3,8.7,0.1,,23,23.5,5.5,13.2
xaomi,30,FEMALE,충남,키즈맘_중학생,3,5,7.3,5,8.3,8.6,,0.4,7.4,,,26.8,26.9,7.4,14.7
xaomi,30,FEMALE,충남,중년_자녀동거,5,4,7.5,4,8.9,5.7,,4,6.1,4,,24,21.1,6.1,12.6
xaomi,30,FEMALE,충남,키즈맘_초등생,14,10,7.4,10,8.3,5.8,,3.8,6.8,7.8,7.4,27.4,26.1,6.6,13.5
xaomi,30,FEMALE,충남,2인가구,4,0.9,7.5,0.9,7.9,4.2,,8,4.3,0.2,,23.8,20.9,5.4,11
xaomi,30,FEMALE,충북,1인가구,9,9.1,7.7,9.1,5.1,5.8,8,,5.8,7.9,,17.3,15.9,5.2,8.3
xaomi,30,FEMALE,충북,키즈맘_중학생,1,10,6.9,10,8.8,0.9,,,8.3,,,27.3,24.1,7.5,12.6
xaomi,30,FEMALE,충북,키즈맘_초등생,6,10,7,10,7.6,4.6,,0.4,3.7,,8.1,20.9,18.6,6.2,9.8
xaomi,30,FEMALE,충북,키즈맘_미취학,3,10,7.5,10,8.9,5.8,,,6.1,,,32.7,36.1,8.9,14.7
xaomi,30,FEMALE,충북,중년_자녀동거,7,,7.6,,8.2,5.8,,,6.5,1.1,,23.5,21.7,6,11.3
xaomi,30,FEMALE,충북,2인가구,1,10,6.4,10,9.8,1.8,,2.6,7.8,,,18.3,11.7,5.5,9.5
xaomi,30,FEMALE,충북,,63,8.7,7.7,8.7,8,6.7,8,4,5.5,3.9,,26.9,23,7.9,12
xaomi,30,MALE,,1인가구,241,8.6,7.3,8.6,7.8,5.6,6.7,2,4.4,4.2,7.5,25.3,28,5.3,12.8
xaomi,30,MALE,,2인가구,79,8.5,7.2,8.5,7.6,6.2,7.2,2.4,4.7,6.2,7.4,24.7,27.6,5.1,13.1
xaomi,30,MALE,,키즈맘_초등생,35,8.8,7.4,8.8,8.2,6.5,7.5,3.2,4.1,7.7,8.2,25.3,27.7,5.6,12.5
xaomi,30,MALE,,,2114,8.5,7.3,8.5,7.8,5.7,6.8,3,4.8,5.1,7.5,24.9,24.6,6.3,11.6
xaomi,30,MALE,,키즈맘_미취학,113,8.7,7.2,8.7,7.9,6.4,7.1,3.7,5.1,5.7,7.2,26.5,27.9,5.8,13.1
xaomi,30,MALE,,키즈맘_중학생,15,8.8,7.1,8.8,7.2,5.8,10,0,4.1,9.1,,22.3,25.2,4.7,11.2
xaomi,30,MALE,,중년_자녀동거,246,8.5,7.3,8.5,7.8,5.7,7.6,4.3,4.5,6.5,7.5,24.2,25.9,5.2,12
xaomi,30,MALE,강원,키즈맘_미취학,13,9.6,7.8,9.6,7.4,5.7,8.3,4.2,5.6,0.1,,28.8,29.7,7.3,14
xaomi,30,MALE,강원,2인가구,8,4.5,7.2,4.5,8.2,3.1,,,3.8,0.1,,29.5,31.5,6.9,13.7
xaomi,30,MALE,강원,1인가구,18,10,7,10,8.1,5.3,7.9,0.5,4.8,0,,27.6,28.6,6,12.8
xaomi,30,MALE,강원,중년_자녀동거,19,4.5,7.7,4.5,7.9,6.2,6.4,2.7,6.1,8.7,,25.3,25.9,6.2,12.1
xaomi,30,MALE,강원,,147,8.7,7.2,8.7,7.4,6,6.1,1.8,4.9,6.3,,30.4,29.9,7.7,14.3
xaomi,30,MALE,강원,키즈맘_초등생,7,10,7.4,10,8.4,6.4,6.4,9.4,5.1,5.7,,25.5,25.1,5.9,11.9
xaomi,30,MALE,강원,키즈맘_중학생,2,,8,,9.8,2.1,6.4,,2.9,,,23.4,25.3,5,8.9
xaomi,30,MALE,경기,1인가구,234,8.6,7.4,8.6,7.8,6.5,7,3.4,4.9,7.1,7.7,25.3,27.6,5.7,12.8
xaomi,30,MALE,경기,중년_자녀동거,203,7.4,7.3,7.4,7.7,5.3,5.9,3.3,3.8,4.9,7.8,24.9,26.6,5.4,12.5
xaomi,30,MALE,경기,키즈맘_초등생,56,7.5,7.3,7.5,7.6,5.7,6.1,2.6,4.2,4.3,7.4,26.4,28,5.4,13.1
xaomi,30,MALE,경기,2인가구,67,8.8,7.3,8.8,8,6.4,6.4,6.8,4.9,5.7,7.3,26,27.2,5.3,13.1
xaomi,30,MALE,경기,키즈맘_미취학,178,8.6,7.4,8.6,7.7,6.5,6.7,3.6,4.6,5.6,7.5,26.9,27.9,6.1,12.8
xaomi,30,MALE,경기,키즈맘_중학생,10,7.7,7.5,7.7,8.6,5.5,10,0.2,5.9,0.8,,29.8,30.8,6.9,14.5
xaomi,30,MALE,경기,,1803,7.9,7.4,7.9,7.8,5.9,6.4,3.5,4.7,5.6,7.4,24.9,24.1,6.3,11.4
xaomi,30,MALE,경남,중년_자녀동거,39,8,7.2,8,8.2,4.7,6.1,2.1,3.6,4,7.3,23.7,25.5,4.9,11.9
xaomi,30,MALE,경남,키즈맘_초등생,18,10,7.3,10,8,4.1,6.4,3.5,4.4,2,7.2,22,22.5,4.7,10.6
xaomi,30,MALE,경남,1인가구,42,7,7.5,7,8,6.2,7,3.2,4.6,4.1,,25.4,25.6,5.5,12
xaomi,30,MALE,경남,키즈맘_미취학,26,8.6,7,8.6,7.7,6.8,7.8,0.4,4.2,,,26.3,28.1,5.7,12.9
xaomi,30,MALE,경남,,287,8.5,7.3,8.5,8.1,5.6,6.8,3.2,4.6,5.6,7.6,26.8,26.6,6.7,12.5
xaomi,30,MALE,경남,2인가구,12,6.7,7.2,6.7,8.5,4.4,6.4,,4.2,,,27.5,29,6.1,12.6
xaomi,30,MALE,경북,키즈맘_중학생,1,10,7.7,10,9.8,9.9,,,9.9,2,,38.8,39.4,9.8,19.7
xaomi,30,MALE,경북,1인가구,28,8.6,7.3,8.6,7.6,6.1,7.6,0.9,5.2,6.4,,27.8,30.7,6.1,14.4
xaomi,30,MALE,경북,,220,9.4,7.4,9.4,7.5,5.7,5.6,3.5,4.8,4.2,,26.6,26.5,6.4,12.8
xaomi,30,MALE,경북,중년_자녀동거,27,9.3,7.1,9.3,6.6,4.4,6.4,1.7,4.3,4.7,,25.7,27,5.8,12.2
xaomi,30,MALE,경북,키즈맘_미취학,22,8,7.2,8,7.5,6.6,7,7.2,4.9,5.2,,27.2,29.4,6.2,13.6
xaomi,30,MALE,경북,키즈맘_초등생,12,8.8,7.3,8.8,8.6,3.6,,1.5,5.6,8.7,,25.7,27.1,5.6,12.5
xaomi,30,MALE,경북,2인가구,6,6.7,7.2,6.7,8.6,8.1,6.4,0,4.9,,,25.5,25.6,5.6,12.5
xaomi,30,MALE,광주,,145,9.2,7.6,9.2,7.7,5.7,6.4,5.1,5.4,5.4,,28.3,26.7,7.4,12.7
xaomi,30,MALE,광주,2인가구,4,10,6.2,10,8.5,9.5,6,,8.9,8.8,,22.2,22.5,5.9,10.5
xaomi,30,MALE,광주,중년_자녀동거,25,9,7.4,9,7.1,5.5,6.4,6.1,3.6,3.9,,24.7,26.1,5.4,12.8
xaomi,30,MALE,광주,1인가구,20,8.6,7.5,8.6,7.6,6.4,,4,6.1,3.9,,29.3,31.1,6.9,13.8
xaomi,30,MALE,광주,키즈맘_중학생,1,,6.3,,,1,,,8.1,,,26.8,30.3,6.7,12.1
xaomi,30,MALE,광주,키즈맘_초등생,6,5,7.7,5,8.2,6.8,7.7,0.2,6.1,0.1,,27.6,28.6,6.4,13.8
xaomi,30,MALE,광주,키즈맘_미취학,15,8.5,7.7,8.5,6.7,6.9,,3.1,5.8,7.7,,27.4,28.6,6,14
xaomi,30,MALE,대구,,191,8.6,7.3,8.6,7.6,6.3,6.4,2.6,4.8,4.9,,26.4,26.6,6.4,12.8
xaomi,30,MALE,대구,1인가구,29,9.6,7.6,9.6,7.4,6,7.6,3.2,5.5,5.3,,26.5,28.9,5.7,13.6
xaomi,30,MALE,대구,키즈맘_미취학,16,7.5,7.8,7.5,7.4,7.3,6.4,2.8,4,4,,26.5,27.8,5.6,13.1
xaomi,30,MALE,대구,2인가구,9,10,6.9,10,8.2,4.9,6.4,4.8,5.3,7.8,,21.1,23,3.9,10.9
xaomi,30,MALE,대구,중년_자녀동거,17,7.5,7.3,7.5,8.5,4.2,,0.2,3.4,,,25.3,26.8,5.7,12.6
xaomi,30,MALE,대구,키즈맘_초등생,6,8.8,7.2,8.8,9.3,6.6,8.8,5.6,5.2,7.8,,23.4,26.5,5,12.5
xaomi,30,MALE,대전,,225,9.1,7.5,9.1,7.7,5.6,8.9,3.5,4.2,2.8,7.4,29.4,29.1,7.4,13.3
xaomi,30,MALE,대전,2인가구,11,8.8,7.3,8.8,7.9,6.4,3.6,8,5.2,5.8,,21.6,21.9,4.6,10.3
xaomi,30,MALE,대전,키즈맘_중학생,4,,7,,8.8,6.4,6.4,0.5,3.9,,,23,24.2,4.7,11.1
xaomi,30,MALE,대전,중년_자녀동거,27,6.3,7.5,6.3,7.9,5.1,6.4,2.1,4.6,7.9,,26.1,26.7,5.9,13
xaomi,30,MALE,대전,키즈맘_초등생,9,8.3,7.1,8.3,8.3,4.3,6.4,0,3.3,,,28.7,30,5.9,13.5
xaomi,30,MALE,대전,키즈맘_미취학,20,9.5,7.3,9.5,7.9,6.2,3.2,8.3,3.6,5.2,7.4,27.2,28.9,6.2,13.1
xaomi,30,MALE,대전,1인가구,37,9.6,7.4,9.6,8.4,5.2,6.4,4.3,3.8,8.3,7.5,26.9,29.5,5.7,13.6
xaomi,30,MALE,부산,키즈맘_초등생,16,10,7.6,10,8.4,4.5,0,8.5,4.4,,,27,29.3,6.1,13.2
xaomi,30,MALE,부산,1인가구,42,8.2,7.4,8.2,7.7,5.5,6.4,4.3,3.6,4.2,7.4,24.1,25.5,5.2,12
xaomi,30,MALE,부산,키즈맘_미취학,32,9.6,7.5,9.6,7.4,6.4,6.4,0.1,3.9,2.9,,27,28.4,5.9,13.8
xaomi,30,MALE,부산,2인가구,17,6.6,7.4,6.6,8.1,5.9,8.8,3.9,3.3,6.1,,24,24.2,5.6,11.5
xaomi,30,MALE,부산,키즈맘_중학생,2,10,6.9,10,8.6,8.6,,,0.4,,,24.3,28.2,4.6,13
xaomi,30,MALE,부산,중년_자녀동거,58,8.3,7.5,8.3,7.8,5.1,6.9,4.1,4.1,4.2,,25.1,26.7,5.5,12.3
xaomi,30,MALE,부산,,377,8.6,7.5,8.6,7.8,5.7,5.8,3.6,4,6.6,7.3,29.1,27.7,7.5,13
xaomi,30,MALE,서울,키즈맘_초등생,19,10,7.6,10,7.4,5.5,10,0.1,5.6,6.7,,28.1,29.4,6.3,13.1
xaomi,30,MALE,서울,1인가구,184,8,7.3,8,8.2,6.2,7,2.8,5,6,7.7,26.1,27.9,5.8,12.9
xaomi,30,MALE,서울,키즈맘_중학생,4,10,7.4,10,8.3,4.9,,,2.4,,7.3,29.7,30.8,7.6,15.3
xaomi,30,MALE,서울,키즈맘_미취학,97,8.8,7.4,8.8,7.9,6.7,8,2.6,4.2,5.6,7.8,27.2,28.6,5.8,13.3
xaomi,30,MALE,서울,2인가구,55,8.3,7.5,8.3,8,6.4,7.1,3.5,5.4,6.6,7.2,24.9,27.1,5.5,12.1
xaomi,30,MALE,서울,,1364,7.8,7.4,7.8,7.9,6.5,7.8,3.3,5.1,5.7,7.7,25.4,25,6.3,11.9
xaomi,30,MALE,서울,중년_자녀동거,147,8.1,7.6,8.1,8.1,5.8,6.9,3.3,3.4,4.5,7.8,25.4,27.5,5.7,12.7
xaomi,30,MALE,세종,키즈맘_초등생,1,,6.9,,8.9,8.9,,0.2,,,,29.1,29.8,5,13.7
xaomi,30,MALE,세종,키즈맘_중학생,2,,9.6,,4.7,5.2,,8.9,8.4,,,22.2,21,4.2,11.1
xaomi,30,MALE,세종,키즈맘_미취학,7,6.9,7.8,6.9,8.6,9.5,8.5,9.1,5.8,6.3,7.4,27,25.7,5.4,12.9
xaomi,30,MALE,세종,,43,10,7.4,10,9.3,8.1,1.4,3.3,5.3,3.9,,31.9,29.9,8.4,13.7
xaomi,30,MALE,세종,1인가구,6,10,7.7,10,6.8,6.4,,0,3.5,,,26.4,26.6,5.4,12.8
xaomi,30,MALE,세종,중년_자녀동거,5,5,7.1,5,8.1,5.5,6.4,,4.5,,,31.4,33.6,7,15.8
xaomi,30,MALE,울산,키즈맘_초등생,5,10,7,10,7.7,1.2,,0,7.4,,,26.4,27.5,5.7,12.5
xaomi,30,MALE,울산,,132,9.5,7.4,9.5,6.6,5.8,6.4,4.5,4.5,8.9,7.2,26.2,26,6.6,12.4
xaomi,30,MALE,울산,1인가구,19,7.8,7.8,7.8,8.7,5.8,,4.3,4.6,,,23.2,24.2,4.9,11.5
xaomi,30,MALE,울산,중년_자녀동거,18,8.6,7.1,8.6,8.1,6.8,,4,4.8,0.2,7.7,23.2,27.6,4.6,12.6
xaomi,30,MALE,울산,키즈맘_미취학,16,9.3,7.2,9.3,7.3,6.1,6.4,0.1,4.5,7.7,,29.8,31,7.4,15.5
xaomi,30,MALE,울산,2인가구,7,7.3,6.8,7.3,4.3,4,,4,5.3,,,27,26.5,6,13.2
xaomi,30,MALE,인천,,408,8.5,7.3,8.5,7.9,5.6,6.3,3.1,5.3,3.9,7.6,24,22.7,6.4,10.9
xaomi,30,MALE,인천,중년_자녀동거,48,8.1,7.4,8.1,7.5,4.2,4.5,3,3.8,3.6,7.7,25.8,28.3,5.3,13.3
xaomi,30,MALE,인천,키즈맘_미취학,50,7.6,7.3,7.6,7.9,6.9,5.6,1.6,4.5,5.6,7.5,27.6,28.8,5.9,13.1
xaomi,30,MALE,인천,2인가구,14,9.2,7,9.2,7,7.4,6.4,2.8,4.8,5.8,,23.1,24.4,4.7,11.5
xaomi,30,MALE,인천,키즈맘_중학생,6,10,7.8,10,7.4,6.8,9,0,3.2,1.8,,30.2,31.5,7.6,12.5
xaomi,30,MALE,인천,1인가구,50,8.3,7.3,8.3,7.3,6.3,8.2,0.2,4.8,4.8,8.1,25.3,27.2,5.9,12.4
xaomi,30,MALE,인천,키즈맘_초등생,4,0,7.3,0,7.6,3,,0.3,2.1,,,26.3,29.2,5.6,14
xaomi,30,MALE,전남,중년_자녀동거,15,9.7,7.1,9.7,7.7,6.3,6.4,8,3.8,7.7,,24.7,26.3,5.1,12
xaomi,30,MALE,전남,키즈맘_미취학,11,5.7,7.6,5.7,7.1,5.9,10,5.6,3.6,2,,25.2,24.3,6,10.3
xaomi,30,MALE,전남,2인가구,6,6.7,7.4,6.7,8.2,7.5,6.4,3.2,3,7.7,7.2,27.3,26.5,6.2,13.3
xaomi,30,MALE,전남,키즈맘_중학생,1,10,7.4,10,7.8,1.8,,,0.2,,,0.5,0.5,0.1,0.3
xaomi,30,MALE,전남,키즈맘_초등생,6,10,7.2,10,9.4,5.4,,8,6.5,4,,23.1,23.7,5.8,11.2
xaomi,30,MALE,전남,,117,10,7.5,10,8.1,6.6,6.4,2.4,4.9,6.7,7.5,26.5,26.2,6.7,12.4
xaomi,30,MALE,전남,1인가구,18,10,7.6,10,7.3,5,6.4,4,4.2,0.1,,25.4,27.7,5.1,12.9
xaomi,30,MALE,전북,키즈맘_미취학,18,9,7.6,9,8.1,5.3,,0.9,5.2,7.7,7.5,28.7,29.8,6.3,14.2
xaomi,30,MALE,전북,2인가구,1,10,6.3,10,9.5,1.2,,,,,,26.1,30.1,4.9,14.6
xaomi,30,MALE,전북,중년_자녀동거,18,8,7.6,8,7.9,6.8,6.4,0,6.1,4.8,,28.5,28.8,6.9,13.6
xaomi,30,MALE,전북,,136,8.2,7.5,8.2,7.8,6.1,5.8,3.4,4.3,1.3,,26.8,27.2,6.7,13
xaomi,30,MALE,전북,1인가구,18,5,7.2,5,7.7,5.9,6.4,0.3,4,,,26.6,28.4,5.6,13.1
xaomi,30,MALE,전북,키즈맘_중학생,4,10,6.9,10,9.6,3.4,,,4.1,,,19.6,20.9,3.7,9.8
xaomi,30,MALE,전북,키즈맘_초등생,7,10,7.3,10,8.9,5.8,,,4.8,7.7,,28.1,30.4,6.7,14.3
xaomi,30,MALE,제주,중년_자녀동거,12,10,7.9,10,8.3,3.4,,6.6,4.5,0.1,,28.6,29.7,6.3,13.9
xaomi,30,MALE,제주,,53,,7.6,,7.7,6,10,2.1,5.6,8,,25.7,24.7,7,11.4
xaomi,30,MALE,제주,키즈맘_중학생,1,,8.2,,8.8,4.2,,,2.2,3.9,,29.4,32.6,6.7,11.7
xaomi,30,MALE,제주,2인가구,7,10,7.9,10,6.9,7.7,,9.4,4.4,,,26.2,26.8,6.4,13.7
xaomi,30,MALE,제주,키즈맘_미취학,3,,7.6,,9.4,1,,,2.2,,,28.5,31.9,6.4,14.2
xaomi,30,MALE,제주,1인가구,5,10,7.3,10,8.1,6.5,,,8.9,,,31.1,32.6,7.2,15.1
xaomi,30,MALE,충남,,291,7.6,7.1,7.6,7.8,5.6,5.5,3.7,4.6,5.4,,21.8,20.6,5.7,9.6
xaomi,30,MALE,충남,2인가구,11,8.9,7,8.9,7.6,6.9,,4.9,3.6,0.2,,28.5,28.7,6.3,13.5
xaomi,30,MALE,충남,키즈맘_중학생,8,10,7.5,10,8.1,5,6.4,8,3.8,,,25.2,26.3,5.9,12
xaomi,30,MALE,충남,키즈맘_미취학,19,4.6,7.3,4.6,7.1,6.7,6.4,0.4,4.1,2.5,7.4,29,28.6,6.8,13.2
xaomi,30,MALE,충남,중년_자녀동거,27,6.7,7.5,6.7,7.7,6.4,6.4,4.2,5,5.4,,25.8,26.2,5.8,12.6
xaomi,30,MALE,충남,1인가구,41,6.9,7.4,6.9,8.2,6.2,8.2,3.7,4.1,,7.3,25.8,27.2,5.5,12.9
xaomi,30,MALE,충남,키즈맘_초등생,16,8.8,7.3,8.8,7.7,3.8,6.4,4,3.7,0.1,,26.2,26.6,5.4,12.9
xaomi,30,MALE,충북,2인가구,7,10,8,10,8.2,5.8,6.4,1.9,4.7,3.3,,24.9,27.3,5.6,13.6
xaomi,30,MALE,충북,키즈맘_중학생,2,,7.3,,8,5.5,,0,0.4,,,30.2,28.8,4.9,15.2
xaomi,30,MALE,충북,키즈맘_초등생,14,8.7,7.5,8.7,7,6.3,6.4,0.4,5.2,0.7,,27.9,29.2,6,13.5
xaomi,30,MALE,충북,키즈맘_미취학,23,8.1,7.1,8.1,7.8,5.4,6.4,4.2,5.8,2.7,,24.6,25,5.5,11.8
xaomi,30,MALE,충북,1인가구,35,7.8,7.4,7.8,7.7,6.3,6.4,3.1,3.8,5.8,7.3,25.5,26.7,6,12.5
xaomi,30,MALE,충북,,194,8.8,7.6,8.8,8.2,6.6,6.4,2.2,5.3,6.1,8.5,28.9,28.2,7.5,13.5
xaomi,30,MALE,충북,중년_자녀동거,19,7.7,7.6,7.7,8.2,5.1,6.4,4,5,6.2,7.6,25.4,29.8,5.4,13.2
xaomi,40,FEMALE,,2인가구,36,8.3,7.3,8.3,8.1,4.6,1.3,3.6,2.2,1.7,7.8,24.8,24.9,6.6,12.7
xaomi,40,FEMALE,,중년_자녀동거,95,9.2,7.4,9.2,7.7,5.3,8.5,3.1,4.8,3.4,7.7,24,23.8,6.1,12.5
xaomi,40,FEMALE,,키즈맘_미취학,21,10,7.3,10,7.4,7.1,8.8,4.1,4.2,0.1,7.9,26,26.7,6.6,12.9
xaomi,40,FEMALE,,,694,8.6,7.3,8.6,7.7,5.5,7,2.4,4.7,3.9,7.8,24.9,22.5,6.8,11.6
xaomi,40,FEMALE,,키즈맘_초등생,60,8.1,7.2,8.1,7.4,4.4,4.7,2.5,4.3,6.6,,24.6,23.2,6.2,12.4
xaomi,40,FEMALE,,1인가구,54,7.9,7.4,7.9,7.6,4.5,5,2.3,5.2,5.2,7.8,23.5,24,5.9,12.2
xaomi,40,FEMALE,,키즈맘_중학생,64,6.6,7,6.6,8,4.3,4.4,2.1,4.1,3.2,,25.6,25.8,6.1,13.5
xaomi,40,FEMALE,강원,중년_자녀동거,16,8.5,7.6,8.5,8,5.5,8,3.2,4.5,7.8,,23.9,24.7,6,12.9
xaomi,40,FEMALE,강원,키즈맘_미취학,1,10,,10,6.6,8.8,8.8,0.2,0.2,,,26.5,27,6.8,11.3
xaomi,40,FEMALE,강원,키즈맘_중학생,9,9.1,7.3,9.1,6.6,5.8,8,3.2,5.7,,,20.3,20.5,4.6,11.3
xaomi,40,FEMALE,강원,1인가구,3,10,7.7,10,8.7,5.6,,,5.9,,,26.8,24.6,8.2,12.2
xaomi,40,FEMALE,강원,키즈맘_초등생,10,8.6,7.2,8.6,7.3,6.9,8,0.4,5.7,2.8,,20,20.9,4,11.5
xaomi,40,FEMALE,강원,,56,7.5,7.2,7.5,7.3,6.4,8,5,5.2,,,26.9,24.5,7.3,12.1
xaomi,40,FEMALE,경기,1인가구,67,8.4,7.5,8.4,8,6.1,8,2.6,4.4,3.5,7.5,26.2,26.2,6.5,13.8
xaomi,40,FEMALE,경기,2인가구,32,8.9,7.3,8.9,7.9,5.7,8,2.3,4.8,0.1,,24.9,23.7,6.3,12.2
xaomi,40,FEMALE,경기,중년_자녀동거,124,7.8,7.4,7.8,7.4,4.9,8.3,3.6,3.9,5.4,7.8,24.3,24.3,5.8,12.7
xaomi,40,FEMALE,경기,,912,7.7,7.4,7.7,7.6,5.5,8.4,4,4.7,4.9,7.8,24.6,22.1,6.9,11.3
xaomi,40,FEMALE,경기,키즈맘_중학생,133,8,7.4,8,8,5.4,8.2,3.9,4.5,4.4,,25.1,25,6.2,13.1
xaomi,40,FEMALE,경기,키즈맘_미취학,36,8.8,7.4,8.8,8.3,6.3,6.5,2.5,3.6,0.1,,24,23.1,6,12
xaomi,40,FEMALE,경기,키즈맘_초등생,111,8.2,7.3,8.2,7.5,5,7.6,3.4,4,3.9,,23.9,23.5,6,12.4
xaomi,40,FEMALE,경남,1인가구,12,10,6.9,10,7.5,2,8,0.1,4.5,8.5,,25.6,25.3,6.2,13.6
xaomi,40,FEMALE,경남,키즈맘_미취학,6,10,7.2,10,8.4,6.1,8,0,6.3,4.7,,25.2,23.8,6.8,12.3
xaomi,40,FEMALE,경남,2인가구,2,,8.2,,7.3,5.2,,0,2,,,22.7,25,4.3,14.6
xaomi,40,FEMALE,경남,,125,10,7.4,10,7.4,3.5,8,3,4.2,3.9,,28.3,25.1,8.2,13.2
xaomi,40,FEMALE,경남,키즈맘_중학생,14,5.6,7,5.6,8.1,3.4,8.2,2.5,2.7,5.7,,20.7,20.1,4.8,11.2
xaomi,40,FEMALE,경남,중년_자녀동거,19,8.9,7.3,8.9,7.4,5.2,8,3.1,3.9,3.9,,27.5,28.2,6.9,14.2
xaomi,40,FEMALE,경남,키즈맘_초등생,15,8.6,7.7,8.6,8.7,4.9,8,5.8,3.3,7.7,,22.1,21.1,5.8,11.6
xaomi,40,FEMALE,경북,1인가구,15,10,6.7,10,6.1,4.1,8,0.1,4.1,,,25.6,26.2,6.2,13.6
xaomi,40,FEMALE,경북,키즈맘_미취학,3,10,6.9,10,5.7,1.6,8,,3.4,,,21.7,22.6,5.4,12.5
xaomi,40,FEMALE,경북,키즈맘_초등생,16,8.5,7.3,8.5,6.5,4.9,8,1,3.8,3.9,,28.8,28.7,7.4,14.5
xaomi,40,FEMALE,경북,,111,7,7.4,7,8.1,5.8,,2.7,5.5,0.1,,26.7,23.4,7.7,12.1
xaomi,40,FEMALE,경북,중년_자녀동거,15,8.3,7.7,8.3,8.1,4.9,,2.2,4.2,2.6,,24.6,25.1,6.3,13.2
xaomi,40,FEMALE,경북,2인가구,3,10,7.6,10,9.7,8.3,,4.1,3.8,,,21.1,23.1,5.4,11.1
xaomi,40,FEMALE,경북,키즈맘_중학생,18,8.6,7.4,8.6,8.1,3.7,10,1.8,4.7,4.2,,26.3,28,5.7,14.9
xaomi,40,FEMALE,광주,키즈맘_초등생,11,4.1,7.2,4.1,8.6,3.9,10,5.4,4,4.8,,24.7,25.7,6.2,12.8
xaomi,40,FEMALE,광주,중년_자녀동거,13,8,7.3,8,7.5,7.1,,8,4.6,5,,25.4,25.4,6.6,13.2
xaomi,40,FEMALE,광주,,65,6,7,6,7.6,6.1,4.1,0.1,4.6,0.1,,29.5,26.8,8.5,13
xaomi,40,FEMALE,광주,키즈맘_미취학,2,,6.8,,8.2,5,,,2.8,,,17.7,15.3,5.3,8.9
xaomi,40,FEMALE,광주,2인가구,3,10,6.3,10,8,3.4,,,3.5,,,14,11.7,4.6,7.5
xaomi,40,FEMALE,광주,키즈맘_중학생,14,10,7.2,10,8.1,3.5,,4.3,2.8,8.7,,25.1,24.6,5.7,12.4
xaomi,40,FEMALE,광주,1인가구,3,,7.7,,5.6,2.6,,0,3.7,9.5,,39.2,38.5,9.8,19.2
xaomi,40,FEMALE,대구,키즈맘_미취학,5,10,7.5,10,8,4.3,,0,6.1,,,24.1,23.6,6,12.3
xaomi,40,FEMALE,대구,,85,9.3,7.3,9.3,7.8,6.7,,1.5,6.2,0.1,,24.9,22.4,7,11.2
xaomi,40,FEMALE,대구,중년_자녀동거,17,10,7.1,10,7.8,3.7,9,4,3.4,5.3,,24.7,23.8,6.1,13
xaomi,40,FEMALE,대구,2인가구,3,10,8,10,8.1,5.5,8,4.6,1.2,,,22.1,26.2,6.3,11.4
xaomi,40,FEMALE,대구,1인가구,4,6.2,8.3,6.2,7.7,3.9,,2.7,3.1,4.4,,30.6,28.6,8.6,15.2
xaomi,40,FEMALE,대구,키즈맘_중학생,8,6,7.8,6,6.8,5.3,8,4.2,6.9,3.9,,25.8,27.3,6.1,13.7
xaomi,40,FEMALE,대구,키즈맘_초등생,16,10,7.1,10,8.6,2.8,8.8,0.5,3.1,,,22.9,22.7,5.2,12.1
xaomi,40,FEMALE,대전,키즈맘_중학생,19,8.5,7.4,8.5,8.2,5.9,8,3,5.5,7.8,,24.9,25.2,5.6,14
xaomi,40,FEMALE,대전,1인가구,6,10,8.4,10,8.6,5.5,5.4,8,3.9,4,,16.9,18.5,3.8,9.7
xaomi,40,FEMALE,대전,키즈맘_미취학,1,10,7.6,10,9.3,5.9,9.8,8.3,0.8,0.1,,34.8,31.6,8.9,11
xaomi,40,FEMALE,대전,중년_자녀동거,11,8.1,7.1,8.1,7.9,5.9,8,2.7,3.5,,,23,21.6,5.1,11.7
xaomi,40,FEMALE,대전,2인가구,11,10,7.2,10,7.9,3.2,8,2.5,1.9,,,27.4,28.7,5.9,15.2
xaomi,40,FEMALE,대전,,89,7.5,7.8,7.5,6.9,4.1,,4.3,4.6,2.6,,28.5,25.7,7.8,13.5
xaomi,40,FEMALE,대전,키즈맘_초등생,12,10,7.2,10,7.3,3.9,,8,3.8,5.2,,24.3,24.6,5.7,13.1
xaomi,40,FEMALE,부산,중년_자녀동거,29,10,7.5,10,8.3,5.5,8.4,7,4.4,5.7,,24.4,23.5,6.4,12.5
xaomi,40,FEMALE,부산,키즈맘_미취학,10,8,7.8,8,7.3,6.4,8,3.3,5.9,2.7,,20.9,20.9,5.3,11.3
xaomi,40,FEMALE,부산,키즈맘_중학생,23,8.9,7.4,8.9,8.3,3.6,,4.7,3.1,8.9,,27.6,27.8,6.7,13.9
xaomi,40,FEMALE,부산,1인가구,13,8.4,7.4,8.4,6.3,4,8.2,4.6,3.8,4.9,,23.8,21.9,6.4,11.2
xaomi,40,FEMALE,부산,,202,8.1,7.4,8.1,7.3,4,8.9,2.5,2.2,5.5,7.6,25.2,22,7,11.4
xaomi,40,FEMALE,부산,2인가구,5,10,6.9,10,6.6,5.9,,8,3.7,,,20.7,18.9,5.5,10.5
xaomi,40,FEMALE,부산,키즈맘_초등생,31,8.8,7.5,8.8,7.9,4.2,5.1,3.7,4.9,4.8,,26.4,25.6,6.7,13.4
xaomi,40,FEMALE,서울,키즈맘_미취학,23,8.6,7.3,8.6,8.6,6,8,4.4,4.2,3.1,7.5,26.9,25.2,6.6,13.7
xaomi,40,FEMALE,서울,키즈맘_초등생,41,8.5,7.3,8.5,7.7,5,7.9,4.6,3.6,6.2,7.9,24.9,24.9,5.9,13
xaomi,40,FEMALE,서울,,538,8.6,7.2,8.6,8,5.5,8.2,4.3,4.7,6.2,7.9,25.8,23.5,7,12
xaomi,40,FEMALE,서울,2인가구,19,7.4,7.1,7.4,7.4,5.6,8.1,0.2,5.4,2.5,,26.5,25.5,6.9,13.1
xaomi,40,FEMALE,서울,키즈맘_중학생,58,7.3,7.2,7.3,8,5.3,6.7,3.1,3.9,5.9,8.3,25.1,25.1,6,13.1
xaomi,40,FEMALE,서울,중년_자녀동거,87,8.6,7.3,8.6,7.9,5.5,8,4,4.1,5.7,7.7,24.3,24.1,5.8,12.9
xaomi,40,FEMALE,서울,1인가구,48,8,7.3,8,7.8,5.7,6.9,4.9,4.5,3.9,8.3,24.3,24,5.6,12.8
xaomi,40,FEMALE,세종,2인가구,2,10,6.2,10,7.9,0.6,,0,3.8,,,27.6,28.4,5.5,16
xaomi,40,FEMALE,세종,중년_자녀동거,7,10,7.2,10,7.5,5.4,8,0.2,3.9,,,26.8,27.6,7.2,13.6
xaomi,40,FEMALE,세종,1인가구,2,10,7.9,10,8.9,9.8,,9.2,0.8,,,22.1,25.2,3.9,15
xaomi,40,FEMALE,세종,,31,10,6.5,10,5.6,5,4.5,,4.7,7.6,,27,22.6,6.8,11.3
xaomi,40,FEMALE,세종,키즈맘_중학생,7,10,7.4,10,7.7,5.4,,4.3,2.5,,,23.9,23.3,6.2,11.7
xaomi,40,FEMALE,세종,키즈맘_미취학,2,10,7.9,10,8.9,9.3,,0,5.2,,,26,24.8,8.1,14.1
xaomi,40,FEMALE,세종,키즈맘_초등생,2,10,8,10,9,5,,8.3,5.7,,,26.2,29.6,5.3,16.4
xaomi,40,FEMALE,울산,키즈맘_초등생,5,6.7,6.9,6.7,7.9,4.3,,,2,4.1,,26.1,28.2,5.5,14.2
xaomi,40,FEMALE,울산,,53,5.7,7.2,5.7,7.4,3.8,,0.4,2.2,3.2,8,30.2,28.7,8.4,14.4
xaomi,40,FEMALE,울산,중년_자녀동거,8,5,7.2,5,8.4,3.5,9,0,4.1,7.6,,20.2,21.9,5,11.5
xaomi,40,FEMALE,울산,2인가구,3,10,8.2,10,9.3,6.2,,0,2.9,,,18.4,18.5,4.6,8.8
xaomi,40,FEMALE,울산,1인가구,6,,7.8,,8,6.4,8,0,4.6,6,,24.9,25.4,5.5,12.7
xaomi,40,FEMALE,울산,키즈맘_중학생,12,7.5,7.5,7.5,6.8,4.6,8,0.2,2.6,7.9,,25.6,26,6.2,13.2
xaomi,40,FEMALE,인천,키즈맘_중학생,39,7.8,7.4,7.8,8,4.8,9,2,3.8,3.5,8.3,23.7,23.6,5.8,11.8
xaomi,40,FEMALE,인천,중년_자녀동거,35,8.8,7.2,8.8,6.6,5.3,8,0.1,4.3,3.7,,26.2,25.6,6.8,12.9
xaomi,40,FEMALE,인천,키즈맘_미취학,3,,6.3,,4,4.2,,0.6,4.5,,,10.7,8.3,2.7,5.6
xaomi,40,FEMALE,인천,2인가구,6,7.9,6.8,7.9,7.5,2.7,8,3.2,4.7,3.9,,25,23.6,7.1,12.6
xaomi,40,FEMALE,인천,키즈맘_초등생,33,8.3,7.3,8.3,7.6,4.2,8,3.3,3.8,4.4,,26.8,26.6,6.4,13.4
xaomi,40,FEMALE,인천,1인가구,7,6,7,6,7.9,5.3,,0.2,5.5,7.6,,21.1,22.4,5.2,11.4
xaomi,40,FEMALE,인천,,207,7.8,7.3,7.8,7.2,4.6,7.1,3.8,4,3.9,7.7,23.7,21.2,6.9,10.9
xaomi,40,FEMALE,전남,키즈맘_초등생,3,10,7,10,8.6,4,,,6.2,,,24,20.7,5.3,11.6
xaomi,40,FEMALE,전남,1인가구,1,10,7.3,10,9.3,9.7,,,8.7,8,,24.2,13.8,3.8,11.8
xaomi,40,FEMALE,전남,,44,5,7.1,5,6.9,4,,0.6,6.7,7.9,,24.5,21.3,7.2,11.5
xaomi,40,FEMALE,전남,키즈맘_미취학,1,10,8.9,10,9.4,1.4,,,1,9.4,,13.1,9.3,2,11.7
xaomi,40,FEMALE,전남,키즈맘_중학생,10,8.1,7.2,8.1,7.1,3.1,,5.8,4.4,,,25.8,27.4,5.7,13.6
xaomi,40,FEMALE,전남,중년_자녀동거,7,,7.4,,7.3,5.2,9.3,0,5.9,,,30,28.7,8,14.9
xaomi,40,FEMALE,전북,키즈맘_중학생,10,9.1,7.2,9.1,5.5,3.3,8,8,4.6,7.8,,24.5,24.2,5.5,13.8
xaomi,40,FEMALE,전북,1인가구,3,0.1,7.6,0.1,9.7,8,8,0,4.9,,,23,25.6,5,13.6
xaomi,40,FEMALE,전북,2인가구,1,,7.3,,8,0.6,,,,,,15.8,8.2,6.8,6.3
xaomi,40,FEMALE,전북,,67,6.5,7.1,6.5,7.5,4.3,8,4.1,4.2,3.9,,26.5,22.9,7.5,11.8
xaomi,40,FEMALE,전북,키즈맘_초등생,12,8.7,7.2,8.7,7.4,6.2,8,8.3,7.3,5.5,,24.7,21.2,6.1,11.3
xaomi,40,FEMALE,전북,중년_자녀동거,13,8.3,7.7,8.3,7.8,7.1,10,2.7,6.2,,,19.6,19.8,4.5,10.5
xaomi,40,FEMALE,제주,중년_자녀동거,5,7.4,7.8,7.4,6.8,4,,4.2,2.7,,,34.2,33,8.4,15.6
xaomi,40,FEMALE,제주,,38,5.6,7.4,5.6,7.2,3.1,,5.3,2.4,6.9,,26.4,23.2,7.7,11.6
xaomi,40,FEMALE,제주,키즈맘_초등생,4,5,6.6,5,9.2,0.9,,,4.3,7.7,,16.6,15,4.1,8.6
xaomi,40,FEMALE,제주,2인가구,1,,,,,1,,,,,,13.1,15.7,1.6,9.3
xaomi,40,FEMALE,제주,1인가구,6,10,7.3,10,3.5,4.3,8,4,4.8,2.2,8.1,20.9,19.6,4.6,11.2
xaomi,40,FEMALE,제주,키즈맘_중학생,6,10,6.8,10,8.7,3.2,8,0.9,2.8,8,,30.9,27.1,8.7,15.3
xaomi,40,FEMALE,충남,2인가구,3,10,7.6,10,7,6.8,8,0.2,3.6,,,29.2,29.4,8,15.6
xaomi,40,FEMALE,충남,,126,8.5,7.5,8.5,7.3,5.6,,5.1,4.7,3.8,,24,22.2,6.9,10.9
xaomi,40,FEMALE,충남,키즈맘_초등생,19,6.1,7.3,6.1,7.5,5.7,8,2.9,5.5,7.6,,21.2,21.5,5,11.5
xaomi,40,FEMALE,충남,키즈맘_미취학,3,10,6.9,10,8,4,8,,3.7,8,,20.1,13.8,5.9,9.1
xaomi,40,FEMALE,충남,중년_자녀동거,25,10,6.9,10,7.8,4.4,10,2.6,4.5,7.9,7.7,26.8,26.4,7.2,13.8
xaomi,40,FEMALE,충남,1인가구,12,10,7.2,10,8.3,4.9,8,6.7,3.4,0.1,,22.2,25,4.6,12.7
xaomi,40,FEMALE,충남,키즈맘_중학생,13,10,7.1,10,8.1,5.1,,6.7,5.7,0.1,7.7,23.3,24,5.5,12.8
xaomi,40,FEMALE,충북,키즈맘_초등생,12,5.8,7,5.8,7.5,5.7,,4.4,4.3,,7.5,22.7,22.4,5.4,11.9
xaomi,40,FEMALE,충북,,77,7.5,7.5,7.5,6.6,6,8,2.7,4.8,0.2,,28.6,25,8.3,13
xaomi,40,FEMALE,충북,키즈맘_중학생,7,10,7.4,10,7.1,4.9,8,8,4,7.6,,23.4,25.7,5.8,12.9
xaomi,40,FEMALE,충북,2인가구,3,10,7.7,10,8.9,3.3,8,8,1.8,,,17.6,17.4,4.7,9.4
xaomi,40,FEMALE,충북,1인가구,14,10,7.8,10,7,4.5,6.6,0,4.4,7.6,,22.6,24.9,4.6,14.2
xaomi,40,FEMALE,충북,중년_자녀동거,7,7.8,7.2,7.8,8.8,7.1,8,0.7,4.1,,,25.9,27.4,6.5,13.3
xaomi,40,FEMALE,충북,키즈맘_미취학,2,10,8.5,10,8,3.7,8,8,1.8,,,20.7,20.2,3.5,12.8
xaomi,40,MALE,,2인가구,97,8.2,7.2,8.2,7.5,5.5,8.7,4.1,3.4,6.6,,23.5,25.7,5.1,12
xaomi,40,MALE,,키즈맘_중학생,132,8,7.2,8,7.9,4.8,5.6,2.3,3.2,5.7,,24.2,27.9,5,13.2
xaomi,40,MALE,,키즈맘_초등생,162,7.7,7.2,7.7,7.9,5.1,5.6,3.4,3.3,4.9,7.6,23.9,27.5,5,12.8
xaomi,40,MALE,,시니어,1,7.2,7.6,7.2,7.9,0.6,0.5,,,,,0,0,0,0
xaomi,40,MALE,,키즈맘_미취학,112,9,7.2,9,8.2,6.8,6.7,3.9,3.9,3.8,7.7,26.2,28.8,5.8,13.5
xaomi,40,MALE,,중년_자녀동거,219,7.4,7.2,7.4,7.9,5,5.7,2.8,3.5,5.4,8.1,25.1,28.2,5.6,13
xaomi,40,MALE,,1인가구,202,8.3,7.3,8.3,7.7,5.2,6.3,2.7,3.6,4.7,7.8,25.2,28.8,5.5,13.4
xaomi,40,MALE,,,2291,8.3,7.2,8.3,7.7,5.3,6.2,3.5,3.5,4.2,7.8,25.2,26.1,6.3,12.1
xaomi,40,MALE,강원,키즈맘_초등생,31,5,7.3,5,8,5.5,6.4,5.6,2.8,5.4,7.7,24,27,5.3,12.7
xaomi,40,MALE,강원,키즈맘_미취학,3,10,7.8,10,8,5.4,,,0,8.5,,20.8,28.6,3.6,11.4
xaomi,40,MALE,강원,2인가구,3,10,7,10,9,5.1,6.4,0.1,3.6,,,25.6,30.2,4.8,14.1
xaomi,40,MALE,강원,중년_자녀동거,18,10,7.4,10,6.2,3.7,6,4,2,5,,25.5,27.1,5.8,13.4
xaomi,40,MALE,강원,1인가구,19,10,7.5,10,8.5,5.7,7.3,2.5,3.1,5.6,,27.6,32.2,5.7,15.6
xaomi,40,MALE,강원,,185,9.5,7.2,9.5,7.5,5,5.6,4.3,3.8,4.3,7.6,28.7,29,7.4,13.6
xaomi,40,MALE,강원,키즈맘_중학생,20,8.8,7.2,8.8,8.3,4.8,7.1,1.7,3.5,3.1,,27.9,31.8,5.7,14.5
xaomi,40,MALE,경기,1인가구,340,8.2,7.3,8.2,7.6,6,6.1,3.3,3.7,5.8,7.7,25.5,28.6,5.6,13.5
xaomi,40,MALE,경기,키즈맘_미취학,166,8.5,7.4,8.5,8.1,6.2,7.8,2.7,3.6,3.8,7.8,26.9,28.7,5.9,13.5
xaomi,40,MALE,경기,2인가구,162,7.1,7.2,7.1,7.7,5.9,6.2,2.7,2.9,5.7,7.9,24.8,27.8,5.3,12.9
xaomi,40,MALE,경기,,3262,8.5,7.3,8.5,7.6,5.8,7.4,3,3.6,4.9,7.8,27.3,27.6,7,12.7
xaomi,40,MALE,경기,중년_자녀동거,342,8.3,7.3,8.3,7.5,5.4,6.2,3,3.5,4.3,7.8,26.2,28.9,5.9,13.5
xaomi,40,MALE,경기,키즈맘_중학생,314,7.8,7.3,7.8,7.7,5.4,6.1,3.5,3,4.6,8.3,26.2,30.3,5.5,14.3
xaomi,40,MALE,경기,키즈맘_초등생,329,8,7.4,8,7.8,5.3,6.4,3.4,3,4.8,7.8,26.4,29.7,5.6,13.8
xaomi,40,MALE,경남,중년_자녀동거,50,7.3,7.4,7.3,7.5,5.1,8.2,2.8,3.1,6.6,,25.9,29.2,5.5,13.6
xaomi,40,MALE,경남,,506,7.6,7.2,7.6,7.8,4.9,7.1,1.8,3.8,5.3,,28.6,28.6,7.4,13.1
xaomi,40,MALE,경남,2인가구,24,8.3,7.5,8.3,7.2,4.2,7.6,3,4.4,3.7,,26,28.6,5.7,13.4
xaomi,40,MALE,경남,키즈맘_미취학,17,8.3,7.4,8.3,7.2,4.1,6.7,1.5,2,,,28.4,30,6.4,14.1
xaomi,40,MALE,경남,키즈맘_중학생,59,8.1,7.2,8.1,7.3,5.5,6.6,2.2,3.6,6.1,,26.3,29.8,5.6,14.4
xaomi,40,MALE,경남,키즈맘_초등생,67,8.4,7.2,8.4,7.6,5.2,8.2,2.8,4.3,7.2,7.6,25.9,28.6,5.6,13.3
xaomi,40,MALE,경남,1인가구,51,7.9,7.3,7.9,7,5.3,6.7,2.2,4.5,5.1,,27,30,6.2,14
xaomi,40,MALE,경북,중년_자녀동거,46,8,7.2,8,6.9,4,8.1,3.1,3.1,3.8,,25.5,28.9,5.6,13.3
xaomi,40,MALE,경북,키즈맘_중학생,45,8.9,7.3,8.9,7.5,4.2,5.8,2.9,2.8,5.6,,22.8,27.4,4.7,13
xaomi,40,MALE,경북,키즈맘_초등생,50,7.8,7.3,7.8,8,3.6,5.6,2.5,2.9,4.2,,24.7,29.2,5.5,13.4
xaomi,40,MALE,경북,2인가구,11,5.6,6.9,5.6,5.8,2.4,2.3,0,3.1,5,7.6,27.7,30.4,6.5,14.2
xaomi,40,MALE,경북,키즈맘_미취학,17,9.1,6.9,9.1,8.3,6.2,6.4,0,4.5,0.1,,27.2,30.1,5.9,13.8
xaomi,40,MALE,경북,1인가구,43,8.5,7.3,8.5,7.6,3.8,9.1,4.6,3.7,4.7,,25.3,30.1,5.6,13.8
xaomi,40,MALE,경북,,396,8.9,7.4,8.9,7.3,4.9,7.2,4.1,3.4,4.7,7.7,27.8,28.2,7.1,12.9
xaomi,40,MALE,광주,1인가구,20,9,7.3,9,6.3,5.4,1,3.8,4.4,0.1,,27.2,29.2,6.1,13.5
xaomi,40,MALE,광주,키즈맘_중학생,17,7.5,7.4,7.5,7.2,5,6.4,1.4,2.3,3.8,,27.3,30.1,5.9,13.8
xaomi,40,MALE,광주,키즈맘_미취학,8,10,7.2,10,7.2,5.5,10,5.3,4,3.9,,24.6,28.2,5.6,12.8
xaomi,40,MALE,광주,중년_자녀동거,30,6.4,7.2,6.4,8.2,4.9,7.8,1.5,3.7,4.3,,25.8,28.6,5.8,13.4
xaomi,40,MALE,광주,,184,7.9,7.2,7.9,7.3,5.6,6.8,1.8,3.8,3.8,8.3,28.8,29.1,7.3,13.7
xaomi,40,MALE,광주,2인가구,4,3.4,7.7,3.4,6,8.3,,,0.7,,,10.2,11.5,2.4,5.6
xaomi,40,MALE,광주,키즈맘_초등생,26,9,7.2,9,6.8,3.4,,5.3,2.6,7.9,,25.5,28.7,5.5,13.2
xaomi,40,MALE,대구,1인가구,28,8.8,7.2,8.8,8,5.8,7,5.5,2.2,2,,28,30.4,6.3,14
xaomi,40,MALE,대구,중년_자녀동거,37,9.7,7.4,9.7,7.8,5.4,6.4,3.4,2.9,6.4,,27.6,30.1,6.2,13.7
xaomi,40,MALE,대구,2인가구,13,10,7.5,10,7.1,6.8,6.4,4,3.8,1.7,,27.7,29.3,7.1,13.4
xaomi,40,MALE,대구,키즈맘_중학생,35,8.8,7.2,8.8,8.5,4.5,5.7,3.4,3.1,4.2,7.6,23.6,28.2,4.8,13.3
xaomi,40,MALE,대구,키즈맘_미취학,13,8.3,7.5,8.3,7.6,8,3.6,4.5,4.4,6.9,,27.7,30.5,5.8,13.7
xaomi,40,MALE,대구,,320,8.7,7.4,8.7,7.5,5.2,7.2,2.6,3.6,4.2,7.6,30.2,30.5,7.8,14
xaomi,40,MALE,대구,키즈맘_초등생,44,7.2,7.1,7.2,8.2,5.2,5.5,2.9,2.4,6.8,,24.9,29,5,13.4
xaomi,40,MALE,대전,1인가구,35,6.9,7.6,6.9,8.4,6.3,9,2.6,3.7,4.7,8,26.3,29,5.9,13.9
xaomi,40,MALE,대전,중년_자녀동거,45,8.9,7.4,8.9,8.2,5.4,6.8,4.1,2.8,3.1,7.8,25.4,29.6,5.3,13.9
xaomi,40,MALE,대전,2인가구,14,10,7.2,10,7.9,7.1,9.3,3,2.9,5.1,,23,26.5,5.2,11.7
xaomi,40,MALE,대전,키즈맘_미취학,21,8.8,7.3,8.8,7.6,6.2,6.4,2.2,3,7.6,,27.7,30.1,6.3,14.4
xaomi,40,MALE,대전,키즈맘_초등생,43,7.8,7.6,7.8,7.7,5.3,6.5,4.5,3.1,4.5,,26,28.3,5.9,13
xaomi,40,MALE,대전,키즈맘_중학생,39,7.9,7.3,7.9,8,5.9,6.4,2.7,3.2,4,,27.5,30,6.2,14.2
xaomi,40,MALE,대전,,339,9.4,7.4,9.4,7.6,5.5,5.5,2.5,3.8,5.5,,30.2,29.9,8,13.8
xaomi,40,MALE,부산,중년_자녀동거,91,9,7.4,9,7.8,5.4,6,2.5,3.1,4.6,7.8,27.6,30.3,6.2,14.2
xaomi,40,MALE,부산,,609,8.2,7.4,8.2,7.7,5,7,3.6,3.8,5.3,7.7,29.5,29.3,7.5,13.5
xaomi,40,MALE,부산,키즈맘_중학생,54,7.2,7.4,7.2,7.6,4.9,6.4,2.8,3,5.9,8.3,25.1,29,5.4,13.5
xaomi,40,MALE,부산,2인가구,19,6.5,7.2,6.5,7.6,6.6,5.6,4.1,4.8,,,25.9,27.4,5.8,12.7
xaomi,40,MALE,부산,1인가구,53,7.9,7.6,7.9,7.6,6,4.8,2.6,3.8,4,7.7,24.1,26.1,5.2,12.9
xaomi,40,MALE,부산,키즈맘_초등생,78,7.5,7.4,7.5,7.6,4.9,5.4,2.3,2.7,5.2,,28,30.8,6.2,14.4
xaomi,40,MALE,부산,키즈맘_미취학,33,8.7,7.2,8.7,7.9,6.1,5.8,2.5,3.6,6.7,7.8,26.9,29.6,6.3,13.6
xaomi,40,MALE,서울,2인가구,104,8.6,7.1,8.6,8.1,6,7.7,3.9,3.5,5.4,7.8,24.3,27.5,5.2,12.7
xaomi,40,MALE,서울,1인가구,189,8.4,7.5,8.4,8.1,5.8,6.4,3.7,3.7,5.7,7.8,26.2,29.5,5.5,14.1
xaomi,40,MALE,서울,키즈맘_중학생,119,8.4,7.4,8.4,8,5.4,6.7,3.1,2.9,3.7,7.8,26.4,29.8,5.8,14
xaomi,40,MALE,서울,,2046,8.3,7.4,8.3,8.1,6,6.7,3.2,3.3,4.8,7.9,27.9,28,7.2,12.8
xaomi,40,MALE,서울,중년_자녀동거,216,8.2,7.4,8.2,8.2,5.2,6.8,2.7,3,4.5,7.6,26.2,28.8,5.9,13.5
xaomi,40,MALE,서울,키즈맘_미취학,124,9.2,7.4,9.2,8.4,6.9,6.8,3.1,3.9,6.1,7.6,25.8,27.9,5.8,13
xaomi,40,MALE,서울,키즈맘_초등생,148,8.4,7.4,8.4,7.9,6.1,5.8,2.7,3.3,6.1,7.8,26.7,29.8,5.8,14
xaomi,40,MALE,세종,키즈맘_중학생,12,8.1,7.3,8.1,7.8,5.2,,4.1,2.7,5.1,,26,30.3,4.8,14.1
xaomi,40,MALE,세종,키즈맘_초등생,10,0.7,6.9,0.7,6.1,6.2,6.4,0.5,3.1,,,24.9,28.9,5.3,13.6
xaomi,40,MALE,세종,1인가구,14,7.4,7.6,7.4,8.6,5.4,6.4,1.4,3,,,28.1,29.6,6.3,14.4
xaomi,40,MALE,세종,2인가구,2,,6.2,,5.2,3.8,,0.1,3.6,,,19.9,21.9,3.5,10.7
xaomi,40,MALE,세종,,97,8.5,7.4,8.5,8.6,6.1,5.8,1.3,2.8,5.5,,27.8,27,7.1,12.7
xaomi,40,MALE,세종,키즈맘_미취학,4,10,6.9,10,9.4,8.6,8.2,4.1,4.3,8.2,,24.8,28.6,5.2,13.9
xaomi,40,MALE,세종,중년_자녀동거,11,5,7.8,5,8.2,5.5,7.6,5.3,3.4,8,,25.3,31.2,5.1,14.8
xaomi,40,MALE,울산,2인가구,11,6.2,7.2,6.2,8.2,4.6,0.6,0.4,3.6,,,26.3,29.4,5.6,14.4
xaomi,40,MALE,울산,키즈맘_미취학,12,6.7,7.8,6.7,7.9,5.7,7.6,6.5,2.8,0,7.6,27.3,30,6.3,13.8
xaomi,40,MALE,울산,1인가구,14,4.3,7.2,4.3,8.1,3.9,0,2.4,3.5,3.9,,26.7,29.6,5.4,12.8
xaomi,40,MALE,울산,키즈맘_초등생,29,9.4,7.4,9.4,7,5.2,6.4,4.9,3.5,4.3,,26.6,30.1,5.7,13.9
xaomi,40,MALE,울산,중년_자녀동거,22,8.9,7.4,8.9,8.3,6.1,5.5,0.7,2.9,5.8,7.6,24.6,29,5,14.1
xaomi,40,MALE,울산,키즈맘_중학생,21,6.8,7.5,6.8,7.2,2.8,6.4,1.7,3,,,27,31,5.9,14.2
xaomi,40,MALE,울산,,199,8.9,7.2,8.9,7.8,6.1,6.4,2.3,4.2,6.7,8.2,27.3,26.2,7.2,12.2
xaomi,40,MALE,인천,키즈맘_미취학,43,8.1,7.2,8.1,7.9,6.8,6.9,1.6,4,2.9,,27.7,29.8,6.4,13.8
xaomi,40,MALE,인천,중년_자녀동거,84,8,7.4,8,7.2,5,7.1,2.4,3.1,5.3,7.8,26,28.3,5.7,13.2
xaomi,40,MALE,인천,,735,8.9,7.3,8.9,7.6,5.6,6.4,2.7,3.9,4.9,7.8,27,27.5,6.8,12.8
xaomi,40,MALE,인천,키즈맘_초등생,97,9,7.4,9,7.7,5.7,6.4,2.4,3.3,4.6,7.7,26.2,29.3,5.8,13.7
xaomi,40,MALE,인천,시니어,1,,,,,,,,,,,0,0,0,0
xaomi,40,MALE,인천,키즈맘_중학생,58,8.5,7.4,8.5,7.7,5.4,6.9,4,3.4,3.9,,26,30.3,5.2,14.2
xaomi,40,MALE,인천,2인가구,22,8.3,7.5,8.3,8.4,5.5,,6.2,3.5,5.7,,27.1,30,5.8,13.5
xaomi,40,MALE,인천,1인가구,66,8.1,7.4,8.1,7.9,6.1,5.9,2.9,3.1,4.3,7.8,26,29.8,5.5,13.9
xaomi,40,MALE,전남,키즈맘_미취학,8,6.7,7.2,6.7,8.6,6.8,6.4,4.2,5.8,7.8,,25.1,27,5.5,12.3
xaomi,40,MALE,전남,2인가구,5,10,6.7,10,8.5,7.6,,0.1,5.3,3.6,,26.5,30.4,4.7,14.7
xaomi,40,MALE,전남,키즈맘_중학생,23,7.9,7.5,7.9,8.1,5.1,8,1.7,4.3,5.5,,28.9,32.1,6.4,15.1
xaomi,40,MALE,전남,,159,8.8,7.4,8.8,7.8,3.5,7.7,2.8,3,4.9,8.3,28.6,29.9,6.8,14
xaomi,40,MALE,전남,중년_자녀동거,18,10,7.3,10,8.3,3.7,6.4,0,3.2,7.3,,24.2,27.7,5.3,12.7
xaomi,40,MALE,전남,1인가구,16,10,7.2,10,6.6,5.5,8.8,6.6,5.5,7.7,,22.5,26.1,4.8,12.4
xaomi,40,MALE,전남,키즈맘_초등생,17,8.3,7.2,8.3,8.2,5.5,7.9,4.9,3.6,5.4,,26.6,29.1,6.2,13.2
xaomi,40,MALE,전북,,206,8.9,7.3,8.9,7.3,4.7,5.6,2.7,3.6,4.3,,26.9,27.8,6.5,12.9
xaomi,40,MALE,전북,키즈맘_미취학,11,10,6.9,10,6.9,4.3,6.4,2.7,3.4,2.8,,25.4,28.6,5.2,14.1
xaomi,40,MALE,전북,중년_자녀동거,27,7.7,7.2,7.7,8.4,4,7.4,3.5,3,7.7,,26.9,29.8,6.2,13.8
xaomi,40,MALE,전북,키즈맘_초등생,26,7,7.4,7,7.9,5.8,7.1,2.7,3.8,2.6,,27.9,29.9,6,14.2
xaomi,40,MALE,전북,1인가구,19,6.7,7.2,6.7,8,4.7,9.9,0.1,4.1,4.9,,27.7,29.4,6.4,13.7
xaomi,40,MALE,전북,2인가구,14,10,7.1,10,8.5,5.5,6.4,2.7,3.5,,,29.2,31.5,6.4,14.4
xaomi,40,MALE,전북,키즈맘_중학생,23,5.3,6.8,5.3,7.9,5.4,4.1,6.3,3.5,7.6,,24.5,28.6,5.2,13.4
xaomi,40,MALE,제주,키즈맘_미취학,4,10,7,10,6.9,1.8,,8,0.6,8.3,,19.7,20.3,3.5,9.9
xaomi,40,MALE,제주,,86,8.1,7.5,8.1,7.9,2.4,4.7,2.3,2.8,4.1,,29.1,30.6,7.3,13.8
xaomi,40,MALE,제주,키즈맘_초등생,10,0,7,0,8,5,8.2,0.3,1.9,,,24.5,30.8,5,14.4
xaomi,40,MALE,제주,2인가구,5,10,7.5,10,7.2,1.3,0.2,4.5,1.6,,,23.4,29,5,11.8
xaomi,40,MALE,제주,중년_자녀동거,7,10,7,10,7.5,5,0.4,,5.3,9.8,,27.2,29.6,5.3,13.4
xaomi,40,MALE,제주,1인가구,9,10,7.4,10,6.9,1.9,10,1.8,3.5,3.9,,24.9,30.4,4.4,13.2
xaomi,40,MALE,제주,키즈맘_중학생,9,4.4,7,4.4,8.9,3,0,,3,2.7,,24.4,29.8,4.9,14.4
xaomi,40,MALE,충남,중년_자녀동거,45,9,7.3,9,7.3,4.8,7,4.3,2.8,5.5,,25.8,28.9,5.4,13.3
xaomi,40,MALE,충남,키즈맘_미취학,23,8.1,7,8.1,7.7,5.9,6.4,2.9,5,,7.8,26.1,29.2,5.7,13.6
xaomi,40,MALE,충남,2인가구,19,9,7.4,9,7.6,5.8,0,0.4,4.6,6.3,,27.8,30.1,5.4,13.4
xaomi,40,MALE,충남,키즈맘_중학생,39,8.5,7.3,8.5,8,4.4,7.4,3,3.5,2.6,,27.7,30.9,6,14.6
xaomi,40,MALE,충남,,422,8.4,7.2,8.4,7.3,4.9,6.4,2.7,3.6,5.2,7.7,24.7,24.6,6.2,11.4
xaomi,40,MALE,충남,1인가구,56,8.6,7.3,8.6,6.6,5.2,5.7,2.2,3.9,2.4,7.7,27.7,31.2,5.8,14.6
xaomi,40,MALE,충남,키즈맘_초등생,45,6.6,7.2,6.6,6.4,6.2,6.4,1.8,2.6,8.6,,26.3,29.1,5.4,13.6
xaomi,40,MALE,충북,키즈맘_중학생,28,8.2,7.3,8.2,7.7,5.3,7.1,4,4.7,5.7,7.6,24.2,29.7,4.5,13.8
xaomi,40,MALE,충북,키즈맘_미취학,12,6.7,7.8,6.7,7.6,6.7,6.4,3.3,3.8,0,,22.5,22,5.6,10.4
xaomi,40,MALE,충북,2인가구,17,5,7.1,5,7.1,5.9,8.8,0.1,1.8,3.9,,25.8,29.6,5.5,13.9
xaomi,40,MALE,충북,1인가구,48,9,7.4,9,6.9,4.7,5.9,1,3.3,3.3,,28.4,30.3,6.7,14.6
xaomi,40,MALE,충북,,282,8.6,7.4,8.6,8.2,5.7,5,3.6,4.2,4.9,7.8,28.4,29.1,7.3,13.5
xaomi,40,MALE,충북,중년_자녀동거,26,8.2,7.2,8.2,7.9,4.7,5.9,2.1,2.9,0.1,7.6,25.1,29.4,5.1,14.1
xaomi,40,MALE,충북,키즈맘_초등생,39,9.6,7.4,9.6,7.5,4.2,7.9,2.9,3,4.9,,26.2,29.4,5.8,13.9
xaomi,50,FEMALE,,2인가구,3,5,7.9,5,4.7,6.6,,,3.5,,,31.7,29.2,8.3,13.2
xaomi,50,FEMALE,,키즈맘_중학생,15,6.1,7.6,6.1,6.6,3.9,5.4,8.5,4.3,7.1,,23.6,23.2,5.5,11.8
xaomi,50,FEMALE,,,346,8.3,7.5,8.3,6.4,3.8,6,3.1,2.9,4.8,,23.9,21.7,6.6,11.3
xaomi,50,FEMALE,,키즈맘_초등생,5,,7.7,,9.7,4.8,9,8.3,3.6,,,25.2,24,5.7,12.9
xaomi,50,FEMALE,,중년_1인,34,7.9,7.6,7.9,6.8,5,9.2,5.3,4.9,6.3,,25.9,26.3,6.3,13.4
xaomi,50,FEMALE,,키즈맘_미취학,7,10,7.5,10,6.5,7.4,,,4.1,7.6,,22.7,23.1,5.4,12.3
xaomi,50,FEMALE,,중년_2인,37,8.6,7.6,8.6,6,4,8,2.7,3,2.7,7.8,25,25.6,6.1,13.3
xaomi,50,FEMALE,,중년_자녀동거,95,7.7,7.6,7.7,7.7,4.7,5.8,4.6,4.1,4.3,,24.3,25.1,5.8,13.1
xaomi,50,FEMALE,강원,중년_자녀동거,7,10,7.5,10,8.1,6.4,8,8.6,5.7,3.9,,18.9,18.6,4.5,9.8
xaomi,50,FEMALE,강원,중년_1인,3,,7.1,,8,5.2,,,6.8,7.6,,13.5,16.5,1.8,10.2
xaomi,50,FEMALE,강원,키즈맘_중학생,2,,9.7,,9.6,9.6,,8,9,4.4,,17.7,17.5,4.8,9.2
xaomi,50,FEMALE,강원,중년_2인,1,10,7.6,10,2.9,6,,,2.6,,,0.4,0.5,0.1,0.2
xaomi,50,FEMALE,강원,,25,6.7,7.8,6.7,6.3,0.9,8,,0.4,,,22,20,5.9,10.3
xaomi,50,FEMALE,경기,키즈맘_미취학,14,10,7.7,10,7.8,3.8,8,8.6,4.8,5.1,7.7,25.1,25.3,6.4,13.3
xaomi,50,FEMALE,경기,키즈맘_중학생,27,9.1,7.6,9.1,7.4,5.6,8,2.4,4.8,3,7.8,26.7,27.4,6.4,14
xaomi,50,FEMALE,경기,키즈맘_초등생,12,10,7.3,10,5.3,4.1,4.9,2.7,2.2,7.7,,22.7,22.6,5.5,11.9
xaomi,50,FEMALE,경기,중년_자녀동거,156,8.3,7.6,8.3,7.3,4.8,7.2,3.5,3.4,5.3,7.7,24.4,24.8,5.9,13.1
xaomi,50,FEMALE,경기,중년_1인,57,7.9,7.7,7.9,7,5.2,8,5,3.9,6.4,,24.5,24.2,6.4,12.6
xaomi,50,FEMALE,경기,,520,6.9,7.6,6.9,7.3,4.5,6.8,2.2,3.7,4.2,8,25.8,23.6,7.2,12
xaomi,50,FEMALE,경기,중년_2인,60,9.6,7.5,9.6,7,4,8,5,3.4,5.6,,25.3,25.2,6.3,13
xaomi,50,FEMALE,경남,중년_1인,9,10,7.7,10,7.6,4.4,8,2.5,2.7,4.2,,23.8,26.1,5.7,12
xaomi,50,FEMALE,경남,중년_자녀동거,16,10,7.6,10,7,5.6,8,2.6,5.3,8,8.1,27.4,28.6,6.7,14
xaomi,50,FEMALE,경남,중년_2인,10,10,7.4,10,7.3,5.2,8.7,0,2.6,4,7.8,27.7,27,7.7,13.9
xaomi,50,FEMALE,경남,,59,6.3,7.4,6.3,6.2,2.6,,0.1,2.4,,,25.7,24.9,7.2,12
xaomi,50,FEMALE,경남,키즈맘_미취학,1,,6.8,,0.1,1.4,,,0.6,,,13.8,19.1,1.7,11.5
xaomi,50,FEMALE,경남,키즈맘_중학생,3,,8.4,,8.7,5.8,8,0.1,1.3,7.8,,25.5,28.1,6,13.8
xaomi,50,FEMALE,경남,키즈맘_초등생,3,6.1,6.8,6.1,8,4.4,,0.1,2.1,,,9.3,7.9,0.8,7.7
xaomi,50,FEMALE,경북,키즈맘_초등생,1,,7.9,,3.6,0.6,,,,,,38.4,36.6,9.5,18.6
xaomi,50,FEMALE,경북,중년_자녀동거,11,10,7.8,10,5.6,2.7,0,0,3.8,7.6,,30,30.2,7.1,15.6
xaomi,50,FEMALE,경북,중년_2인,6,10,7,10,5.7,4.2,,0,1.5,,,17.9,18.7,3.2,11
xaomi,50,FEMALE,경북,중년_1인,8,10,7.7,10,7.8,6.4,8,0.8,5.6,2.4,,26.7,25.1,7,13.8
xaomi,50,FEMALE,경북,,37,,7.6,,6.7,4.5,8,,2,7.7,,26.8,30,5.1,17.4
xaomi,50,FEMALE,경북,키즈맘_중학생,1,,,,,,,,,,,39.3,39.3,9.8,18.9
xaomi,50,FEMALE,경북,키즈맘_미취학,2,10,,10,3.4,9.9,,,8.6,,,32,27.9,9.4,12.9
xaomi,50,FEMALE,광주,중년_1인,1,,7.1,,0,0.7,,,,,,18.2,18.1,4.9,9.3
xaomi,50,FEMALE,광주,키즈맘_초등생,2,,7.8,,2.9,3.4,,8,3.7,,,16.1,15.3,5.3,8.5
xaomi,50,FEMALE,광주,중년_2인,1,,,,6.3,,,,0.8,,,26,28.7,4.9,15.4
xaomi,50,FEMALE,광주,중년_자녀동거,11,8.8,7.5,8.8,8.2,3.7,8,5.7,4.2,,,20.7,20.5,5.4,11.6
xaomi,50,FEMALE,광주,,26,,6.8,,,0.9,,,0.9,,,21.1,19,5.1,12.7
xaomi,50,FEMALE,대구,키즈맘_미취학,2,,7.6,,7.7,4.8,,,1.9,,,25.9,25.1,5.9,12.8
xaomi,50,FEMALE,대구,중년_2인,7,1.5,7.9,1.5,5.8,3.9,,,1.6,8.1,,16.7,18.9,3.6,11.1
xaomi,50,FEMALE,대구,키즈맘_초등생,2,10,9.6,10,3.1,1.6,,8.5,0.7,,,10.7,12,2.4,4.9
xaomi,50,FEMALE,대구,2인가구,1,10,7.7,10,6.6,2.3,,0.1,0.1,,,26.1,30.1,6.9,13.3
xaomi,50,FEMALE,대구,,55,10,7.2,10,7.7,6.4,0,3.6,6.2,5.3,,32,27.3,9.3,13.8
xaomi,50,FEMALE,대구,키즈맘_중학생,3,7.6,7.6,7.6,8.6,5.9,1.1,8.9,8.1,,,28.7,27.7,6.9,14.2
xaomi,50,FEMALE,대구,중년_1인,4,,6.8,,0.2,1.3,8,,1.6,,,14.5,15.3,1.2,10.1
xaomi,50,FEMALE,대구,중년_자녀동거,11,7.4,7.5,7.4,6.2,4.6,0.1,4,4.3,6.4,8,26,26,6.7,13.3
xaomi,50,FEMALE,대전,,47,10,7.9,10,5.9,1.8,8,7.5,3.3,9.9,,27.4,22.3,8.4,11.1
xaomi,50,FEMALE,대전,키즈맘_미취학,1,,,,6.1,0.6,,0,,,,35.4,34,8.7,16.7
xaomi,50,FEMALE,대전,키즈맘_초등생,1,10,6.8,10,,0.6,,,5.5,,,20.3,18,6.4,9.8
xaomi,50,FEMALE,대전,키즈맘_중학생,4,,7.2,,5.2,6.3,,,2.9,,,28,27.2,7.7,13.2
xaomi,50,FEMALE,대전,중년_1인,6,10,6.8,10,7.6,5.5,5.4,4.2,2.7,7.6,,22.3,20.9,6.3,11.8
xaomi,50,FEMALE,대전,중년_2인,3,6.1,7.6,6.1,7,6.9,8,0,6.5,,,34.9,35.7,8.7,16.6
xaomi,50,FEMALE,대전,중년_자녀동거,16,9.6,8.1,9.6,7.8,4.3,2,1.6,4.3,,,27.2,26.5,6.6,14.1
xaomi,50,FEMALE,부산,중년_2인,13,10,7.7,10,6.7,2.9,5.7,6.1,2.9,8.2,,22.6,22.5,6.3,11.4
xaomi,50,FEMALE,부산,중년_자녀동거,40,8.5,7.5,8.5,6.5,5.7,8,2.5,3.6,8.8,,25.6,25.5,6.1,13.6
xaomi,50,FEMALE,부산,키즈맘_초등생,1,10,,10,,1.7,,,,,,14.5,19.7,1.5,12.1
xaomi,50,FEMALE,부산,,102,6.6,7.7,6.6,7.8,3,8,4.3,1,8.1,,26.8,22,8.6,11.3
xaomi,50,FEMALE,부산,중년_1인,7,10,7.6,10,8.6,3.5,,2.8,4.6,,,25.7,24.9,8,12.8
xaomi,50,FEMALE,부산,키즈맘_미취학,5,,6.8,,3.2,2,8,0,2.6,0.1,,29,28.6,7.7,14.2
xaomi,50,FEMALE,부산,키즈맘_중학생,8,10,7,10,5.8,1.8,8,2.7,2.8,7.6,,22.4,23,5.4,11.9
xaomi,50,FEMALE,서울,중년_자녀동거,86,8.5,7.5,8.5,6.5,4.7,7,2.9,4,5.6,,24.8,25.5,5.9,13.2
xaomi,50,FEMALE,서울,,267,8.5,7.4,8.5,7.2,4.9,6,3.1,2.9,6.3,,27.1,24.5,7.7,12.3
xaomi,50,FEMALE,서울,키즈맘_중학생,13,8.1,7.3,8.1,6.2,5.3,4,0.5,3.4,8.1,,23,23.4,5.1,12.6
xaomi,50,FEMALE,서울,중년_2인,35,7.8,7.7,7.8,7.1,4.5,8,2.3,3.6,5.1,,23.9,24.1,5.9,12.6
xaomi,50,FEMALE,서울,중년_1인,22,7.8,7.6,7.8,8.1,4.9,8,5.3,4.3,2.7,7.8,29,29.2,7.2,14.6
xaomi,50,FEMALE,서울,2인가구,1,10,7.2,10,4.5,0.6,8,,3.8,,,32.2,30.1,7.9,16.5
xaomi,50,FEMALE,서울,키즈맘_초등생,2,,8.3,,8,4.8,,8,2.4,,,12.8,15.3,1.8,10.5
xaomi,50,FEMALE,서울,키즈맘_미취학,10,10,7.7,10,8,6.5,8,8.3,4.6,,,28.5,26.2,7.2,14.1
xaomi,50,FEMALE,세종,,10,10,,10,,7.2,,,7.4,,,23.3,11.3,9,5.6
xaomi,50,FEMALE,세종,중년_1인,2,10,7.7,10,7.6,5,,0,0.4,5,,29.9,31.8,6.6,15.8
xaomi,50,FEMALE,세종,키즈맘_초등생,1,10,7.9,10,2.9,9.8,,0.1,0.3,,,32.6,34.9,8,18.6
xaomi,50,FEMALE,세종,중년_자녀동거,4,,7.6,,5.8,3.7,8,,2.4,7.6,,25.9,27.6,5.3,14.8
xaomi,50,FEMALE,세종,중년_2인,1,,,,6.7,7.3,,,2.3,,,35.1,33.6,7.5,18.4
xaomi,50,FEMALE,울산,중년_1인,3,,,,7.7,6.7,,0.1,0.2,,,29.9,29.3,5.8,12.9
xaomi,50,FEMALE,울산,중년_자녀동거,10,8,7.3,8,7.9,3.9,8,9.4,2.4,,,25.2,23.7,6.7,12.1
xaomi,50,FEMALE,울산,키즈맘_중학생,2,,7.7,,7.4,1.6,,,2.5,,,27.8,30.8,5.5,15.5
xaomi,50,FEMALE,울산,,29,,7.6,,7.8,4.2,,,4.2,5,,24.5,20.9,7.4,10.7
xaomi,50,FEMALE,울산,중년_2인,7,0,7.3,0,7.8,3.9,8,8.9,3.7,7.6,,19,21.1,4.1,11.8
xaomi,50,FEMALE,울산,키즈맘_초등생,1,,,,,,,,,,,38.6,37.9,9.7,18.1
xaomi,50,FEMALE,울산,키즈맘_미취학,1,,,,,0.6,,,1.3,,,19.1,18.3,7.5,9
xaomi,50,FEMALE,인천,키즈맘_미취학,4,3.3,7.7,3.3,8.7,7.1,,0,5.1,,,18.7,19.2,5.7,10.6
xaomi,50,FEMALE,인천,중년_1인,11,5,7.1,5,7.1,3.2,8,4.5,2.7,,,18.5,20.7,4.5,11.2
xaomi,50,FEMALE,인천,중년_자녀동거,21,5.5,7.5,5.5,7.2,6,8,3.4,4.7,5.1,,25.7,25.1,6.2,12.4
xaomi,50,FEMALE,인천,키즈맘_초등생,4,,7.5,,8,3.3,8,,4.2,,,27.3,28.3,5.5,14.5
xaomi,50,FEMALE,인천,키즈맘_중학생,5,6.7,7.8,6.7,8.2,3.1,8,0,1.9,6.4,,28.5,28.7,6.3,14.9
xaomi,50,FEMALE,인천,,85,8.9,7.3,8.9,6.1,3,8.1,,3.3,0.2,,25.9,23.8,7.4,11.6
xaomi,50,FEMALE,인천,중년_2인,10,10,6.8,10,7.6,4.9,8,0,4.6,3.9,,25.2,25.4,6.6,13.3
xaomi,50,FEMALE,전남,중년_2인,4,10,7.8,10,8.5,2.9,8,0.1,1,,,27.2,28.5,6.1,14.7
xaomi,50,FEMALE,전남,키즈맘_미취학,1,,7.5,,,1.7,,,,,,24,17.8,7.9,7.9
xaomi,50,FEMALE,전남,키즈맘_초등생,1,,,,,1,,,1.1,,,15.8,10,5.7,5.7
xaomi,50,FEMALE,전남,중년_1인,1,,7.5,,8,8.3,8,,3.6,,,13.9,16.5,0.8,15.3
xaomi,50,FEMALE,전남,,20,10,7.6,10,7,0.7,,0.1,2.5,,,31.2,26.4,9.5,12.9
xaomi,50,FEMALE,전남,중년_자녀동거,4,10,7.4,10,7.4,2.4,8,,1.4,,,25.3,23.8,6.7,12.7
xaomi,50,FEMALE,전북,중년_자녀동거,12,10,7.5,10,5.5,4.1,,0,4,7.7,,23.4,24,5.3,13
xaomi,50,FEMALE,전북,중년_1인,7,1.7,7.6,1.7,7.1,4.5,,,6.6,,,24.1,25,5.8,13.7
xaomi,50,FEMALE,전북,,34,10,7.2,10,8.4,5.7,,8,2.6,,,24.3,23.2,7.3,11
xaomi,50,FEMALE,전북,키즈맘_미취학,1,10,,10,8,1.7,,,4.7,7.8,,14.3,8.9,5,5.3
xaomi,50,FEMALE,전북,중년_2인,7,5,7.6,5,6.4,2.5,,0,0.9,,,34.4,35.9,9.4,17.6
xaomi,50,FEMALE,전북,키즈맘_중학생,2,,,,8,1.1,,,2.9,,,19.9,23.5,4.3,13.6
xaomi,50,FEMALE,제주,중년_자녀동거,4,,7.3,,6.6,1.6,8,,0.9,,,29.1,28.8,7.7,15.1
xaomi,50,FEMALE,제주,중년_2인,1,,,,8,0.7,,,,,,12.9,19.2,0.7,10.5
xaomi,50,FEMALE,제주,키즈맘_중학생,1,,7.7,,3.6,,,0,,0.1,,32.8,36.9,9.7,16.2
xaomi,50,FEMALE,제주,,12,,7.9,,4.8,0.6,,0,3.2,,,27.2,26.8,6.9,13.5
xaomi,50,FEMALE,충남,중년_자녀동거,16,8,7.7,8,7.4,4.1,8,2.7,2.7,7.7,,26.2,26.7,6.1,14.1
xaomi,50,FEMALE,충남,중년_2인,6,10,7.6,10,4.1,0.9,8,8,2.7,,,26.7,25.6,5.8,13.9
xaomi,50,FEMALE,충남,2인가구,1,,,,8,1.2,,,,,,38.8,38.7,9.6,18.2
xaomi,50,FEMALE,충남,,46,6.7,7.3,6.7,6.5,3.4,,0,6.8,4.5,,28,25.8,8.2,12.5
xaomi,50,FEMALE,충남,키즈맘_미취학,1,,8.3,,8,9.5,,8,1.7,,,21.1,16.9,7.7,9
xaomi,50,FEMALE,충남,키즈맘_중학생,1,10,8.7,10,8.6,6.3,8,4,3.2,,,26.7,30.2,8.1,15.8
xaomi,50,FEMALE,충남,중년_1인,4,,7.6,,6.1,4.3,8,0,2.7,,,25.2,26.5,6.4,12.4
xaomi,50,FEMALE,충남,키즈맘_초등생,1,10,8.3,10,6.7,4.7,,0,0.7,,,0.3,0.3,0.1,0.1
xaomi,50,FEMALE,충북,키즈맘_중학생,2,,7.4,,8,4.6,,,2.8,3.9,,26.1,22.6,6.1,12.7
xaomi,50,FEMALE,충북,,30,,7.2,,6.8,3.4,,,2.1,,,29.1,26.3,8.3,13.9
xaomi,50,FEMALE,충북,중년_2인,5,,,,6.8,5,8,,4.2,9.8,,32.9,32.6,8.8,15.7
xaomi,50,FEMALE,충북,중년_자녀동거,8,10,7.2,10,7,3.4,8,8.3,5.6,8.2,,20.9,21.4,5.2,12.7
xaomi,50,FEMALE,충북,중년_1인,5,,,,8.2,5.3,8,,3,1.4,,25.7,28.9,5.5,13.6
xaomi,50,MALE,,중년_1인,136,8.7,7.5,8.7,7.4,4.5,6.9,2.2,2.5,5.8,,26.7,30.3,5.9,14.1
xaomi,50,MALE,,키즈맘_미취학,18,10,7.3,10,7.4,4.4,4.8,2.7,4.2,6.5,,26.9,30.6,5.8,13.7
xaomi,50,MALE,,2인가구,15,6.7,7.6,6.7,7.9,3.7,7.6,0,2,5.2,,29.3,32.7,6.5,14.9
xaomi,50,MALE,,키즈맘_초등생,24,10,7.2,10,6.7,5.5,6.8,3.1,3.2,7.8,8,26.6,30.7,5.3,14.1
xaomi,50,MALE,,중년_2인,114,8.6,7.5,8.6,7,3.9,7,1.8,1.5,5.9,,26.7,29.9,5.9,14
xaomi,50,MALE,,키즈맘_중학생,58,9.3,7.4,9.3,7.2,3.7,5.7,2.3,2.6,4.3,,27.7,31.5,5.9,14.7
xaomi,50,MALE,,,1266,7.8,7.5,7.8,7.2,4.3,7,3.5,2.8,5,8.2,27.1,28.2,6.7,13
xaomi,50,MALE,,중년_자녀동거,279,8.6,7.6,8.6,7.6,4.3,7.4,2.5,2.5,5.1,8,24.9,29.1,5.2,13.7
xaomi,50,MALE,강원,키즈맘_미취학,1,,7.5,,7.7,2,,,0.1,,,36.6,36.3,9,18.6
xaomi,50,MALE,강원,중년_1인,6,10,7.1,10,5.9,2.4,9.3,,0.6,,,21.2,24.3,4.9,11.6
xaomi,50,MALE,강원,중년_2인,9,,6.9,,7.2,2.2,6.4,0.1,2.3,7.8,,26.3,31.3,6.1,14.2
xaomi,50,MALE,강원,중년_자녀동거,23,6.7,7.6,6.7,7,5.1,7.8,5.7,3.3,,,25.7,28.3,5.4,13.6
xaomi,50,MALE,강원,키즈맘_중학생,8,,7.2,,8.7,6,7.1,,5,9.6,,23.1,29.5,3.6,14.9
xaomi,50,MALE,강원,키즈맘_초등생,3,,7.8,,8.6,2.2,10,,3.6,,,29.5,32.4,6.8,15.4
xaomi,50,MALE,강원,2인가구,1,10,,10,6.9,6.1,,,1.4,,,37.4,38.4,9.2,19.3
xaomi,50,MALE,강원,,79,10,8,10,6.7,3.4,5.4,3.4,2.1,4.9,7.8,31.3,32.5,7.8,15.2
xaomi,50,MALE,경기,중년_1인,197,7.5,7.5,7.5,7.6,5.2,5.9,2.6,2.6,6.2,8.1,26.1,29.6,5.7,13.9
xaomi,50,MALE,경기,키즈맘_미취학,35,6.2,7.7,6.2,8.2,4.9,5.8,4.7,2.8,5.3,,27.3,31.3,5.7,14.4
xaomi,50,MALE,경기,중년_자녀동거,459,8.8,7.6,8.8,7.3,4.8,5.6,3.3,2.2,5.6,7.9,25.9,29.8,5.5,14
xaomi,50,MALE,경기,,1787,7.5,7.5,7.5,7.5,4.3,6.5,3,2.5,5.5,7.9,27.1,27.4,7,12.5
xaomi,50,MALE,경기,키즈맘_중학생,136,7.8,7.5,7.8,7.7,4.7,6.6,3.7,2.3,5.8,7.9,25.2,29.9,5,14
xaomi,50,MALE,경기,중년_2인,166,8.8,7.6,8.8,7.3,5.2,6.1,3.2,2.1,4.9,,26.9,30.2,5.8,14.1
xaomi,50,MALE,경기,2인가구,13,10,7.6,10,6.4,5.6,6.4,3.1,3.9,7.2,,30.6,31.9,7.1,15.1
xaomi,50,MALE,경기,키즈맘_초등생,52,8.3,7.7,8.3,7.3,5.6,7.2,2.5,2.4,4.8,8,24.9,29.1,5.6,13.6
xaomi,50,MALE,경남,중년_2인,20,7.5,7.3,7.5,6.5,2.3,6.5,8,1.4,6.2,,28.2,31,6.2,14.3
xaomi,50,MALE,경남,키즈맘_중학생,20,8.8,7.5,8.8,7.1,4.8,6.4,3,3.8,5.8,,23.6,26.8,5,12.5
xaomi,50,MALE,경남,,222,8.6,7.5,8.6,7,4.2,6.4,2.4,3,6.1,,27.5,28.1,7,12.6
xaomi,50,MALE,경남,키즈맘_미취학,3,,7.6,,7.2,2.5,,,2.8,,8,27.8,30.3,7,13.1
xaomi,50,MALE,경남,중년_자녀동거,60,8.6,7.6,8.6,7,4.5,7.8,2,3.1,6.2,7.8,26.3,29.9,5.6,14.2
xaomi,50,MALE,경남,키즈맘_초등생,9,10,7.8,10,7.2,4.8,7.2,0,4.4,9.7,,28.1,31.3,6.2,14.6
xaomi,50,MALE,경남,중년_1인,26,8.3,7.7,8.3,8,4.4,3.4,3.4,2.7,7,,23.9,29.3,4.7,14.1
xaomi,50,MALE,경북,중년_1인,28,7.8,7.4,7.8,7.1,3.8,4.8,4,2.5,5.4,,24.6,28.9,5.1,13.2
xaomi,50,MALE,경북,키즈맘_중학생,11,10,7.6,10,7.7,3.4,6.4,0,2.7,0.1,,26.8,30,6.4,13.7
xaomi,50,MALE,경북,,155,6.1,7.5,6.1,6.7,3.7,6.4,1.6,3.2,4,8,30.7,31.5,7.9,14.4
xaomi,50,MALE,경북,키즈맘_초등생,2,10,7.7,10,4.9,1,,0,0.7,,,30.1,35.6,8.8,14.4
xaomi,50,MALE,경북,키즈맘_미취학,2,,6.7,,8,1.2,6.4,,1.2,,,23.8,31,3.7,13.1
xaomi,50,MALE,경북,중년_2인,10,10,7.5,10,7.3,2.9,,,2.3,,,26.7,31.2,5.6,14.4
xaomi,50,MALE,경북,2인가구,2,,7.5,,8,3.3,10,,0.9,,,24.6,29.2,5.6,13.2
xaomi,50,MALE,경북,중년_자녀동거,36,9.8,7.5,9.8,7.3,3.3,6.4,8,2,2.7,,25.4,28.6,5.6,13.3
xaomi,50,MALE,광주,,110,8.6,7.7,8.6,6.8,2.6,7.6,2.4,1.4,4.8,,27.6,28.3,7.4,12.6
xaomi,50,MALE,광주,중년_자녀동거,31,9.5,7.6,9.5,7.4,3.3,6.9,0,1.9,6.6,,26.9,30.6,6.1,14.6
xaomi,50,MALE,광주,키즈맘_중학생,10,,7.5,,5.3,3.9,5.1,0,3.9,9.5,7.8,30.7,33.5,6.1,15.9
xaomi,50,MALE,광주,중년_1인,14,5,7.6,5,7.8,3.6,6.4,0,1.8,4.9,,26.9,30.2,6.2,13.7
xaomi,50,MALE,광주,키즈맘_초등생,3,,7.8,,8,3.7,,,4.9,,,25.3,24.6,6.3,12.2
xaomi,50,MALE,광주,2인가구,1,10,7.4,10,0,1.3,6.4,,2.2,,,17.6,25.4,2.5,11
xaomi,50,MALE,광주,중년_2인,11,10,7.3,10,6.9,5.9,6.4,0.2,2.7,3.9,,26.6,31.1,5.7,13.9
xaomi,50,MALE,대구,2인가구,6,10,7.6,10,6.5,3.9,7.6,2.7,1.3,,,28.2,31.6,7.1,15
xaomi,50,MALE,대구,중년_자녀동거,41,8.9,7.5,8.9,7.4,4.1,5.7,5.1,2.2,6,8,25.5,28.3,5.5,13.5
xaomi,50,MALE,대구,,158,6.4,7.2,6.4,6.9,3.3,3.7,4.4,2.6,6.5,7.8,27,26.5,7.1,11.3
xaomi,50,MALE,대구,중년_2인,7,5,7.2,5,7.8,5.6,6.4,0,2.8,,,24.9,25.3,5.6,12.3
xaomi,50,MALE,대구,키즈맘_미취학,2,4,7,4,4.2,1,,0,0.3,,,9.5,13.1,0.8,6.4
xaomi,50,MALE,대구,키즈맘_초등생,4,10,8.1,10,8.2,1.8,6.4,,1,7.6,,22.5,26,5,12.4
xaomi,50,MALE,대구,중년_1인,12,8,7.8,8,7.2,6.1,9.9,0.1,1.5,7.7,,27.4,30.4,6.3,14.6
xaomi,50,MALE,대구,키즈맘_중학생,18,8.3,7.3,8.3,6.3,4.4,6.4,3.6,2.1,6.6,,20.7,24,4.7,11.4
xaomi,50,MALE,대전,,187,5.8,7.6,5.8,7.1,3.4,6.9,2.8,2.2,2.5,,30.9,31.2,8,14.7
xaomi,50,MALE,대전,중년_1인,26,9.2,7.6,9.2,7.1,4.3,8.7,3,1.9,2.7,,30.2,32.7,6.9,15.6
xaomi,50,MALE,대전,키즈맘_중학생,15,7.9,7.6,7.9,7.9,5.1,7.6,0.1,3.8,,,27.3,31.2,5.9,14.8
xaomi,50,MALE,대전,키즈맘_초등생,8,10,7.7,10,7.2,5,,4,3.9,9.8,,25.5,28.6,5.5,13.6
xaomi,50,MALE,대전,중년_자녀동거,51,9.7,7.4,9.7,7.4,4.3,5.9,2.5,2.1,4.5,,25.3,28.6,5.4,13.6
xaomi,50,MALE,대전,중년_2인,18,6,7.5,6,5.3,4.8,6.4,0,2.3,7.8,,26.9,29.6,5.7,14.1
xaomi,50,MALE,대전,2인가구,2,,7.8,,7.2,0.9,8.2,0,0.4,5,,33,33.1,5.8,17
xaomi,50,MALE,부산,,317,7.9,7.5,7.9,7.6,4.4,6.7,5.5,2.3,4.7,7.8,29.7,30.2,7.7,13.8
xaomi,50,MALE,부산,중년_1인,37,9.4,7.6,9.4,8.2,4.6,6.4,3.7,2.5,4,7.8,23.5,27.6,5.1,12.9
xaomi,50,MALE,부산,키즈맘_초등생,11,8,7.3,8,8.7,4.4,6.4,4,1.5,0.1,,26.9,30.9,5,14.6
xaomi,50,MALE,부산,중년_자녀동거,90,8.8,7.5,8.8,7.1,4.2,6.8,2.7,2.3,4.2,8,28.4,31.6,6.3,14.9
xaomi,50,MALE,부산,키즈맘_중학생,28,5.5,7.6,5.5,7.8,5,6.1,4.4,3.7,8.2,,25,28.8,5.4,13.4
xaomi,50,MALE,부산,중년_2인,30,8.3,7.4,8.3,6.5,3.3,4.5,1.8,1.4,2,,24.9,28.4,5.1,13.6
xaomi,50,MALE,부산,키즈맘_미취학,8,7.5,7.9,7.5,8.4,3.5,6.4,0,1.2,,8.5,25.1,27.3,5.3,13
xaomi,50,MALE,부산,2인가구,2,,6.7,,9,1.1,,0.6,1,,,25.4,27.5,4.9,12.2
xaomi,50,MALE,서울,2인가구,13,5.6,7.5,5.6,7.5,4.7,6.4,2.7,3.2,,,23.1,25.2,5.2,11.4
xaomi,50,MALE,서울,,1136,8.5,7.6,8.5,8,4.8,6,2.7,2.6,4.7,7.9,28.3,29.1,7.2,13.6
xaomi,50,MALE,서울,키즈맘_중학생,87,7.9,7.6,7.9,8.2,4.4,7,3.4,2.6,3.6,8,24.7,29.5,5.1,13.7
xaomi,50,MALE,서울,중년_자녀동거,294,8.1,7.6,8.1,7.6,4.6,6.5,2.8,2.5,6.2,8,26.2,30,5.6,14.1
xaomi,50,MALE,서울,중년_2인,96,8.2,7.7,8.2,8.1,5.3,6.7,4.1,2.3,6.6,7.8,26.3,29.6,5.9,13.7
xaomi,50,MALE,서울,키즈맘_미취학,21,3.5,7.7,3.5,8.2,5.2,7,2.5,3.1,4.6,,28.8,31.3,6.4,15.2
xaomi,50,MALE,서울,키즈맘_초등생,35,7.6,7.5,7.6,8.2,5.9,6.2,1.9,3,4.6,,25.6,28.9,5.4,13.3
xaomi,50,MALE,서울,중년_1인,115,8.4,7.8,8.4,7.9,5.3,6.1,2.5,2.3,5.8,,27.6,30.3,6.1,14.3
xaomi,50,MALE,세종,키즈맘_중학생,4,10,7.3,10,9.5,6.8,,0,3.3,7.7,,21,26,5.7,10.3
xaomi,50,MALE,세종,중년_1인,8,10,7.7,10,8.9,3.2,6.4,8,2,5.4,,25.7,32.3,4.8,14.9
xaomi,50,MALE,세종,키즈맘_초등생,1,10,6.6,10,8,4.4,,8,1.7,,,24.3,32.3,4.7,15.3
xaomi,50,MALE,세종,중년_2인,5,5.5,7.7,5.5,9.2,5.9,,2.7,0.8,,,32,34.5,7.1,17.7
xaomi,50,MALE,세종,2인가구,1,10,,10,9.8,8.1,,,0,8.4,,14.3,24.1,0.9,10.3
xaomi,50,MALE,세종,중년_자녀동거,19,10,7.4,10,8,4.8,6.4,3.2,1.7,7.8,,24.6,28.3,5,13.6
xaomi,50,MALE,세종,,53,10,7.1,10,8.7,6,8,4,2.4,,,30.9,32,8.3,13.7
xaomi,50,MALE,울산,중년_자녀동거,29,8.6,7.5,8.6,6.6,3.3,5.7,0,1.7,2.9,,27.4,30.1,6,14.1
xaomi,50,MALE,울산,키즈맘_중학생,11,7.2,7.6,7.2,7.4,2.6,,3.2,3.4,,,28.9,33.6,6.2,15.7
xaomi,50,MALE,울산,,114,6.8,7.2,6.8,7.2,3.7,6,5.3,1.4,8.1,9.1,27.2,27.6,7.1,12.5
xaomi,50,MALE,울산,중년_1인,8,10,7.9,10,7.3,5.1,7.4,4.6,1.7,0,8.6,24.2,28.9,5.7,12.8
xaomi,50,MALE,울산,키즈맘_초등생,2,,7.7,,0,0.7,,,2.3,,,10.5,7.9,4.4,4.6
xaomi,50,MALE,울산,중년_2인,15,7.5,7.1,7.5,8.7,4.9,5.2,0.2,3,0.1,,25,31.3,5.6,15.2
xaomi,50,MALE,울산,2인가구,1,,6.6,,,0.8,,,1.8,,,19.6,30.8,1.3,14.4
xaomi,50,MALE,인천,중년_2인,37,8,7.6,8,7.1,5.2,8.2,2.7,1.9,4,,25.2,27.8,5.9,13
xaomi,50,MALE,인천,2인가구,2,10,7.7,10,9.5,5.6,,,4,,,38.3,38.7,9.4,18
xaomi,50,MALE,인천,,346,5.9,7.4,5.9,7.2,4.5,6.2,2.3,2.1,5.9,,29.2,29.8,7.5,13.7
xaomi,50,MALE,인천,키즈맘_미취학,9,0,7.3,0,8,4.9,7.6,,3.8,2.9,,29.6,30.7,7.2,14.4
xaomi,50,MALE,인천,키즈맘_중학생,25,4.4,7.8,4.4,7.3,3.9,6.4,6.1,2.4,4,,27.5,31.1,5.7,14.6
xaomi,50,MALE,인천,키즈맘_초등생,12,2.5,7.8,2.5,7.5,3,8.2,6.6,2.2,5.2,,25.4,28.9,5.3,13.3
xaomi,50,MALE,인천,중년_1인,34,8.4,7.5,8.4,6.9,5.5,6.4,2.7,3.2,0.1,8,27.5,30.7,6.3,14.2
xaomi,50,MALE,인천,중년_자녀동거,97,7.7,7.6,7.7,7.7,4.7,7.6,2.7,1.8,6.1,,26.1,29.6,5.7,13.8
xaomi,50,MALE,전남,중년_1인,5,10,8.1,10,5.5,4.9,,8.5,3.9,,,15.2,19.5,1.9,10.5
xaomi,50,MALE,전남,,80,8.4,7.7,8.4,7,4.4,3.2,4,3,5.2,,31.3,31.7,7.6,14.3
xaomi,50,MALE,전남,키즈맘_중학생,6,10,7.3,10,8.4,1.2,6.4,0.1,1.8,,,22.7,27.4,4.2,13.1
xaomi,50,MALE,전남,키즈맘_초등생,3,,7.2,,7.9,0.8,6.4,,1.7,,,23.7,30.2,4.1,13.3
xaomi,50,MALE,전남,중년_2인,10,10,7.7,10,6.8,3.6,4.3,,2.7,,,29,33,6.6,15.3
xaomi,50,MALE,전남,중년_자녀동거,32,7.3,7.5,7.3,6.6,4.4,7.3,0.2,3,,,26.5,31,5.6,14.4
xaomi,50,MALE,전북,2인가구,1,,6.7,,9.8,0.7,,,3,,,17.4,25.4,0.5,12.9
xaomi,50,MALE,전북,,119,2.9,7.5,2.9,6.6,4.5,8.5,1.6,3.5,3.6,,27.7,29.5,7.1,13.5
xaomi,50,MALE,전북,키즈맘_초등생,3,10,7.7,10,7.2,3.4,6.4,0.2,1.7,,,27.4,33,5.7,14.6
xaomi,50,MALE,전북,키즈맘_중학생,15,6.4,7.7,6.4,7.2,4.3,,4.5,1.9,,,26.3,29.7,5.8,13.9
xaomi,50,MALE,전북,키즈맘_미취학,1,,7.6,,2.5,,,,2.8,,,25.5,29.9,5.9,12.4
xaomi,50,MALE,전북,중년_1인,14,5,7.6,5,7.1,5.4,6.4,4.6,3.6,9.8,8.5,29.9,32.1,6.7,15.5
xaomi,50,MALE,전북,중년_2인,11,6.7,7.8,6.7,7.4,4.8,,1.6,2.6,3.9,,28,30.9,7,14.4
xaomi,50,MALE,전북,중년_자녀동거,35,7.5,7.6,7.5,7.4,3.2,8.5,1.1,2.2,5.4,,28.3,30.6,6.6,14.3
xaomi,50,MALE,제주,키즈맘_초등생,1,,8.3,,7.6,4.8,10,0,2.6,0.1,,36,37.8,8.6,12.3
xaomi,50,MALE,제주,키즈맘_중학생,2,10,6.6,10,9.8,4.6,,,2.7,7.6,8.1,14,21.1,0.9,12.1
xaomi,50,MALE,제주,중년_2인,1,,,,7.7,,,,,2.3,,33.9,36,9.1,17.3
xaomi,50,MALE,제주,중년_자녀동거,8,10,7.5,10,7.5,3.5,6.4,2.9,4.9,,,25.7,28.6,5.7,13.7
xaomi,50,MALE,제주,,26,10,7.9,10,4,4.6,,8,0.4,,,30.5,33.6,7.2,15.7
xaomi,50,MALE,제주,중년_1인,4,,7.9,,8.7,1.4,,,2,,,27.4,33.1,5.3,16.9
xaomi,50,MALE,충남,,183,8.5,7.5,8.5,7.7,4.2,7.2,0.1,2.2,6.2,,23,23.2,6.1,10.7
xaomi,50,MALE,충남,중년_2인,16,9.2,7.7,9.2,7.4,3,6.4,5.8,3.6,8.1,8,22.8,27.5,4.5,13.3
xaomi,50,MALE,충남,키즈맘_중학생,15,7.9,7.2,7.9,7.4,7.8,6.4,0,5.8,4.6,,23.7,28.4,4.7,13.8
xaomi,50,MALE,충남,중년_1인,30,6.7,7.4,6.7,6.9,3.7,4.3,1,2.6,3.3,,26.6,30.2,5.6,14
xaomi,50,MALE,충남,키즈맘_초등생,10,10,7.5,10,8.3,3.9,,0,1.8,6.7,7.8,26.7,31.4,5.7,14.9
xaomi,50,MALE,충남,중년_자녀동거,46,8.2,7.5,8.2,7.5,4.1,7.6,0.9,3.1,5.8,,26.5,30.1,5.5,14.4
xaomi,50,MALE,충남,키즈맘_미취학,7,5,8.1,5,8.6,4.4,6.4,4,1.5,5.8,8,23.9,26.5,5.1,12.8
xaomi,50,MALE,충북,키즈맘_미취학,5,9.1,7.7,9.1,7.9,3.8,,0,3.1,2.5,,28.3,31.3,7.8,13.5
xaomi,50,MALE,충북,키즈맘_초등생,4,,7.4,,8,5.1,6.4,,2.7,,,29.9,34.2,7.3,15.6
xaomi,50,MALE,충북,중년_자녀동거,32,8.5,7.4,8.5,7.6,3.4,6.9,5.5,1.9,6.6,,26.4,30.8,5.6,14.6
xaomi,50,MALE,충북,중년_1인,14,10,7.6,10,6.4,6.2,6.4,,3.9,5.2,,28.1,30.7,6.7,14.2
xaomi,50,MALE,충북,중년_2인,11,10,7.4,10,7,5.9,6.4,1.1,2.1,,,27.3,29.9,5.8,14.1
xaomi,50,MALE,충북,,127,10,7.5,10,7.1,4.2,3.1,2.6,2.4,6.4,,27.4,27.3,7.2,12.6
xaomi,50,MALE,충북,키즈맘_중학생,13,7.2,7.4,7.2,7.4,5.4,,0,3.2,4.6,,23.1,28.8,4.4,13.5
xaomi,50,MALE,충북,2인가구,1,,6.7,,,3.5,,,,,,17.4,28.3,0.2,15.9
xaomi,60,FEMALE,,중년_2인,23,10,8.1,10,5.8,3.8,8,3.5,1.8,8.8,,19.8,19.5,5.2,10.6
xaomi,60,FEMALE,,키즈맘_중학생,1,10,8.3,10,,1.6,,8.3,0,,,38.3,37.4,9.6,19.1
xaomi,60,FEMALE,,중년_1인,9,5,8.2,5,6.2,5.3,0.1,0,3.2,,,19.6,19.1,4.5,10.6
xaomi,60,FEMALE,,,224,8.1,8.1,8.1,6.5,4.3,10,4.1,3.7,8.3,8,21.3,19.4,6.3,9.9
xaomi,60,FEMALE,,중년_자녀동거,47,6.3,8.1,6.3,6.4,3.3,8,3.6,2.5,7.9,8.1,16.1,15.9,4.2,8.6
xaomi,60,FEMALE,,키즈맘_미취학,5,,8.1,,7.2,4.2,0.3,0,3.2,,,28.9,27.6,7.2,13.8
xaomi,60,FEMALE,,시니어,60,7.6,8.1,7.6,5.9,2.4,6.5,,1.3,5.9,,11.1,11.5,2.7,5.8
xaomi,60,FEMALE,,키즈맘_초등생,10,10,8.1,10,6.9,1.9,8,,0.5,8.1,,15.3,14.1,3.6,7.5
xaomi,60,FEMALE,강원,키즈맘_미취학,1,,,,8,5.8,8,,2.2,,,21.8,10.2,4.6,7.2
xaomi,60,FEMALE,강원,중년_자녀동거,2,10,9,10,8,9.4,,,9.6,7.8,,16.9,15.7,5.6,8.5
xaomi,60,FEMALE,강원,시니어,4,0,,0,7.9,1.6,8,,2.4,,,6.1,7.4,1.2,4.3
xaomi,60,FEMALE,강원,,7,,,,,,,,,,,,,,
xaomi,60,FEMALE,경기,시니어,32,5.9,8.2,5.9,7.7,3.1,8,1.7,2.5,5.7,,9.7,9.8,2.4,5.4
xaomi,60,FEMALE,경기,중년_1인,17,7.4,8.1,7.4,4.5,2.7,8,2.9,3.8,9.8,,24.6,23.7,6.5,12.7
xaomi,60,FEMALE,경기,키즈맘_미취학,9,7,8.3,7,7,5.8,,,1.3,,,15.7,15.8,4.5,8.4
xaomi,60,FEMALE,경기,중년_2인,24,8.3,8.6,8.3,7.4,5.2,5.3,2.8,4,6.1,,29.7,28.7,7.7,14.4
xaomi,60,FEMALE,경기,키즈맘_중학생,3,10,8.2,10,7.2,,,,1.2,,,12.4,12.8,3.2,5.9
xaomi,60,FEMALE,경기,키즈맘_초등생,1,,,,8,,,,,,,18.6,15.1,7.4,6.9
xaomi,60,FEMALE,경기,중년_자녀동거,48,9.4,8.2,9.4,7.4,3,6.1,1.2,2.7,2.4,8,20.8,19.8,5.4,10.5
xaomi,60,FEMALE,경기,,190,7.8,8.1,7.8,6.9,3.5,8,,2.9,5.2,,18.5,16.9,5.1,8.6
xaomi,60,FEMALE,경남,중년_1인,2,,,,,1,,,1.4,,,11.2,9.9,3.2,5.8
xaomi,60,FEMALE,경남,시니어,3,,8.1,,7.9,2.3,,,4.3,,,13.1,14.1,2.9,6.6
xaomi,60,FEMALE,경남,중년_자녀동거,7,0,8.2,0,6,2.3,8,,0.8,,8,18.9,18.6,4.5,10
xaomi,60,FEMALE,경남,중년_2인,1,10,,10,2.3,1.1,,,1.9,,,39.2,39.3,9.8,18.3
xaomi,60,FEMALE,경남,키즈맘_초등생,1,,,,,,,,,,,20.5,15.7,7.7,8.2
xaomi,60,FEMALE,경남,키즈맘_중학생,2,,8.1,,8,1,,,,,,6.6,7.6,0.8,4.8
xaomi,60,FEMALE,경남,,23,10,8.4,10,5.2,2.4,,,0.8,,,28.2,27.9,6.9,13.7
xaomi,60,FEMALE,경북,키즈맘_중학생,1,10,,10,7.9,,,,,,,0,0,0,0
xaomi,60,FEMALE,경북,시니어,2,,,,,0.8,,,1.9,,,7,9.2,0.9,4.9
xaomi,60,FEMALE,경북,중년_2인,4,,,,3.8,1.1,,,2.9,,,21.1,23.4,3.9,12.1
xaomi,60,FEMALE,경북,중년_1인,2,10,8.1,10,7.9,1,,,1.3,,,15.2,19.5,3.5,12.9
xaomi,60,FEMALE,경북,,26,,8.1,,4.9,3.3,8,8.3,1.8,7.9,,24.3,21,7.1,10.8
xaomi,60,FEMALE,경북,키즈맘_미취학,2,10,,10,7.3,0.9,8,,0.5,,,29.5,27.5,6.5,15.3
xaomi,60,FEMALE,경북,중년_자녀동거,6,10,,10,8.7,1.8,,,2.5,8.2,,18.2,18.8,5.2,9.4
xaomi,60,FEMALE,광주,중년_2인,3,,8.1,,1.2,1.1,,,1.8,,,8.2,9.9,0.7,5.6
xaomi,60,FEMALE,광주,시니어,2,,,,7.2,1.1,,,,2.7,,0,0,0,0
xaomi,60,FEMALE,광주,중년_자녀동거,6,10,,10,8.4,3.7,,,1,7.9,,18.2,18.3,4.7,9.1
xaomi,60,FEMALE,광주,키즈맘_미취학,1,,,,,1.2,,,0.2,,,14.5,17.8,2,9.8
xaomi,60,FEMALE,광주,,17,10,,10,0,0.7,,,,7.8,,22.4,9.2,9.4,5.3
xaomi,60,FEMALE,대구,중년_자녀동거,4,10,8.1,10,8.7,6.1,8,8,0.7,,,13.8,15,3.1,8.2
xaomi,60,FEMALE,대구,중년_2인,1,10,8.1,10,,,,,,,,29.1,26.2,6.4,13.4
xaomi,60,FEMALE,대구,중년_1인,1,,,,5.7,0.7,,,1.8,,,39.1,39,9.8,18.7
xaomi,60,FEMALE,대구,시니어,7,6.7,8.2,6.7,5.7,2.7,,,1.5,8,,14.4,16.3,2.8,9.3
xaomi,60,FEMALE,대구,,20,10,,10,8,2.2,,,2.5,,,14.3,8.7,6.1,4.1
xaomi,60,FEMALE,대전,중년_자녀동거,4,10,,10,9,4.8,8,,1.4,7.9,,18.8,19.7,4.1,10.4
xaomi,60,FEMALE,대전,중년_2인,4,10,,10,8,3.1,,8.9,5,8,,23.1,21.2,5.9,12.5
xaomi,60,FEMALE,대전,,20,10,,10,6.5,2,,,3.7,,,22.4,20.9,6.5,9.5
xaomi,60,FEMALE,대전,시니어,6,10,,10,8,3.5,8,8.3,1.1,,8.5,15.6,14.5,4,7.9
xaomi,60,FEMALE,대전,키즈맘_미취학,1,,,,,6.4,,,2.4,,,16.3,20,3.5,10.8
xaomi,60,FEMALE,부산,키즈맘_미취학,3,5,,5,8.9,1.7,,,0.1,,,26,24,6.7,11.8
xaomi,60,FEMALE,부산,키즈맘_초등생,3,6,8.1,6,8,4.4,,,0.1,,,10.4,8.9,3.3,4.7
xaomi,60,FEMALE,부산,중년_2인,3,,,,8,1.2,8,,0.7,7.8,,19.5,18.3,6.4,8.9
xaomi,60,FEMALE,부산,중년_자녀동거,9,10,,10,7,2.4,8,4,1.9,8.1,,20.2,19.5,7,10.2
xaomi,60,FEMALE,부산,시니어,6,10,8.1,10,9,3.8,,8,3.7,8,,8.4,8,2,4.4
xaomi,60,FEMALE,부산,중년_1인,2,10,,10,,5.5,,,3.2,,,28,28.3,7.8,13.4
xaomi,60,FEMALE,부산,,35,10,8.1,10,4.7,2,8,8,0.9,,,24.4,22.6,7.1,10.8
xaomi,60,FEMALE,서울,중년_1인,9,8,,8,6.9,4.5,,,2.6,7.8,,22.9,21.8,5.8,12.4
xaomi,60,FEMALE,서울,시니어,17,8.8,8.1,8.8,6.5,2.2,8,2.5,2,,,17.3,16.8,4.5,8.3
xaomi,60,FEMALE,서울,중년_2인,6,,8.1,,7.3,4,,,1.3,,,20.7,24.7,4.5,11.1
xaomi,60,FEMALE,서울,키즈맘_초등생,2,10,,10,,,,,,,,26.3,27.8,5.9,13
xaomi,60,FEMALE,서울,키즈맘_중학생,1,,8.1,,9.9,8.2,8,,2,,,0,0,0,0
xaomi,60,FEMALE,서울,,100,10,8.2,10,7.2,5.8,8,5.3,1.6,5.1,,24,21.6,7.4,10.3
xaomi,60,FEMALE,서울,키즈맘_미취학,3,5,8.4,5,7.7,5.4,,8,5.2,7.5,,19.3,16.5,4,7.1
xaomi,60,FEMALE,서울,중년_자녀동거,20,10,8.2,10,5.4,4.5,8,8,1.8,9.9,,22.9,22.3,6.1,11.7
xaomi,60,FEMALE,세종,,2,,8.1,,7.4,8.8,,,1.2,,,26.5,30.1,5.3,17.2
xaomi,60,FEMALE,울산,중년_자녀동거,1,,,,,0.7,,,0.3,,,15.5,22.7,6.7,11.7
xaomi,60,FEMALE,울산,,14,2.2,8.6,2.2,8.3,5.6,,0,0.7,8.9,,28.4,24.6,9.2,12.1
xaomi,60,FEMALE,울산,중년_2인,2,5.5,,5.5,9.9,1.2,,,2.4,7.9,,12.7,11.8,4.2,6.8
xaomi,60,FEMALE,울산,시니어,2,10,,10,3,3.8,,,0.4,,,6.4,9,0.3,4.8
xaomi,60,FEMALE,인천,키즈맘_초등생,2,,,,0,1.5,8,,0.8,,,13.5,9.8,4.1,5.2
xaomi,60,FEMALE,인천,키즈맘_미취학,3,,8.1,,3.8,3.3,,,2.4,,,28.1,27.9,7,14
xaomi,60,FEMALE,인천,중년_자녀동거,11,0,8.5,0,7.9,3.2,8,4,1.1,5.5,8.1,23.4,22.9,6.5,11.6
xaomi,60,FEMALE,인천,중년_1인,2,,,,4,0.5,,,5.3,,,24.3,24.4,6.3,13.6
xaomi,60,FEMALE,인천,,51,10,8.1,10,5.5,1.9,8,,2.4,,,23.2,20.1,6.6,10.2
xaomi,60,FEMALE,인천,키즈맘_중학생,1,,,,8,9.1,,,,,,12,15.4,0.5,9.1
xaomi,60,FEMALE,인천,시니어,12,10,8.5,10,6.1,3.6,8,,2.6,,,9.9,10.4,2.2,5.1
xaomi,60,FEMALE,인천,중년_2인,5,10,8.4,10,6.7,4.1,,,5,9.1,,30.7,29.3,8.1,15.6
xaomi,60,FEMALE,전남,중년_1인,1,,,,,0.6,,,,8.1,,22.7,18.2,8.5,8.6
xaomi,60,FEMALE,전남,중년_자녀동거,3,,8.4,,6,1.3,8,,2.3,,,32.2,28.9,7.8,15.6
xaomi,60,FEMALE,전남,,7,,,,,,,,,,,,,,
xaomi,60,FEMALE,전남,시니어,1,,8.1,,,,,,2.9,,,0,0,0,0
xaomi,60,FEMALE,전남,중년_2인,2,,8.4,,5.2,1.1,,0,2.3,9.9,,23.4,25.9,5.4,13
xaomi,60,FEMALE,전북,중년_자녀동거,3,,8.1,,4.8,9.1,,,8.3,,,12.9,12.7,3.2,6.4
xaomi,60,FEMALE,전북,키즈맘_초등생,2,10,,10,4,5.6,,,9.9,,,15.3,15.6,2.4,10.7
xaomi,60,FEMALE,전북,시니어,3,3.4,,3.4,8.3,5.8,10,,5.3,,,9.8,9.8,2.5,4.6
xaomi,60,FEMALE,전북,중년_2인,1,,,,5.9,9,,,3,,,39.4,39.4,9.8,18
xaomi,60,FEMALE,전북,,10,,8.1,,,2.3,8,,0.4,,,29.1,21,9.4,11.2
xaomi,60,FEMALE,제주,시니어,1,,,,9.4,0.8,,8,0.9,,,0,0,0,0
xaomi,60,FEMALE,제주,중년_자녀동거,1,,,,1.7,1,,,0.6,,,33.3,32,7.2,11.3
xaomi,60,FEMALE,제주,,2,,,,,,,,,,,,,,
xaomi,60,FEMALE,제주,키즈맘_초등생,1,,,,9.9,3,,,1.8,,,0,0,0,0
xaomi,60,FEMALE,충남,중년_2인,2,,8.1,,9.8,4.8,,,4.9,,,39.4,39.1,9.8,19.3
xaomi,60,FEMALE,충남,중년_1인,1,,8.3,,,2.2,,,2.1,,,38,37.3,9.5,18
xaomi,60,FEMALE,충남,,18,,,,2.3,1.4,,8.9,,,,9.1,5.6,3.2,3
xaomi,60,FEMALE,충남,시니어,5,0,8.3,0,2.3,1,8,,1.1,,,12.4,11.8,3.6,6
xaomi,60,FEMALE,충남,중년_자녀동거,3,,8.1,,,1,,,,,,13.1,13.2,3.3,6.2
xaomi,60,FEMALE,충북,시니어,2,,,,9.1,9.6,,,0.3,,,0,0,0,0
xaomi,60,FEMALE,충북,키즈맘_중학생,2,3.1,8.3,3.1,9.8,9.9,,,5.2,7.8,,28.8,24.7,8.2,14.4
xaomi,60,FEMALE,충북,키즈맘_미취학,1,,,,8,2.8,,,1.8,,,25.1,20.3,5.6,9.2
xaomi,60,FEMALE,충북,키즈맘_초등생,2,10,8.2,10,8.9,1.2,,,0.8,,,12.8,14.5,3.5,7.9
xaomi,60,FEMALE,충북,중년_자녀동거,2,10,8.1,10,6.7,9.5,,4,0.3,9.1,,28.8,28.9,7.6,14.8
xaomi,60,FEMALE,충북,중년_2인,3,,,,8,1.7,,,1.1,,,19.3,20.5,3.9,11.6
xaomi,60,FEMALE,충북,,15,10,,10,8,1.2,,,0.3,7.9,8,11.4,5.5,4.7,2.7
xaomi,60,MALE,,중년_자녀동거,105,8.6,8.2,8.6,6.8,3.1,5.4,2.7,1.7,5.5,8.1,25.1,27.4,5.8,12.6
xaomi,60,MALE,,키즈맘_미취학,12,10,8.1,10,7.7,2.4,,,0.4,,,19.5,21.8,4.3,10.5
xaomi,60,MALE,,중년_2인,63,7.7,8.2,7.7,6.1,3.2,4.8,3.4,1.2,6.3,,23.9,26.7,5.4,12.5
xaomi,60,MALE,,,513,7.8,8.2,7.8,6.9,2.9,5.3,3.3,1.6,4.8,8.1,24.6,26,6,12
xaomi,60,MALE,,키즈맘_초등생,6,,,,5.6,4.4,,,0.2,,,27.1,30.4,6.1,14
xaomi,60,MALE,,중년_1인,25,10,8.2,10,6.8,3.9,6.4,4.4,2.4,7.9,,24.6,27.3,5.5,13
xaomi,60,MALE,,시니어,115,7.1,8.3,7.1,6.6,2.2,4.5,0,1.9,6.8,8.2,12,13.3,2.6,6.4
xaomi,60,MALE,강원,중년_1인,2,0,8.1,0,4.4,7.9,,,0.4,,,16.6,26.6,1.3,12.2
xaomi,60,MALE,강원,중년_2인,5,,8,,6,2.2,6.4,,0.9,8.5,,24.1,28,3.9,14.2
xaomi,60,MALE,강원,,28,0,,0,,,,,,,,26.4,26.1,7.5,7.6
xaomi,60,MALE,강원,키즈맘_중학생,1,10,,10,8.1,9.3,,,9.4,,,11.9,17,2.2,6.6
xaomi,60,MALE,강원,키즈맘_미취학,2,,8.1,,4.9,1.4,,,0.4,,,36.2,37.1,9.3,18.2
xaomi,60,MALE,강원,시니어,5,10,8,10,7.7,0.9,,,0.7,,,13.1,14.7,2.5,7.4
xaomi,60,MALE,강원,중년_자녀동거,11,,8.2,,7.8,4,6.4,0.2,1.9,,,20.4,24.4,4,11.1
xaomi,60,MALE,경기,키즈맘_초등생,6,6.1,8.3,6.1,5.7,1.2,,8,1.1,,,37,36.6,9,17.7
xaomi,60,MALE,경기,,501,8.7,8.2,8.7,6.3,2.9,5,2.4,1.1,5.3,,21.5,22.1,5.4,10.1
xaomi,60,MALE,경기,키즈맘_미취학,14,6.7,8.1,6.7,7.2,5.3,0.7,0,1.9,,,26.2,26.2,6.7,13
xaomi,60,MALE,경기,중년_1인,35,3.5,8.2,3.5,7,3.4,6.4,0,1.2,,8.1,27.6,30.5,6,14.1
xaomi,60,MALE,경기,2인가구,1,,8.3,,,,,,2.3,,,38.7,38.7,9.7,19.6
xaomi,60,MALE,경기,시니어,75,7.3,8.3,7.3,6.3,2.2,6.4,0,1.3,4.6,8.2,11.7,12.4,2.7,5.8
xaomi,60,MALE,경기,키즈맘_중학생,6,10,8.3,10,3.6,4.9,,8,5,0.3,8.2,29.6,31.5,7.1,16
xaomi,60,MALE,경기,중년_자녀동거,107,7.1,8.2,7.1,7.1,3.8,5.9,2.3,1.6,5.9,8.2,24.8,27.7,5.4,12.7
xaomi,60,MALE,경기,중년_2인,79,8.6,8.2,8.6,6.9,4.4,6.1,2.1,1.8,6,8.1,27.3,30.1,5.9,14.2
xaomi,60,MALE,경남,중년_1인,5,,8,,8.9,0.7,10,,0.9,,,37.1,36.5,9.1,17.8
xaomi,60,MALE,경남,중년_2인,12,10,8.2,10,6,5,6.4,4,1.6,,,28.4,31.2,6.6,14.1
xaomi,60,MALE,경남,키즈맘_중학생,1,,8.2,,8,1.1,10,,2.8,,,23.2,27.1,5.8,10.4
xaomi,60,MALE,경남,키즈맘_초등생,2,6.9,9.6,6.9,9.5,1.4,,0,1.5,,,9.2,13.6,3,6.3
xaomi,60,MALE,경남,,75,10,8.1,10,6.9,2.6,6.9,,1.7,,,26.8,27.3,7.3,12.9
xaomi,60,MALE,경남,시니어,16,10,8,10,6.4,2.1,,0,2.2,5.1,,9.2,10.5,2.2,5
xaomi,60,MALE,경남,중년_자녀동거,15,2.5,8.2,2.5,7.1,2.6,,0,2.3,,,26,28.9,5.4,14
xaomi,60,MALE,경북,시니어,14,0,8.1,0,7.3,1.3,6.4,0,0.6,,,5.7,6.5,1.2,3.2
xaomi,60,MALE,경북,키즈맘_미취학,4,,8,,5.9,2.9,,,0.7,,,20.5,24.7,5.3,10.4
xaomi,60,MALE,경북,,58,10,8.2,10,8.8,3,,9.4,1.1,,,23.2,25.2,5.4,12
xaomi,60,MALE,경북,중년_1인,4,,8.4,,5.5,2,,,1.5,,,33.9,33.2,8.4,16.1
xaomi,60,MALE,경북,중년_2인,9,5,8.1,5,5.8,1.4,3.7,,0.6,2.4,,31.5,34.9,7.1,16
xaomi,60,MALE,경북,중년_자녀동거,9,10,8.1,10,7.1,0.9,6.4,4,1.5,,,23.4,27.7,4.4,12.7
xaomi,60,MALE,광주,시니어,4,,8,,4.5,0.8,,0,1.5,,,9.1,9.5,2.1,4.5
xaomi,60,MALE,광주,키즈맘_초등생,1,,,,,1.2,,,,,,0,0,0,0
xaomi,60,MALE,광주,중년_1인,4,10,8.1,10,6.2,1.1,6.4,,2.2,,,28.8,31.3,5.7,14.6
xaomi,60,MALE,광주,중년_2인,5,10,8.4,10,7.5,0.9,10,0,0.6,,,28.6,29.7,7,14
xaomi,60,MALE,광주,중년_자녀동거,3,0,8,0,4.9,1.4,,,1.7,,,28,30.5,5.9,13.4
xaomi,60,MALE,광주,키즈맘_미취학,1,,,,8,0.6,,,,,,15.8,23.3,1.1,9.3
xaomi,60,MALE,광주,,29,5,8.1,5,8.5,0.8,,,1,,,25.1,26,6.9,11
xaomi,60,MALE,광주,키즈맘_중학생,2,,8.2,,8,1.3,,,2.1,,,22.3,26.4,4.5,12.7
xaomi,60,MALE,대구,,49,8.8,8.1,8.8,6.2,2.4,6.4,,1.9,0.2,,20,21.8,4.7,9.7
xaomi,60,MALE,대구,키즈맘_미취학,1,,,,,0.8,,,1.3,,,26.3,29.3,6.9,11.1
xaomi,60,MALE,대구,시니어,12,8.3,8.3,8.3,7.5,2,6.4,5.5,0.9,9.8,,9.6,11,2.1,5
xaomi,60,MALE,대구,키즈맘_초등생,1,,,,7.5,0.6,,,,,,36.8,36.5,9.5,18.3
xaomi,60,MALE,대구,중년_1인,1,,,,7.3,0.8,,,,,,26.9,31.2,5.4,14.2
xaomi,60,MALE,대구,중년_자녀동거,5,,8.1,,8.1,0.9,,,0.3,,,24.8,28.6,6.2,12.3
xaomi,60,MALE,대구,키즈맘_중학생,1,,8,,8.6,1.7,,,0.2,,,38.4,37.4,9.5,17.7
xaomi,60,MALE,대구,중년_2인,9,10,8,10,6,1.1,,,0.8,7.9,,30.4,32.3,7.4,15.1
xaomi,60,MALE,대전,중년_자녀동거,19,8,8.2,8,7,3.1,5.3,0,1.3,1.6,,30,32.3,7,15
xaomi,60,MALE,대전,시니어,8,5,8,5,3.8,3.5,6.4,,1.3,,,17,20,3.9,9.3
xaomi,60,MALE,대전,중년_1인,4,0,8.2,0,1.6,2.6,,,1,,,36.6,36.3,9.5,18
xaomi,60,MALE,대전,키즈맘_미취학,2,10,8.4,10,8.8,0.9,,,0.6,,,0,0,0,0
xaomi,60,MALE,대전,키즈맘_초등생,1,10,,10,,,,,,,,38.6,38.5,9.6,18.4
xaomi,60,MALE,대전,중년_2인,5,10,8.2,10,5.7,5.9,6.4,,1.9,,,22.6,25.9,4.9,11.9
xaomi,60,MALE,대전,,59,6.7,8.1,6.7,6.6,2.8,10,0,1,6.5,,25.3,24.6,6.8,11.1
xaomi,60,MALE,부산,키즈맘_초등생,1,,8,,,,,,,,,0,0,0,0
xaomi,60,MALE,부산,키즈맘_중학생,1,10,,10,6.3,,,,,,,0,0,0,0
xaomi,60,MALE,부산,,70,0,8.4,0,7.3,3.1,10,1.9,1.8,7.8,,22.4,22.5,6.3,9.2
xaomi,60,MALE,부산,시니어,5,5,,5,6.4,2.6,6.4,0.2,1.1,,,6.3,6.5,1.6,3.1
xaomi,60,MALE,부산,중년_2인,12,5,8.1,5,6.7,1.2,6.4,,1,,,20.3,22.4,4.7,10.5
xaomi,60,MALE,부산,중년_자녀동거,21,10,8.1,10,6.3,2.1,6.4,8.6,1.3,,,24.7,27.7,5.6,12.2
xaomi,60,MALE,부산,중년_1인,5,10,8.1,10,6.1,2.3,6.4,,0.9,,,24.6,32.3,5.3,14.7
xaomi,60,MALE,부산,키즈맘_미취학,2,,,,5.7,0.5,,,1.8,,,28.3,32.6,5.3,14.3
xaomi,60,MALE,서울,,240,5.6,8.2,5.6,6,2.8,6.4,2,1.8,4,,22.1,22.9,5.6,10.6
xaomi,60,MALE,서울,중년_2인,29,8.8,8.4,8.8,6.5,5.1,7.3,2.8,2.8,8,8.2,27.1,29.9,6.1,13.9
xaomi,60,MALE,서울,키즈맘_미취학,4,10,8.1,10,5.9,1.8,6.4,4,0.6,,,29.3,32.1,7,14.8
xaomi,60,MALE,서울,시니어,40,6.1,8.1,6.1,6.4,1.9,6.4,4.3,1.1,3,,12.5,13.4,2.8,6.2
xaomi,60,MALE,서울,중년_1인,14,10,8.6,10,6.7,2,,4.6,3.5,0.2,,23.2,26.3,5.3,11.8
xaomi,60,MALE,서울,중년_자녀동거,70,5.9,8.2,5.9,7.2,3.5,6.9,3.5,1.5,8.3,,23.1,25.6,5.1,12
xaomi,60,MALE,서울,키즈맘_초등생,2,10,8,10,8.2,3.9,,,1.1,8.6,,21.8,26,4.5,12.5
xaomi,60,MALE,서울,키즈맘_중학생,2,10,8.2,10,10,2.7,6.4,,0.4,,,33.3,36,7,17.4
xaomi,60,MALE,세종,중년_자녀동거,1,,,,8,0.8,,,,,,0,0,0,0
xaomi,60,MALE,세종,,9,,,,,,,,,,,,,,
xaomi,60,MALE,세종,중년_2인,1,,,,,5.5,,,2,,,38,37.4,9.5,19.2
xaomi,60,MALE,세종,시니어,2,,,,,0.7,,,,,,19.4,23.3,4.2,11.1
xaomi,60,MALE,세종,중년_1인,1,,8.2,,7.5,9.2,6.4,,0.6,,,30.8,34.9,8.3,15.1
xaomi,60,MALE,울산,중년_2인,6,10,8.1,10,4.9,2.8,6.4,,2,,,30.9,35.2,6.9,16.2
xaomi,60,MALE,울산,중년_자녀동거,5,10,8.9,10,9.7,4.4,6.4,,3.6,,,10.3,15.4,0.5,7.8
xaomi,60,MALE,울산,중년_1인,3,,8,,8,0.7,8.2,0.2,0.6,,,19.4,27.4,3.6,12.8
xaomi,60,MALE,울산,,34,10,8,10,5.4,3,6.4,,3.9,,,27,29.9,6.7,13.2
xaomi,60,MALE,울산,시니어,5,10,,10,8.3,1,6.4,,1.3,,,14,18.3,2.1,8.5
xaomi,60,MALE,울산,키즈맘_초등생,1,,8.2,,5.3,0.6,,,,,,0,0,0,0
xaomi,60,MALE,인천,,112,10,8.1,10,6.2,2.1,6.4,2.7,0.8,,,28,28.4,7.1,13.2
xaomi,60,MALE,인천,시니어,12,,8.1,,5.8,4.7,,,1.1,,,15.2,18.4,3,8.4
xaomi,60,MALE,인천,중년_1인,14,6.7,8.2,6.7,7,1.6,3.2,2.7,1.5,0.3,,28.1,31,5.9,14.9
xaomi,60,MALE,인천,키즈맘_초등생,3,,8.2,,7.8,1.1,6.4,,1.2,,,30.9,34.4,7.4,15.6
xaomi,60,MALE,인천,중년_자녀동거,26,8,8.8,8,7.3,2.7,6.5,4.3,2,8.1,,23.3,25.6,5.8,11.9
xaomi,60,MALE,인천,키즈맘_중학생,2,,8.4,,7.8,0.8,,,0.7,,,8.5,8.4,2.1,4.4
xaomi,60,MALE,인천,중년_2인,20,6.7,8.3,6.7,4.5,2.5,6.9,4.8,0.6,8.1,,23.9,27.2,5.3,12.3
xaomi,60,MALE,인천,키즈맘_미취학,3,0,8,0,8.6,5.1,,,5.4,4,,18,21.6,3.3,10.3
xaomi,60,MALE,전남,시니어,4,10,,10,8,0.6,8.2,,0.4,,,6.4,8.1,1.5,3.3
xaomi,60,MALE,전남,키즈맘_초등생,1,,,,8,3.1,,,,,,24.4,32.2,6.4,12.3
xaomi,60,MALE,전남,중년_2인,5,,8.1,,4.4,5.4,,,3.8,,,25.9,27.9,6,13.7
xaomi,60,MALE,전남,중년_자녀동거,8,5,8.4,5,5.6,1.5,,,0.5,0.3,,21.7,24.8,5,11.8
xaomi,60,MALE,전남,,24,,,,,,,,,,,,,,
xaomi,60,MALE,전남,키즈맘_미취학,1,,,,0,3.8,,,1.5,,,24.3,26.8,5.3,10.1
xaomi,60,MALE,전남,중년_1인,2,10,,10,8,,,,,,,12.2,12.9,3.1,6.1
xaomi,60,MALE,전북,시니어,8,10,8.3,10,7.6,3.8,,,4.1,,,15.2,16.6,3.4,8.1
xaomi,60,MALE,전북,중년_1인,4,,8.4,,9.2,2.5,6.4,0,0.6,,,32.1,34.2,7.7,16
xaomi,60,MALE,전북,중년_2인,8,1.5,8.2,1.5,8.4,0.9,0,0,0.9,,,23.5,28.1,4.9,12.1
xaomi,60,MALE,전북,키즈맘_중학생,1,,8,,,,,,,,,16.9,29.1,1,14.1
xaomi,60,MALE,전북,,41,5,8.4,5,7.2,4.8,,,,8.9,,27.9,29.1,6.2,14.4
xaomi,60,MALE,전북,키즈맘_초등생,1,,8.6,,6.4,0.4,,,1.3,,,0,0,0,0
xaomi,60,MALE,전북,중년_자녀동거,8,10,8.3,10,4.4,3,6.4,0,2.2,2.8,,33.2,34.6,8,15.8
xaomi,60,MALE,제주,중년_2인,2,10,8,10,1,0.7,,,3,,,23.3,31.7,3.6,14.3
xaomi,60,MALE,제주,키즈맘_초등생,1,,8,,,,,,2.2,,,28.5,32.2,9.1,14.2
xaomi,60,MALE,제주,,11,,,,,,,,,,,,,,
xaomi,60,MALE,제주,중년_자녀동거,1,,8,,9.4,5.7,,,8.7,,,0.3,0.3,0.1,0.1
xaomi,60,MALE,제주,중년_1인,1,10,,10,9.9,0.8,,,0.4,,,13,17.3,3.7,7.2
xaomi,60,MALE,제주,시니어,2,,,,9.3,1.1,,,0.4,,,0,0,0,0
xaomi,60,MALE,제주,키즈맘_미취학,2,,8,,6.4,2.2,,,3.7,,,28.8,31.5,6.5,13.1
xaomi,60,MALE,충남,중년_자녀동거,6,2.1,8.4,2.1,6.7,2.6,,8.9,0.5,,,30.2,31.3,6.9,15
xaomi,60,MALE,충남,키즈맘_미취학,2,10,8,10,8,0.7,10,,0.4,,,23.4,29.7,4.7,14.6
xaomi,60,MALE,충남,,53,10,8.2,10,7.9,3.2,1.9,0,0.6,,,31.2,32.9,7.6,15.5
xaomi,60,MALE,충남,키즈맘_중학생,1,,,,,,,,1.8,,,19.8,30.3,0.8,14.2
xaomi,60,MALE,충남,중년_2인,11,10,8.1,10,8.4,2.7,0.1,8,0.8,,,27.5,32.7,5.3,16.2
xaomi,60,MALE,충남,중년_1인,6,,8.2,,7,2.1,10,,0.3,,,35.5,35.1,8.9,16.8
xaomi,60,MALE,충남,시니어,13,8.4,8.2,8.4,6.5,1.1,,,1.6,7.8,,7.6,7.5,2,3.4
xaomi,60,MALE,충북,키즈맘_중학생,1,,,,,0.7,6.4,,0.5,,,36.3,37,8.8,18.5
xaomi,60,MALE,충북,중년_1인,1,,,,7.9,0.8,,,0.2,,,35.6,35,9.2,16.8
xaomi,60,MALE,충북,시니어,5,10,8.3,10,8.2,3.2,,,1.6,,,3.1,5.2,0.3,2.1
xaomi,60,MALE,충북,중년_2인,4,10,,10,8.4,2.1,6.4,,0.6,,,24.5,27.6,6.1,12.1
xaomi,60,MALE,충북,키즈맘_초등생,2,10,,10,2.8,5.7,,,,,,27.4,30.4,6.4,13
xaomi,60,MALE,충북,중년_자녀동거,11,7.5,8.2,7.5,8.7,4,,0,3.7,,,23.6,26.7,5.3,12.3
xaomi,60,MALE,충북,,32,,8,,6.3,0.9,6.4,8,0.7,,,33.7,34.1,9.5,15.6
xaomi,70,FEMALE,,시니어,45,7.7,8.9,7.7,8.2,2.5,5.3,6.1,3.5,8.3,,0,0,0,0
xaomi,70,FEMALE,,키즈맘_중학생,2,,,,8,1,,,0.8,,,0,0,0,0
xaomi,70,FEMALE,,,87,10,8.9,10,6.2,1.5,,,3,,,0,0,0,0
xaomi,70,FEMALE,,키즈맘_초등생,2,,,,2.4,0.9,,,2.6,,,0,0,0,0
xaomi,70,FEMALE,,중년_자녀동거,19,6.7,8.9,6.7,6.4,3.3,8,,3.9,,,0,0,0,0
xaomi,70,FEMALE,,키즈맘_미취학,1,,,,,,,,,,,0,0,0,0
xaomi,70,FEMALE,강원,,8,,8.7,,,,,,,,,0,0,0,0
xaomi,70,FEMALE,강원,중년_자녀동거,2,10,,10,7.9,1.6,,,1.2,,,0,0,0,0
xaomi,70,FEMALE,강원,시니어,5,10,8.7,10,7.6,0.9,8,8.9,3,,,0,0,0,0
xaomi,70,FEMALE,경기,중년_자녀동거,11,10,9,10,5.3,2.4,8,8.1,3.3,,8.7,0,0,0,0
xaomi,70,FEMALE,경기,시니어,24,8,8.9,8,7.2,2.6,8,,3.2,,,0,0,0,0
xaomi,70,FEMALE,경기,,49,10,8.7,10,7.6,2.6,,8,3.9,8.4,8.6,0,0,0,0
xaomi,70,FEMALE,경기,키즈맘_미취학,1,,8.9,,6.2,8.9,8,0,2.7,,8.6,0,0,0,0
xaomi,70,FEMALE,경기,키즈맘_중학생,3,,8.9,,8.7,5.9,,,0.7,,,0,0,0,0
xaomi,70,FEMALE,경남,,9,,8.7,,,0.5,,,2.1,,,0,0,0,0
xaomi,70,FEMALE,경남,시니어,6,,9.1,,9.8,3.2,8,,2.5,,,0,0,0,0
xaomi,70,FEMALE,경북,키즈맘_초등생,1,,8.7,,8,4.4,,0.3,1.7,,,0,0,0,0
xaomi,70,FEMALE,경북,,6,10,,10,8,,,,,,,0,0,0,0
xaomi,70,FEMALE,경북,시니어,4,5,9.1,5,8.2,2.9,,0.1,2.7,8.2,,0,0,0,0
xaomi,70,FEMALE,경북,중년_자녀동거,1,,,,,1.6,,,3.1,,,0,0,0,0
xaomi,70,FEMALE,광주,키즈맘_중학생,1,,8.7,,8,9.3,,,1.6,,,0,0,0,0
xaomi,70,FEMALE,광주,시니어,3,,,,8.8,1.4,,,0.7,,,0,0,0,0
xaomi,70,FEMALE,광주,,5,10,,10,9.6,0.5,,,,,,0,0,0,0
xaomi,70,FEMALE,대구,중년_자녀동거,2,10,,10,9.8,3.5,,,8.5,,,0,0,0,0
xaomi,70,FEMALE,대구,,9,,,,,,,,,,,,,,
xaomi,70,FEMALE,대구,시니어,7,,,,6.6,0.7,8,,2.2,,,0,0,0,0
xaomi,70,FEMALE,대전,중년_자녀동거,2,10,,10,9.8,9.4,,,9.3,8.2,,0,0,0,0
xaomi,70,FEMALE,대전,시니어,3,,,,8,0.6,8,,0.7,,,0,0,0,0
xaomi,70,FEMALE,대전,,5,,,,,,,,,,,,,,
xaomi,70,FEMALE,부산,,31,,,,7.9,0.7,,,1.6,8.2,,0,0,0,0
xaomi,70,FEMALE,부산,중년_자녀동거,7,0,,0,4,1.6,,,1.5,4.7,,0,0,0,0
xaomi,70,FEMALE,부산,시니어,13,10,,10,3.6,0.8,,,1.7,,,0,0,0,0
xaomi,70,FEMALE,부산,키즈맘_중학생,2,,,,5.6,1.1,,,,,,0,0,0,0
xaomi,70,FEMALE,부산,키즈맘_초등생,1,,,,,0.8,,,8.1,,,0,0,0,0
xaomi,70,FEMALE,서울,키즈맘_미취학,1,,9.2,,7.6,0.6,,,1.1,,,0,0,0,0
xaomi,70,FEMALE,서울,중년_자녀동거,13,,9.2,,8.9,2.1,,,3.2,8.3,,0,0,0,0
xaomi,70,FEMALE,서울,,48,6.7,8.9,6.7,5.2,3.4,8,0.4,3,,,0,0,0,0
xaomi,70,FEMALE,서울,키즈맘_중학생,2,,,,8.9,,,,,,,0,0,0,0
xaomi,70,FEMALE,서울,시니어,22,4.8,9,4.8,8.1,2.7,8,5.4,1.9,4.7,,0,0,0,0
xaomi,70,FEMALE,서울,키즈맘_초등생,1,,8.8,,0,9.7,,,9.8,,,0,0,0,0
xaomi,70,FEMALE,세종,시니어,2,,,,4,0.9,,,2.5,,,0,0,0,0
xaomi,70,FEMALE,세종,,3,,,,,,,,,,,,,,
xaomi,70,FEMALE,세종,키즈맘_초등생,1,,,,0,,,,0.3,,,0,0,0,0
xaomi,70,FEMALE,울산,,2,,,,,,,,,,,,,,
xaomi,70,FEMALE,울산,중년_자녀동거,1,10,,10,9.2,0.8,,,1.5,,,0,0,0,0
xaomi,70,FEMALE,울산,시니어,1,10,,10,7.9,0.8,,,4.9,,,0,0,0,0
xaomi,70,FEMALE,인천,중년_자녀동거,6,10,9.2,10,7.8,0.6,,,3.1,,,0,0,0,0
xaomi,70,FEMALE,인천,키즈맘_초등생,1,,,,,0.8,,,2.4,,,0,0,0,0
xaomi,70,FEMALE,인천,,19,10,9.2,10,7.8,3.2,,,1.7,4.3,,0,0,0,0
xaomi,70,FEMALE,인천,시니어,8,10,8.7,10,7.1,2.9,,,5,8.7,,0,0,0,0
xaomi,70,FEMALE,전남,시니어,3,,,,8,0.6,,,2.7,,,0,0,0,0
xaomi,70,FEMALE,전남,,5,10,9,10,9.7,3.1,,,1.6,,,0,0,0,0
xaomi,70,FEMALE,전남,중년_자녀동거,1,0,,0,8,,,,,,,0,0,0,0
xaomi,70,FEMALE,전북,시니어,7,,9.1,,8.4,2.8,,8,2.8,3.7,,0,0,0,0
xaomi,70,FEMALE,전북,중년_자녀동거,3,10,,10,8.9,1.6,,,0,,,0,0,0,0
xaomi,70,FEMALE,전북,키즈맘_중학생,1,,,,,6.7,,,2.8,,,0,0,0,0
xaomi,70,FEMALE,전북,,12,8.7,9.3,8.7,8.4,5.1,,0,1.5,,,0,0,0,0
xaomi,70,FEMALE,제주,중년_자녀동거,1,,8.8,,9.8,0.8,,0,1.3,,,0,0,0,0
xaomi,70,FEMALE,제주,,1,,,,,,,,,,,,,,
xaomi,70,FEMALE,충남,시니어,1,,,,,0.6,,,,,,0,0,0,0
xaomi,70,FEMALE,충남,키즈맘_중학생,1,,,,,,8,,0.7,,,0,0,0,0
xaomi,70,FEMALE,충남,,4,,,,,,,,,,,0,0,0,0
xaomi,70,FEMALE,충북,,4,,,,,,,,,,,,,,
xaomi,70,FEMALE,충북,키즈맘_중학생,1,,8.8,,,,,,5.2,,,0,0,0,0
xaomi,70,FEMALE,충북,중년_자녀동거,2,,,,,0.7,,,1.1,,,0,0,0,0
xaomi,70,FEMALE,충북,시니어,1,10,,10,7.3,,,,,,,0,0,0,0
xaomi,70,MALE,,중년_자녀동거,29,10,9.1,10,7.6,1.8,6.1,0,2.4,5.5,,0,0,0,0
xaomi,70,MALE,,시니어,101,7.5,9.1,7.5,6.2,1.9,5.4,4,1.6,5.5,,0,0,0,0
xaomi,70,MALE,,,185,7.5,9,7.5,6.3,2.8,,,4.2,8.9,,0,0,0,0
xaomi,70,MALE,,키즈맘_중학생,5,,,,5,0.7,,,2.1,,,0,0,0,0
xaomi,70,MALE,,키즈맘_초등생,9,10,9,10,7.7,1.9,10,,1.6,,,0,0,0,0
xaomi,70,MALE,,키즈맘_미취학,2,,,,,0.8,,,4.1,,,0,0,0,0
xaomi,70,MALE,강원,키즈맘_중학생,1,,,,5.5,,6.4,,2,,,0,0,0,0
xaomi,70,MALE,강원,키즈맘_미취학,1,,8.7,,0,0.4,,,1.6,,,0,0,0,0
xaomi,70,MALE,강원,시니어,2,,9.2,,9.8,0.5,,,1.1,,,0,0,0,0
xaomi,70,MALE,강원,,6,,,,,0.8,,,1.8,,,0,0,0,0
xaomi,70,MALE,강원,중년_자녀동거,1,,,,6,,,,,,,0,0,0,0
xaomi,70,MALE,경기,키즈맘_미취학,3,,9.1,,7.8,,,0,2.2,,,0,0,0,0
xaomi,70,MALE,경기,,118,7.5,9,7.5,8.2,2.6,6.4,,2.2,7.1,,0,0,0,0
xaomi,70,MALE,경기,키즈맘_중학생,2,,9.1,,6.4,,6.4,,1.2,,,0,0,0,0
xaomi,70,MALE,경기,키즈맘_초등생,5,5,8.9,5,8,1.2,6.4,,0.4,,,0,0,0,0
xaomi,70,MALE,경기,중년_자녀동거,22,6,9.1,6,7.2,2.9,6.4,5.6,2,8.2,,0,0,0,0
xaomi,70,MALE,경기,시니어,62,7.8,9,7.8,6.3,1.6,6.4,0,2.4,8.8,,0,0,0,0
xaomi,70,MALE,경남,중년_자녀동거,4,,8.8,,7.8,1.3,,,1.2,4.3,,0,0,0,0
xaomi,70,MALE,경남,,21,10,8.8,10,8.3,8.8,,,0.2,,,0,0,0,0
xaomi,70,MALE,경남,시니어,12,8.6,9,8.6,6.5,1.9,10,,1.9,,,0,0,0,0
xaomi,70,MALE,경남,키즈맘_중학생,1,,9.1,,7.8,0.6,,,,,,0,0,0,0
xaomi,70,MALE,경북,키즈맘_중학생,1,,,,9.7,7,,,0.6,,,0,0,0,0
xaomi,70,MALE,경북,중년_자녀동거,1,,,,9.3,,,,,,,0,0,0,0
xaomi,70,MALE,경북,,17,,,,,,,,,,,,,,
xaomi,70,MALE,경북,시니어,13,6.7,8.7,6.7,7.1,1,8,,1.8,8.2,,0,0,0,0
xaomi,70,MALE,광주,키즈맘_미취학,1,,,,,,6.4,,2.8,,,0,0,0,0
xaomi,70,MALE,광주,시니어,4,10,8.7,10,7.4,3.8,,,0.8,,,0,0,0,0
xaomi,70,MALE,광주,중년_자녀동거,1,10,8.7,10,8,1,,,0.6,,,0,0,0,0
xaomi,70,MALE,광주,,6,,,,,,,,,,,,,,
xaomi,70,MALE,대구,시니어,10,7.4,,7.4,6.4,1.1,,0.1,1.4,,,0,0,0,0
xaomi,70,MALE,대구,,17,0.1,8.9,0.1,7.8,0.7,0,,1.2,,,0,0,0,0
xaomi,70,MALE,대구,키즈맘_미취학,1,,,,7.9,,,,,,,0,0,0,0
xaomi,70,MALE,대구,중년_자녀동거,3,,,,8.9,1.2,,,,,,0,0,0,0
xaomi,70,MALE,대구,키즈맘_중학생,1,10,,10,6.8,1.3,,,,,,0,0,0,0
xaomi,70,MALE,대전,중년_자녀동거,1,10,,10,8,0.5,,,,,,0,0,0,0
xaomi,70,MALE,대전,,14,,,,,,,,,,,,,,
xaomi,70,MALE,대전,시니어,10,10,8.7,10,5.1,2.3,,0.1,1.6,,,0,0,0,0
xaomi,70,MALE,부산,,37,,,,7.9,1.3,7.2,,3.1,,,0,0,0,0
xaomi,70,MALE,부산,키즈맘_미취학,3,,,,0,0.5,,,0.6,,,0,0,0,0
xaomi,70,MALE,부산,중년_자녀동거,7,6.1,,6.1,8.3,1,,,2.1,,,0,0,0,0
xaomi,70,MALE,부산,키즈맘_초등생,1,,,,9.9,0.6,,,,,,0,0,0,0
xaomi,70,MALE,부산,시니어,18,10,8.7,10,6.9,2.4,,,7.3,9.8,,0,0,0,0
xaomi,70,MALE,서울,키즈맘_초등생,2,,,,7.6,0.7,,,4.3,,,0,0,0,0
xaomi,70,MALE,서울,시니어,62,8.6,8.9,8.6,7,1.8,6.4,5.9,2.9,7,,0,0,0,0
xaomi,70,MALE,서울,키즈맘_미취학,1,10,,10,8,0.8,,,,,,0,0,0,0
xaomi,70,MALE,서울,중년_자녀동거,15,4,9,4,7.3,1.5,6.4,,1.9,,,0,0,0,0
xaomi,70,MALE,서울,키즈맘_중학생,1,,,,0,,,,,,,0,0,0,0
xaomi,70,MALE,서울,,97,9.1,,9.1,4.8,2,,,1.9,,,0,0,0,0
xaomi,70,MALE,세종,중년_자녀동거,1,,,,,,,,,,,0,0,0,0
xaomi,70,MALE,세종,시니어,2,1.4,8.7,1.4,,1.6,,,1,,,0,0,0,0
xaomi,70,MALE,세종,,3,,,,,,,,,,,,,,
xaomi,70,MALE,울산,시니어,3,,9.1,,7.3,0.8,6.4,,0.6,,,0,0,0,0
xaomi,70,MALE,울산,,6,,,,,,,,,,,0,0,0,0
xaomi,70,MALE,울산,중년_자녀동거,2,,,,4,,,,,8.2,,0,0,0,0
xaomi,70,MALE,인천,시니어,24,5,9.2,5,5.9,1.6,6.4,,1.7,0.2,,0,0,0,0
xaomi,70,MALE,인천,키즈맘_미취학,3,,9.4,,5.1,2.3,,,1.4,,,0,0,0,0
xaomi,70,MALE,인천,중년_자녀동거,3,,,,6,0.7,,,1.1,,,0,0,0,0
xaomi,70,MALE,인천,키즈맘_중학생,1,,,,,1.7,,,2,,,0,0,0,0
xaomi,70,MALE,인천,,37,,,,,,,,,,,0,0,0,0
xaomi,70,MALE,인천,키즈맘_초등생,3,,8.7,,7.9,6.8,,,2.9,,,0,0,0,0
xaomi,70,MALE,전남,중년_자녀동거,1,,8.9,,0.2,0.6,,,1.6,4.2,,0,0,0,0
xaomi,70,MALE,전남,,4,10,,10,2,,,,2.5,,,0,0,0,0
xaomi,70,MALE,전남,시니어,1,10,,10,6,,,,0.6,,,0,0,0,0
xaomi,70,MALE,전남,키즈맘_초등생,1,,9.2,,6.4,,,,,,,0,0,0,0
xaomi,70,MALE,전북,,16,,,,,,,,,,,,,,
xaomi,70,MALE,전북,시니어,12,10,8.7,10,6.5,0.6,,,1,,8.7,0,0,0,0
xaomi,70,MALE,전북,중년_자녀동거,2,,,,,0.9,,,2.3,,,0,0,0,0
xaomi,70,MALE,전북,키즈맘_초등생,1,10,,10,2,0.8,,,0.7,,,0,0,0,0
xaomi,70,MALE,제주,키즈맘_초등생,1,,,,5.4,0.6,,,1.8,,,0,0,0,0
xaomi,70,MALE,제주,중년_자녀동거,1,0,,0,,1.2,,,,,,0,0,0,0
xaomi,70,MALE,제주,시니어,2,,9.2,,8.9,1.2,,,2.4,,,0,0,0,0
xaomi,70,MALE,제주,,5,,,,,,,,,,,,,,
xaomi,70,MALE,충남,시니어,5,,9.2,,2.6,0.9,6.4,,1.3,,,0,0,0,0
xaomi,70,MALE,충남,중년_자녀동거,1,,,,9.9,,,,,,,0,0,0,0
xaomi,70,MALE,충남,키즈맘_초등생,2,10,8.8,10,8,9.4,,,8.7,,,0,0,0,0
xaomi,70,MALE,충남,,11,,,,8,,,,,,,0,0,0,0
xaomi,70,MALE,충북,중년_자녀동거,2,,,,6.3,0.8,,,0.1,,,0,0,0,0
xaomi,70,MALE,충북,,13,,,,,,,,,,,,,,
xaomi,70,MALE,충북,시니어,10,10,8.9,10,6.2,2.8,7.7,,3.7,,,0,0,0,0
xaomi,80,FEMALE,,,20,,8.7,,8,0.5,,8,,,,0,0,0,0
xaomi,80,FEMALE,,키즈맘_초등생,2,0,9.2,0,9.9,4.6,,,0.5,,,0,0,0,0
xaomi,80,FEMALE,,키즈맘_미취학,2,,8.7,,7.9,0.5,,,0.8,8.2,,0,0,0,0
xaomi,80,FEMALE,,중년_자녀동거,4,0,9.1,0,7.3,1.7,,,2.1,,,0,0,0,0
xaomi,80,FEMALE,,시니어,9,8,,8,5.3,0.8,,,3.2,5.9,,0,0,0,0
xaomi,80,FEMALE,강원,,1,,,,,1.6,,,,,,0,0,0,0
xaomi,80,FEMALE,경기,,8,0,8.7,0,8,0.8,,,2.1,,,0,0,0,0
xaomi,80,FEMALE,경기,중년_자녀동거,3,10,9.4,10,8.9,4.2,10,4.5,2.9,,,0,0,0,0
xaomi,80,FEMALE,경기,키즈맘_중학생,1,0,,0,,,,,,,,0,0,0,0
xaomi,80,FEMALE,경기,시니어,2,0,,0,,6.4,,,2.3,,,0,0,0,0
xaomi,80,FEMALE,경남,,2,,,,,,,,,,,,,,
xaomi,80,FEMALE,경남,중년_자녀동거,1,,,,,,,,,,,0,0,0,0
xaomi,80,FEMALE,경북,시니어,2,5,8.7,5,6.1,8.6,,0,8.9,,,0,0,0,0
xaomi,80,FEMALE,경북,키즈맘_초등생,1,,9.1,,8.9,9,,0.1,9.1,0.3,,0,0,0,0
xaomi,80,FEMALE,경북,,4,,,,,,,,,,,,,,
xaomi,80,FEMALE,광주,시니어,1,,,,,0.7,,,0.9,,,0,0,0,0
xaomi,80,FEMALE,광주,,2,,,,,,,,,,,,,,
xaomi,80,FEMALE,대구,,2,,,,,,,,,,,,,,
xaomi,80,FEMALE,대구,시니어,1,,,,2.4,,,,,,,0,0,0,0
xaomi,80,FEMALE,대전,시니어,2,,,,1.8,,,,,,,0,0,0,0
xaomi,80,FEMALE,대전,,3,,,,,,,,,,,,,,
xaomi,80,FEMALE,부산,중년_자녀동거,3,,9.1,,8.2,2.5,,,5.7,,,0,0,0,0
xaomi,80,FEMALE,부산,,7,,,,,,,,,,,,,,
xaomi,80,FEMALE,부산,시니어,2,10,8.7,10,8.9,4.5,,,1,,,0,0,0,0
xaomi,80,FEMALE,서울,,12,,,,0,0.7,,,2.5,,,0,0,0,0
xaomi,80,FEMALE,서울,중년_자녀동거,3,10,,10,0,0.8,,,2.4,,,0,0,0,0
xaomi,80,FEMALE,서울,시니어,6,5.2,9.1,5.2,6.6,1.1,,0,1.4,,,0,0,0,0
xaomi,80,FEMALE,세종,,1,,,,,,,,,,,,,,
xaomi,80,FEMALE,세종,중년_자녀동거,1,,,,,,,,,,,0,0,0,0
xaomi,80,FEMALE,울산,시니어,1,,,,,,,,,,,0,0,0,0
xaomi,80,FEMALE,울산,,1,,,,,,,,,,,,,,
xaomi,80,FEMALE,인천,시니어,2,,9.8,,9.8,9,,9.4,,,,0,0,0,0
xaomi,80,FEMALE,인천,,3,,,,,,,,,,,,,,
xaomi,80,FEMALE,인천,중년_자녀동거,1,,,,,1.3,8,,8.3,,,0,0,0,0
xaomi,80,FEMALE,전남,,2,,,,,,,,,,,,,,
xaomi,80,FEMALE,전남,시니어,1,,,,,,,,,,,0,0,0,0
xaomi,80,FEMALE,전북,,1,,,,,,,,,,,,,,
xaomi,80,FEMALE,전북,중년_자녀동거,1,,,,8,7.8,,,1.1,,,0,0,0,0
xaomi,80,FEMALE,충남,,1,,,,,,,,,,,,,,
xaomi,80,FEMALE,충북,중년_자녀동거,1,,,,,,,,,,,0,0,0,0
xaomi,80,FEMALE,충북,,1,,,,,,,,,,,,,,
xaomi,80,MALE,,시니어,15,10,9.2,10,7.2,2.2,10,8,1.9,,,0,0,0,0
xaomi,80,MALE,,중년_자녀동거,5,10,8.7,10,2.7,4.1,,,4.3,,,0,0,0,0
xaomi,80,MALE,,키즈맘_미취학,1,,,,0.1,0.8,,,1.9,,,0,0,0,0
xaomi,80,MALE,,키즈맘_중학생,1,0,,0,7.5,,,,,,,0,0,0,0
xaomi,80,MALE,,,30,7.5,8.8,7.5,6.7,5.8,3.2,4,4.6,8.6,,0,0,0,0
xaomi,80,MALE,강원,중년_자녀동거,1,10,,10,0,9,,,,,,0,0,0,0
xaomi,80,MALE,강원,,2,,,,6.4,,,,,,,0,0,0,0
xaomi,80,MALE,경기,,23,,,,,,,,,,,0,0,0,0
xaomi,80,MALE,경기,키즈맘_미취학,1,,,,,0.6,,,0.8,,,0,0,0,0
xaomi,80,MALE,경기,키즈맘_중학생,1,10,9,10,9.5,9.2,6.4,8,1.3,,,0,0,0,0
xaomi,80,MALE,경기,시니어,12,8.3,9.1,8.3,5.8,1,,,3.1,,,0,0,0,0
xaomi,80,MALE,경기,키즈맘_초등생,1,,,,,,,,,,,0,0,0,0
xaomi,80,MALE,경기,중년_자녀동거,6,10,,10,5.3,1.3,6.4,,1.2,,,0,0,0,0
xaomi,80,MALE,경남,시니어,3,,,,0,0.8,,,1.2,,,0,0,0,0
xaomi,80,MALE,경남,,4,,,,,,,,,,,,,,
xaomi,80,MALE,경북,시니어,3,,,,7.9,0.6,,,,,,0,0,0,0
xaomi,80,MALE,경북,,3,,,,,,,,,,,,,,
xaomi,80,MALE,대구,시니어,6,,8.7,,8,1.3,,,4.7,,,0,0,0,0
xaomi,80,MALE,대구,,6,,,,,,,,,,,,,,
xaomi,80,MALE,대전,시니어,1,,8.7,,,0.9,,,3,,,0,0,0,0
xaomi,80,MALE,대전,,1,,,,,,,,,,,,,,
xaomi,80,MALE,부산,시니어,8,3.3,9.4,3.3,6,1.1,6.4,8,1.7,,,0,0,0,0
xaomi,80,MALE,부산,,8,,,,,,,,,,,,,,
xaomi,80,MALE,서울,시니어,22,5,8.9,5,7.7,1.1,3.8,,1,,,0,0,0,0
xaomi,80,MALE,서울,키즈맘_초등생,2,5,8.7,5,8,5.1,,,,,,0,0,0,0
xaomi,80,MALE,서울,중년_자녀동거,2,10,8.7,10,4.3,2.4,,,0.4,,,0,0,0,0
xaomi,80,MALE,서울,,27,,,,,,,,,,,,,,
xaomi,80,MALE,울산,시니어,1,10,,10,8,0.7,,,,,,0,0,0,0
xaomi,80,MALE,울산,,1,,,,,,,,,,,,,,
xaomi,80,MALE,인천,,7,,,,,,,,,,,,,,
xaomi,80,MALE,인천,중년_자녀동거,2,,,,,,,,,,,0,0,0,0
xaomi,80,MALE,인천,시니어,3,,,,8,2,,,0.2,,,0,0,0,0
xaomi,80,MALE,전남,,3,,8.9,,9.5,9.7,,,10,,,0,0,0,0
xaomi,80,MALE,전남,시니어,2,10,,10,4.1,0.7,,,,,,0,0,0,0
xaomi,80,MALE,전북,,3,,,,,,,,,,,,,,
xaomi,80,MALE,전북,중년_자녀동거,1,,9.2,,9.8,0.6,6.4,,,,,0,0,0,0
xaomi,80,MALE,전북,키즈맘_초등생,1,,,,0,0.9,,,1.9,,,0,0,0,0
xaomi,80,MALE,전북,시니어,1,,,,,,,,,,,0,0,0,0
xaomi,80,MALE,충남,시니어,3,10,,10,8.8,2.3,,,,,,0,0,0,0
xaomi,80,MALE,충남,,5,,,,,,,,,,,,,,
xaomi,80,MALE,충남,중년_자녀동거,2,,8.9,,9.1,8.7,,,9.8,,,0,0,0,0
xaomi,80,MALE,충북,키즈맘_미취학,1,,9.1,,7.6,,,,,,,0,0,0,0
xaomi,80,MALE,충북,시니어,1,,,,7,2.3,,,0.6,,,0,0,0,0
xaomi,80,MALE,충북,,2,,,,,,,,,,,,,,
xaomi,90,FEMALE,,,3,,,,,0.5,,,,,,0,0,0,0
xaomi,90,FEMALE,,시니어,2,10,8.7,10,8.8,1.1,,,3.1,,,0,0,0,0
xaomi,90,FEMALE,경기,키즈맘_미취학,1,2.1,,2.1,9.2,,,,,8.2,,0,0,0,0
xaomi,90,FEMALE,경기,,2,,,,7.6,1.1,,,,,,0,0,0,0
xaomi,90,FEMALE,광주,시니어,1,,8.7,,,,,,,,,0,0,0,0
xaomi,90,FEMALE,광주,,1,,,,,,,,,,,,,,
xaomi,90,FEMALE,대구,,1,,,,,,,,,,,,,,
xaomi,90,FEMALE,대구,키즈맘_초등생,1,,,,8,0.5,,,,,,0,0,0,0
xaomi,90,FEMALE,서울,중년_자녀동거,2,,,,9.7,,,,,,,0,0,0,0
xaomi,90,FEMALE,서울,,3,,,,,,,,,,,,,,
xaomi,90,FEMALE,울산,중년_자녀동거,1,,,,,,,,,,,0,0,0,0
xaomi,90,FEMALE,울산,,1,,,,,,,,,,,,,,
xaomi,90,FEMALE,인천,시니어,2,10,,10,8.6,6.5,,0.1,8.9,,,0,0,0,0
xaomi,90,FEMALE,인천,중년_자녀동거,1,10,,10,8.5,10,,8,9.9,,,0,0,0,0
xaomi,90,FEMALE,인천,,2,,,,,,,,,,,,,,
xaomi,90,FEMALE,충남,시니어,1,,,,,,,,,,,0,0,0,0
xaomi,90,FEMALE,충남,,1,,,,,,,,,,,,,,
xaomi,90,MALE,,,4,,,,,,,,,,,,,,
xaomi,90,MALE,,시니어,3,,,,8.6,,,,,,,0,0,0,0
xaomi,90,MALE,,중년_자녀동거,1,10,,10,8,2.5,,,8.8,,,0,0,0,0
xaomi,90,MALE,경기,시니어,2,0,9.1,0,6.2,1,,,0.6,,,0,0,0,0
xaomi,90,MALE,경기,,2,,,,,,,,,,,,,,
xaomi,90,MALE,경남,중년_자녀동거,1,,,,8,,,,,,,0,0,0,0
xaomi,90,MALE,경남,,2,,,,,,,,,,,,,,
xaomi,90,MALE,경남,시니어,1,,8.8,,8,0.8,,,1.4,,,0,0,0,0
xaomi,90,MALE,부산,,2,,,,,,,,,,,,,,
xaomi,90,MALE,부산,중년_자녀동거,1,10,,10,8.9,8,6.4,,,,,0,0,0,0
xaomi,90,MALE,부산,시니어,1,,,,,,,,,,,0,0,0,0